mufa,pufa,fat,vitamin_a,zinc,id,edible_part,carotene,vitamin_c,magnesium,selenium,iodine,thiamin,fatty_acids_total,potassium,dietary_fiber,alias_name,energy,niacin,calcium,cate_id,protein,riboflavin,sodium,copper,water,carbohydrate,vitamin_e,phosphorus,iron,food_name,english_name,cholesterol,ash,retinol,manganese,sfa
"""24.1%""","""44.8%""","""2g""","""0μg""","""2mg""","""259""","""100%""","""1μg""","""0mg""","""50mg""","""5.40μg""","""""","""0.28mg""","""99.2%""","""190mg""","""2g""","""""","""1497kJ""","""2.00mg""","""31mg""","""30""","""11.2g""","""0.08mg""","""3.1mg""","""0.42mg""","""12.7g""","""73.6g""","""2mg""","""188mg""","""4mg""","""小麦粉(标准粉)""","""""","""0mg""","""1.0g""","""13μg""","""2mg""","""30.3%"""
"""24.1%""","""44.8%""","""1.1g""","""0μg""","""1mg""","""260""","""100%""","""1μg""","""0mg""","""32mg""","""7μg""","""""","""0.17mg""","""99.2%""","""128mg""","""1g""","""""","""1494kJ""","""2.00mg""","""27mg""","""30""","""10.3g""","""0.06mg""","""3mg""","""0.26mg""","""12.7g""","""75.2g""","""1mg""","""114mg""","""3mg""","""小麦粉(富强粉，特一粉)""","""""","""0mg""","""0.7g""","""13μg""","""1mg""","""30.3%"""
"""—""","""—""","""1g""","""0μg""","""1mg""","""261""","""100%""","""1μg""","""0mg""","""49mg""","""12μg""","""""","""0.19mg""","""—""","""129mg""","""1g""","""""","""1483kJ""","""2.50mg""","""17mg""","""30""","""10.3g""","""0.04mg""","""184.5mg""","""0.39mg""","""12.3g""","""75.6g""","""1mg""","""134mg""","""3.0mg""","""挂面(均值)""","""""","""0mg""","""1.2g""","""12μg""","""1mg""","""—"""
"""24.1%""","""44.8%""","""1g""","""0μg""","""1.22mg""","""262""","""100%""","""1μg""","""0mg""","""51mg""","""10μg""","""""","""0.19mg""","""99.2%""","""157mg""","""2g""","""""","""1490kJ""","""2.50mg""","""14mg""","""30""","""10.1g""","""0.04mg""","""150.0mg""","""0.44mg""","""12.4g""","""76.0g""","""1mg""","""153mg""","""4mg""","""挂面(标准粉)""","""""","""0mg""","""0.8g""","""12μg""","""1.28mg""","""30.3%"""
"""24.1%""","""44.8%""","""1g""","""0μg""","""1mg""","""263""","""100%""","""1μg""","""0mg""","""48mg""","""11.10μg""","""""","""0.20mg""","""99.2%""","""122mg""","""0g""","""""","""1477kJ""","""2.40mg""","""21mg""","""30""","""10g""","""0.04mg""","""111mg""","""0.40mg""","""12.7g""","""76.0g""","""1mg""","""112mg""","""3.2mg""","""挂面(富强粉)""","""""","""0mg""","""1.1g""","""13μg""","""1mg""","""30.3%"""
"""—""","""—""","""1g""","""0μg""","""1.43mg""","""264""","""100%""","""1μg""","""0mg""","""39mg""","""12μg""","""""","""0.22mg""","""—""","""135mg""","""1g""","""""","""1219kJ""","""1.40mg""","""11mg""","""30""","""8.3g""","""0.07mg""","""28.0mg""","""0.17mg""","""28.5g""","""61.9g""","""1mg""","""162mg""","""4mg""","""面条(均值)""","""""","""0mg""","""0.6g""","""28μg""","""1mg""","""—"""
"""—""","""—""","""2g""","""0μg""","""1.07mg""","""265""","""100%""","""1μg""","""0mg""","""61mg""","""0.40μg""","""""","""0.35mg""","""—""","""161mg""","""2g""","""""","""1215kJ""","""3.10mg""","""13mg""","""30""","""8.5g""","""0.10mg""","""3.4mg""","""0.20mg""","""29.7g""","""59.5g""","""0mg""","""142mg""","""3mg""","""面条(标准粉，切面)""","""""","""0mg""","""0.7g""","""30μg""","""1.35mg""","""—"""
"""—""","""—""","""1.1g""","""0μg""","""1mg""","""266""","""100%""","""0μg""","""0mg""","""29mg""","""17.30μg""","""""","""0.18mg""","""—""","""102mg""","""0g""","""""","""1217kJ""","""2.20mg""","""24mg""","""30""","""9.3g""","""0.04mg""","""2mg""","""0.14mg""","""29.2g""","""60g""","""0mg""","""92mg""","""2.0mg""","""面条(富强粉，切面)""","""""","""0mg""","""0.5g""","""29μg""","""1mg""","""—"""
"""—""","""—""","""0.1g""","""0μg""","""2mg""","""267""","""100%""","""1μg""","""0mg""","""42mg""","""8μg""","""""","""0.28mg""","""—""","""100mg""","""0g""","""""","""1512kJ""","""3mg""","""8mg""","""30""","""11.0g""","""0.05mg""","""61mg""","""0.22mg""","""10.5g""","""78g""","""0mg""","""142mg""","""10mg""","""面条(干切面)""","""""","""0mg""","""0.7g""","""10μg""","""1mg""","""—"""
"""—""","""—""","""0.1g""","""0μg""","""2mg""","""268""","""100%""","""0μg""","""0mg""","""58mg""","""6μg""","""""","""0.12mg""","""—""","""209mg""","""0g""","""""","""1495kJ""","""1.00mg""","""14mg""","""30""","""12g""","""0.03mg""","""35.0mg""","""0.16mg""","""11.8g""","""75.8g""","""0mg""","""97mg""","""3mg""","""通心面[通心粉]""","""""","""0mg""","""0.4g""","""12μg""","""1mg""","""—"""
"""—""","""—""","""1.0g""","""0μg""","""0mg""","""269""","""100%""","""1μg""","""0mg""","""12mg""","""6.20μg""","""""","""0mg""","""—""","""83mg""","""2g""","""""","""921kJ""","""1.10mg""","""19mg""","""30""","""6.4g""","""0.02mg""","""95.0mg""","""0.09mg""","""45.7g""","""45.6g""","""0mg""","""72mg""","""0.4mg""","""花卷""","""""","""0mg""","""1.3g""","""46μg""","""0mg""","""—"""
"""—""","""—""","""0.2g""","""0μg""","""2mg""","""270""","""100%""","""1μg""","""0mg""","""30mg""","""24.20μg""","""""","""0.14mg""","""—""","""138mg""","""1g""","""""","""1189kJ""","""0.00mg""","""2mg""","""30""","""9g""","""0mg""","""243.2mg""","""0.13mg""","""29.4g""","""60.9g""","""0mg""","""133mg""","""6mg""","""空锅饼""","""""","""0mg""","""0.9g""","""29μg""","""1mg""","""—"""
"""—""","""—""","""2.3g""","""0μg""","""1mg""","""271""","""100%""","""1μg""","""0mg""","""51mg""","""8μg""","""""","""0.02mg""","""—""","""141mg""","""2g""","""""","""1112kJ""","""0mg""","""20mg""","""30""","""8g""","""0.04mg""","""149.3mg""","""0.15mg""","""36.4g""","""52.9g""","""1mg""","""146mg""","""2.4mg""","""烙饼(标准粉)""","""""","""0mg""","""0.9g""","""36μg""","""1.15mg""","""—"""
"""—""","""—""","""1.1g""","""0μg""","""1mg""","""272""","""100%""","""1μg""","""0mg""","""30mg""","""8.40μg""","""""","""0.04mg""","""—""","""138mg""","""1g""","""""","""959kJ""","""0mg""","""38mg""","""30""","""7.0g""","""0.05mg""","""165.1mg""","""0.10mg""","""43.9g""","""47.0g""","""1mg""","""107mg""","""2mg""","""馒头(均值)""","""""","""0mg""","""1.0g""","""44μg""","""1mg""","""—"""
"""—""","""—""","""1.0g""","""0μg""","""1.01mg""","""273""","""100%""","""1μg""","""0mg""","""39mg""","""10μg""","""""","""0.05mg""","""—""","""129mg""","""2g""","""""","""1016kJ""","""0mg""","""18mg""","""30""","""8g""","""0.07mg""","""165.2mg""","""0.14mg""","""40.5g""","""49.8g""","""1mg""","""136mg""","""2mg""","""馒头(标准粉)""","""""","""0mg""","""0.9g""","""40μg""","""1.27mg""","""—"""
"""—""","""—""","""1.2g""","""0μg""","""0.40mg""","""274""","""100%""","""1μg""","""0mg""","""20mg""","""7.20μg""","""""","""0.02mg""","""—""","""146mg""","""1g""","""""","""901kJ""","""0mg""","""58mg""","""30""","""6.2g""","""0.02mg""","""165.0mg""","""0.05mg""","""47.3g""","""44.2g""","""0mg""","""78mg""","""2mg""","""馒头(富强粉)""","""""","""0mg""","""1.1g""","""47μg""","""0.29mg""","""—"""
"""—""","""—""","""2.1g""","""0μg""","""0.36mg""","""275""","""100%""","""1μg""","""0mg""","""26mg""","""12.20μg""","""""","""0mg""","""—""","""122mg""","""2g""","""""","""1280kJ""","""1.10mg""","""51mg""","""30""","""8.0g""","""0.01mg""","""62.5mg""","""0.15mg""","""25.9g""","""62.7g""","""0mg""","""105mg""","""2mg""","""烧饼(加糖)""","""""","""0mg""","""1.3g""","""26μg""","""0mg""","""—"""
"""—""","""—""","""23g""","""0μg""","""1mg""","""276""","""100%""","""2μg""","""0mg""","""13mg""","""11μg""","""""","""0.11mg""","""—""","""106mg""","""2g""","""""","""1702kJ""","""0mg""","""46mg""","""30""","""8g""","""0.05mg""","""572.5mg""","""0.27mg""","""24.8g""","""42.4g""","""14mg""","""124mg""","""2.3mg""","""油饼""","""""","""0mg""","""2.0g""","""25μg""","""1mg""","""—"""
"""63.8%""","""19.0%""","""18g""","""0μg""","""1mg""","""277""","""100%""","""3μg""","""0mg""","""19mg""","""9μg""","""""","""0.01mg""","""88.4%""","""227mg""","""1g""","""""","""1636kJ""","""1mg""","""6mg""","""30""","""7g""","""0.07mg""","""585.2mg""","""0.19mg""","""21.8g""","""51.0g""","""3mg""","""77mg""","""1.0mg""","""油条""","""""","""0mg""","""2.7g""","""22μg""","""1mg""","""4.1%"""
"""—""","""—""","""0.1g""","""0μg""","""2mg""","""278""","""100%""","""1μg""","""0mg""","""26mg""","""1.00μg""","""""","""0.10mg""","""—""","""69mg""","""1g""","""""","""612kJ""","""1.10mg""","""76mg""","""30""","""24g""","""0.07mg""","""15.0mg""","""0.19mg""","""63.5g""","""12.3g""","""1mg""","""133mg""","""4.2mg""","""水面筋""","""""","""0mg""","""0.6g""","""64μg""","""1mg""","""—"""
"""18.3%""","""54.0%""","""25.1g""","""0μg""","""2.29mg""","""279""","""100%""","""0μg""","""0mg""","""40mg""","""23μg""","""""","""0.03mg""","""100.0%""","""45mg""","""1g""","""""","""2073kJ""","""2.20mg""","""29mg""","""30""","""27g""","""0.05mg""","""30mg""","""0.50mg""","""7.1g""","""40.4g""","""7mg""","""98mg""","""2.5mg""","""油面筋""","""""","""0mg""","""0.5g""","""7μg""","""1.28mg""","""27.7%"""
"""—""","""—""","""1g""","""0μg""","""2mg""","""280""","""100%""","""1μg""","""0mg""","""34mg""","""2.20μg""","""""","""0.11mg""","""—""","""103mg""","""1g""","""""","""1480kJ""","""2mg""","""13mg""","""31""","""7.4g""","""0.05mg""","""4mg""","""0.30mg""","""13.3g""","""77.9g""","""0mg""","""110mg""","""2.3mg""","""稻米(均值)""","""""","""0mg""","""0.6g""","""13μg""","""1.29mg""","""—"""
"""—""","""—""","""1g""","""0μg""","""1.45mg""","""281""","""100%""","""1μg""","""0mg""","""34mg""","""2.50μg""","""""","""0.16mg""","""—""","""97mg""","""1g""","""""","""1469kJ""","""1.30mg""","""11mg""","""31""","""8g""","""0.08mg""","""2.4mg""","""0.19mg""","""13.7g""","""77.4g""","""1mg""","""121mg""","""1.1mg""","""粳米(标一)""","""""","""0mg""","""0.6g""","""14μg""","""1.36mg""","""—"""
"""39.4%""","""33.1%""","""1g""","""0μg""","""1.47mg""","""282""","""100%""","""1μg""","""0mg""","""28mg""","""2.00μg""","""""","""0.09mg""","""98.7%""","""109mg""","""1g""","""""","""1488kJ""","""1.40mg""","""12mg""","""31""","""8g""","""0.04mg""","""2mg""","""0.29mg""","""12.6g""","""78.3g""","""1mg""","""112mg""","""2mg""","""籼米(标准)[机米]""","""""","""0mg""","""0.6g""","""13μg""","""1.27mg""","""26.2%"""
"""—""","""—""","""1g""","""0μg""","""1mg""","""283""","""100%""","""1μg""","""0mg""","""12mg""","""5μg""","""""","""0mg""","""—""","""49mg""","""1g""","""""","""1480kJ""","""3mg""","""8mg""","""31""","""13g""","""0.08mg""","""22mg""","""1mg""","""12.9g""","""72.4g""","""1mg""","""106mg""","""5.1mg""","""香大米""","""""","""0mg""","""1.1g""","""13μg""","""2mg""","""—"""
"""22.6%""","""39.6%""","""1.1g""","""0.0μg""","""0.15mg""","""284""","""100%""","""0.0μg""","""0.0mg""","""28mg""","""2.80μg""","""Tr""","""0.07mg""","""98.4%""","""109mg""","""5.90g""","""""","""1441kJ""","""0.94mg""","""12mg""","""31""","""7.5g""","""0.02mg""","""1.7mg""","""0.01mg""","""13.1g""","""78.0g""","""0.00mg""","""112mg""","""0.1mg""","""籼米""","""""","""—""","""0.3g""","""""","""0.02mg""","""36.2%"""
"""—""","""—""","""1.0g""","""0μg""","""2mg""","""285""","""100%""","""1μg""","""0mg""","""49mg""","""3μg""","""""","""0.11mg""","""—""","""137mg""","""1g""","""""","""1492kJ""","""2.30mg""","""26mg""","""31""","""7.3g""","""0.04mg""","""2mg""","""0.25mg""","""12.6g""","""78.3g""","""1mg""","""113mg""","""1.4mg""","""糯米[江米](均值)""","""""","""0mg""","""0.8g""","""13μg""","""2mg""","""—"""
"""—""","""—""","""2g""","""0μg""","""2.16mg""","""286""","""100%""","""1μg""","""0mg""","""16mg""","""3μg""","""""","""0.31mg""","""—""","""219mg""","""1g""","""""","""1481kJ""","""4.20mg""","""13mg""","""31""","""8.3g""","""0.12mg""","""4.0mg""","""0.29mg""","""13.8g""","""75.1g""","""1mg""","""183mg""","""4mg""","""紫红糯米[血糯米]""","""""","""0mg""","""1.1g""","""14μg""","""2.37mg""","""—"""
"""—""","""—""","""0.3g""","""0μg""","""1mg""","""287""","""100%""","""0μg""","""0mg""","""15mg""","""0.40μg""","""""","""0.02mg""","""—""","""30mg""","""0g""","""""","""496kJ""","""2mg""","""7mg""","""31""","""3g""","""0.03mg""","""2.5mg""","""0.06mg""","""70.9g""","""26g""","""0mg""","""62mg""","""1.3mg""","""米饭(蒸)(均值)""","""""","""0mg""","""0.3g""","""71μg""","""1mg""","""—"""
"""—""","""—""","""0.3g""","""0μg""","""0.20mg""","""288""","""100%""","""0μg""","""0mg""","""7mg""","""0.20μg""","""""","""0mg""","""—""","""13mg""","""0g""","""""","""198kJ""","""0.20mg""","""7mg""","""31""","""1.1g""","""0.03mg""","""3mg""","""0.03mg""","""88.6g""","""10g""","""0mg""","""20mg""","""0.1mg""","""粳米粥""","""""","""0mg""","""0.1g""","""89μg""","""0.20mg""","""—"""
"""—""","""—""","""0.1g""","""0μg""","""1mg""","""289""","""100%""","""0μg""","""0mg""","""16mg""","""7.50μg""","""""","""0.02mg""","""—""","""14mg""","""0g""","""""","""1515kJ""","""1mg""","""6mg""","""31""","""7.4g""","""0.02mg""","""16.3mg""","""0.30mg""","""10.7g""","""81.5g""","""0mg""","""62mg""","""3.2mg""","""籼米粉[排米粉]""","""""","""0mg""","""0.3g""","""11μg""","""1mg""","""—"""
"""—""","""—""","""0.1g""","""0μg""","""2.27mg""","""290""","""100%""","""1μg""","""0mg""","""23mg""","""3.40μg""","""""","""0.03mg""","""—""","""43mg""","""0g""","""""","""1471kJ""","""0.20mg""","""0mg""","""31""","""8.0g""","""0mg""","""6mg""","""0.09mg""","""12.3g""","""78.3g""","""0mg""","""53mg""","""1.4mg""","""籼米粉(干，细)""","""""","""0mg""","""1.3g""","""12μg""","""1mg""","""—"""
"""21.7%""","""38.9%""","""0.2g""","""0.0μg""","""0.12mg""","""291""","""100%""","""0.0μg""","""0.0mg""","""7mg""","""0.70μg""","""Tr""","""Tr""","""99.9%""","""13mg""","""0.70g""","""""","""251kJ""","""—""","""7mg""","""31""","""1.3g""","""Tr""","""2.8mg""","""0.01mg""","""85.0g""","""13.4g""","""0.00mg""","""20mg""","""0.1mg""","""籼米粥""","""""","""—""","""0.1g""","""""","""0.01mg""","""39.3%"""
"""—""","""—""","""1.2g""","""0μg""","""1mg""","""292""","""46%""","""1μg""","""16.0mg""","""32mg""","""2μg""","""""","""0.16mg""","""—""","""238mg""","""3g""","""""","""500kJ""","""2mg""","""0mg""","""32""","""4.0g""","""0.11mg""","""1.1mg""","""0.09mg""","""71.3g""","""22.8g""","""0mg""","""117mg""","""1.1mg""","""玉米(鲜)""","""""","""0mg""","""0.7g""","""71μg""","""0.22mg""","""—"""
"""—""","""—""","""4g""","""0μg""","""2mg""","""293""","""100%""","""1μg""","""0mg""","""95mg""","""4.10μg""","""""","""0.27mg""","""—""","""262mg""","""8g""","""""","""1560kJ""","""2.30mg""","""10mg""","""32""","""9g""","""0.07mg""","""2.5mg""","""0.26mg""","""11.7g""","""74.7g""","""8mg""","""244mg""","""2.2mg""","""玉米(白，干)""","""""","""0mg""","""1.0g""","""12μg""","""1mg""","""—"""
"""—""","""—""","""4g""","""17μg""","""2mg""","""294""","""100%""","""100.0μg""","""0mg""","""96mg""","""4μg""","""""","""0.21mg""","""—""","""300mg""","""6g""","""""","""1530kJ""","""2.50mg""","""14mg""","""32""","""9g""","""0.13mg""","""3.3mg""","""0.25mg""","""13.2g""","""73.0g""","""4mg""","""218mg""","""2.4mg""","""玉米(黄，干)""","""""","""0mg""","""1.3g""","""13μg""","""0.48mg""","""—"""
"""28.4%""","""56.3%""","""4.5g""","""0μg""","""1.22mg""","""295""","""100%""","""1μg""","""0mg""","""111mg""","""2μg""","""""","""0.34mg""","""100.0%""","""276mg""","""6g""","""""","""1545kJ""","""3.00mg""","""12mg""","""32""","""8.0g""","""0.06mg""","""0.5mg""","""0.23mg""","""13.4g""","""73.1g""","""7mg""","""187mg""","""1.3mg""","""玉米面(白)""","""""","""0mg""","""1.0g""","""13μg""","""0.40mg""","""15.3%"""
"""—""","""—""","""3.3g""","""7μg""","""1.42mg""","""296""","""100%""","""40.0μg""","""0mg""","""84mg""","""2.50μg""","""""","""0.26mg""","""—""","""249mg""","""6g""","""""","""1538kJ""","""2.30mg""","""22mg""","""32""","""8.1g""","""0.09mg""","""2.3mg""","""0.35mg""","""12.1g""","""75.2g""","""4mg""","""196mg""","""3.2mg""","""玉米面(黄)""","""""","""0mg""","""1.3g""","""12μg""","""0.47mg""","""—"""
"""—""","""—""","""3.0g""","""0μg""","""1.16mg""","""297""","""100%""","""1μg""","""0mg""","""151mg""","""5μg""","""""","""0.10mg""","""—""","""177mg""","""4g""","""""","""1530kJ""","""1.20mg""","""49mg""","""32""","""8g""","""0.08mg""","""2mg""","""0.16mg""","""12.8g""","""75.6g""","""1mg""","""143mg""","""2.4mg""","""玉米糁(黄)""","""""","""0mg""","""0.7g""","""13μg""","""0.22mg""","""—"""
"""—""","""—""","""0.2g""","""7μg""","""0.33mg""","""298""","""100%""","""40.0μg""","""0mg""","""0mg""","""1μg""","""""","""0mg""","""—""","""36mg""","""5g""","""""","""101kJ""","""0mg""","""6mg""","""32""","""1.1g""","""0mg""","""171mg""","""0.02mg""","""93.0g""","""4.4g""","""0mg""","""4mg""","""0.1mg""","""玉米笋(罐头)""","""""","""0mg""","""1.3g""","""93μg""","""0.12mg""","""—"""
"""—""","""—""","""1.4g""","""0μg""","""4.36mg""","""299""","""100%""","""2μg""","""0mg""","""158mg""","""10μg""","""""","""0.43mg""","""—""","""49mg""","""10g""","""""","""1471kJ""","""4mg""","""66mg""","""33""","""10.2g""","""0.14mg""","""0mg""","""1mg""","""13.1g""","""73.3g""","""1mg""","""381mg""","""6.4mg""","""大麦[元麦]""","""""","""0mg""","""2.0g""","""13μg""","""1.23mg""","""—"""
"""—""","""—""","""2g""","""0μg""","""2.38mg""","""300""","""100%""","""3μg""","""0mg""","""65mg""","""5μg""","""""","""0.34mg""","""—""","""644mg""","""2g""","""""","""1468kJ""","""7mg""","""113mg""","""33""","""8.1g""","""0.11mg""","""77.0mg""","""5.13mg""","""12.4g""","""75.0g""","""1mg""","""405mg""","""41mg""","""青稞""","""""","""0mg""","""3.0g""","""12μg""","""2.08mg""","""—"""
"""—""","""—""","""3.1g""","""17μg""","""2mg""","""301""","""100%""","""100.0μg""","""0mg""","""107mg""","""5μg""","""""","""0.33mg""","""—""","""284mg""","""2g""","""""","""1544kJ""","""2mg""","""41mg""","""34""","""9.0g""","""0.10mg""","""4.3mg""","""1mg""","""11.6g""","""75.1g""","""4mg""","""229mg""","""5.1mg""","""小米""","""""","""0mg""","""1.2g""","""12μg""","""1mg""","""—"""
"""14.6%""","""49.8%""","""2.1g""","""0μg""","""1.18mg""","""302""","""100%""","""1μg""","""0mg""","""57mg""","""3μg""","""""","""0.13mg""","""100.0%""","""129mg""","""1g""","""""","""1521kJ""","""2.50mg""","""40mg""","""34""","""7.2g""","""0.08mg""","""6.2mg""","""0.32mg""","""11.8g""","""77.7g""","""0mg""","""159mg""","""6.1mg""","""小米面""","""""","""0mg""","""1.2g""","""12μg""","""1mg""","""35.6%"""
"""—""","""—""","""1g""","""0μg""","""0.41mg""","""303""","""100%""","""0μg""","""0mg""","""22mg""","""0.30μg""","""""","""0.02mg""","""—""","""19mg""","""0g""","""""","""193kJ""","""1mg""","""10mg""","""34""","""1.4g""","""0.07mg""","""4.1mg""","""0.07mg""","""89.3g""","""8.4g""","""0mg""","""32mg""","""1.0mg""","""小米粥""","""""","""0mg""","""0.2g""","""89μg""","""0.16mg""","""—"""
"""—""","""—""","""3g""","""0μg""","""3.05mg""","""304""","""100%""","""1μg""","""0mg""","""116mg""","""2.30μg""","""""","""0.30mg""","""—""","""201mg""","""4g""","""""","""1540kJ""","""1.40mg""","""30mg""","""34""","""14g""","""0.09mg""","""2mg""","""1mg""","""11.3g""","""71.1g""","""2mg""","""244mg""","""6mg""","""大黄米[黍子]""","""""","""0mg""","""1.3g""","""11μg""","""2mg""","""—"""
"""—""","""—""","""2g""","""0μg""","""2.07mg""","""305""","""100%""","""1μg""","""0mg""","""0mg""","""0μg""","""""","""0.09mg""","""—""","""0mg""","""4g""","""""","""1528kJ""","""1.30mg""","""0mg""","""34""","""10g""","""0.13mg""","""3.3mg""","""1mg""","""11.1g""","""76.9g""","""5mg""","""0mg""","""0mg""","""黄米""","""""","""0mg""","""0.8g""","""11μg""","""0.23mg""","""—"""
"""—""","""—""","""3.1g""","""0μg""","""2mg""","""306""","""100%""","""2μg""","""0mg""","""129mg""","""3μg""","""""","""0.29mg""","""—""","""281mg""","""4g""","""""","""1561kJ""","""2mg""","""22mg""","""35""","""10.4g""","""0.10mg""","""6.3mg""","""1mg""","""10.3g""","""74.7g""","""2mg""","""329mg""","""6.3mg""","""高粱米""","""""","""0mg""","""1.5g""","""10μg""","""1.22mg""","""—"""
"""—""","""—""","""1g""","""0μg""","""2.07mg""","""307""","""100%""","""4μg""","""0mg""","""146mg""","""12.00μg""","""""","""0.45mg""","""—""","""148mg""","""6g""","""""","""1479kJ""","""1.20mg""","""99mg""","""35""","""11g""","""0.18mg""","""10mg""","""1mg""","""9.4g""","""75.1g""","""4mg""","""205mg""","""5.0mg""","""糜子(带皮)""","""""","""0mg""","""4.3g""","""9μg""","""1.10mg""","""—"""
"""—""","""—""","""3g""","""0μg""","""2.02mg""","""308""","""100%""","""2μg""","""0mg""","""94mg""","""6μg""","""""","""0.32mg""","""—""","""320mg""","""6g""","""""","""1387kJ""","""2mg""","""39mg""","""35""","""10g""","""0.21mg""","""2.3mg""","""1mg""","""19.3g""","""66.0g""","""2mg""","""244mg""","""4.4mg""","""苦荞麦粉""","""""","""0mg""","""2.3g""","""19μg""","""1.31mg""","""—"""
"""51.6%""","""14.6%""","""2.3g""","""3μg""","""4mg""","""309""","""100%""","""20.0μg""","""0mg""","""258mg""","""2.40μg""","""""","""0.28mg""","""99.4%""","""401mg""","""6.5g""","""""","""1484kJ""","""2.20mg""","""47mg""","""35""","""9.3g""","""0.16mg""","""5mg""","""1mg""","""13.0g""","""73.0g""","""4mg""","""297mg""","""6.2mg""","""荞麦""","""""","""0mg""","""2.4g""","""13μg""","""2.04mg""","""33.2%"""
"""—""","""—""","""7.2g""","""3μg""","""2.21mg""","""310""","""100%""","""20.0μg""","""0mg""","""146mg""","""0.50μg""","""""","""0.39mg""","""—""","""319mg""","""5g""","""""","""1626kJ""","""4mg""","""27mg""","""35""","""12.2g""","""0.04mg""","""2.2mg""","""1mg""","""11.0g""","""67.8g""","""8mg""","""35mg""","""14mg""","""莜麦面""","""""","""0mg""","""1.8g""","""11μg""","""4mg""","""—"""
"""—""","""—""","""3.3g""","""0μg""","""2mg""","""311""","""100%""","""2μg""","""0mg""","""88mg""","""3.10μg""","""""","""0.22mg""","""—""","""238mg""","""2g""","""""","""1548kJ""","""2.00mg""","""42mg""","""35""","""13g""","""0.15mg""","""4mg""","""0.29mg""","""11.2g""","""71.1g""","""2mg""","""217mg""","""4mg""","""薏米[薏仁米，苡米]""","""""","""0mg""","""1.6g""","""11μg""","""1.37mg""","""—"""
"""—""","""—""","""2.4g""","""0μg""","""1.39mg""","""312""","""100%""","""2μg""","""0mg""","""50mg""","""3.10μg""","""""","""0.07mg""","""—""","""163mg""","""5g""","""""","""1530kJ""","""2.40mg""","""42mg""","""35""","""11.3g""","""0.14mg""","""2.3mg""","""0.26mg""","""10.9g""","""73.5g""","""5mg""","""134mg""","""7.4mg""","""薏米面""","""""","""0mg""","""1.9g""","""11μg""","""2mg""","""—"""
"""—""","""—""","""0.2g""","""5μg""","""0.37mg""","""313""","""94%""","""30.0μg""","""27.0mg""","""23mg""","""1μg""","""""","""0.08mg""","""—""","""342mg""","""1g""","""""","""334kJ""","""1.10mg""","""8mg""","""36""","""2.0g""","""0.04mg""","""3mg""","""0.12mg""","""79.8g""","""17.2g""","""0mg""","""40mg""","""1mg""","""马铃薯[土豆，洋芋]""","""""","""0mg""","""0.8g""","""80μg""","""0.14mg""","""—"""
"""—""","""—""","""0.5g""","""20μg""","""1.22mg""","""314""","""100%""","""120.0μg""","""0mg""","""27mg""","""2μg""","""""","""0.08mg""","""—""","""1075mg""","""1g""","""""","""1457kJ""","""5.10mg""","""171mg""","""36""","""7.2g""","""0.06mg""","""5mg""","""1.06mg""","""12.0g""","""77.4g""","""0mg""","""123mg""","""11mg""","""马铃薯粉""","""""","""0mg""","""2.9g""","""12μg""","""0.37mg""","""—"""
"""—""","""—""","""0.2g""","""37μg""","""0.22mg""","""315""","""86%""","""220.0μg""","""24.0mg""","""17mg""","""1μg""","""""","""0.07mg""","""—""","""174mg""","""1g""","""""","""460kJ""","""1mg""","""24mg""","""36""","""1.4g""","""0.04mg""","""58.2mg""","""0.16mg""","""72.6g""","""25.2g""","""0mg""","""46mg""","""1mg""","""甘薯(白心)[红皮山芋]""","""""","""0mg""","""0.6g""","""73μg""","""0.21mg""","""—"""
"""29.3%""","""30.9%""","""0.2g""","""125μg""","""0.15mg""","""316""","""90%""","""750.0μg""","""26.0mg""","""12mg""","""0.50μg""","""""","""0.04mg""","""79.1%""","""130mg""","""2g""","""""","""446kJ""","""1mg""","""23mg""","""36""","""1.1g""","""0.04mg""","""28.5mg""","""0.18mg""","""73.4g""","""24.7g""","""0mg""","""39mg""","""0.5mg""","""甘薯(红心)[山芋，红薯]""","""""","""0mg""","""0.6g""","""73μg""","""0.11mg""","""18.9%"""
"""—""","""—""","""1g""","""25μg""","""0.35mg""","""317""","""100%""","""150.0μg""","""9.0mg""","""102mg""","""3μg""","""""","""0.15mg""","""—""","""353mg""","""2g""","""""","""1478kJ""","""1.10mg""","""112mg""","""36""","""5g""","""0.11mg""","""26.4mg""","""0.50mg""","""12.1g""","""80.5g""","""0mg""","""115mg""","""4mg""","""甘薯片[白薯干]""","""""","""0mg""","""1.9g""","""12μg""","""1.14mg""","""—"""
"""—""","""—""","""0.2g""","""3μg""","""0.29mg""","""318""","""100%""","""20.0μg""","""0mg""","""102mg""","""3μg""","""""","""0.03mg""","""—""","""66mg""","""0g""","""""","""1429kJ""","""0.20mg""","""33mg""","""36""","""3g""","""0.05mg""","""26.4mg""","""0.05mg""","""14.5g""","""81g""","""0mg""","""12mg""","""10.0mg""","""甘薯粉[地瓜粉]""","""""","""0mg""","""1.7g""","""14μg""","""0.33mg""","""—"""
"""—""","""—""","""0.3g""","""0μg""","""0mg""","""319""","""99%""","""1μg""","""35.0mg""","""66mg""","""0μg""","""""","""0.21mg""","""—""","""764mg""","""2g""","""""","""519kJ""","""1.20mg""","""88mg""","""36""","""2.1g""","""0.09mg""","""8.0mg""","""0mg""","""69.0g""","""27.8g""","""0mg""","""50mg""","""2.5mg""","""木薯""","""""","""0mg""","""0.8g""","""69μg""","""0mg""","""—"""
"""—""","""—""","""0.1g""","""0μg""","""0.09mg""","""320""","""100%""","""0μg""","""0mg""","""6mg""","""1μg""","""""","""0.03mg""","""—""","""8mg""","""0g""","""""","""1469kJ""","""1.10mg""","""18mg""","""37""","""1.2g""","""0.04mg""","""6.3mg""","""0.07mg""","""13.5g""","""85.0g""","""0mg""","""25mg""","""4.0mg""","""玉米淀粉""","""""","""0mg""","""0.2g""","""14μg""","""0.05mg""","""—"""
"""—""","""—""","""0g""","""0μg""","""0.18mg""","""321""","""100%""","""0μg""","""0mg""","""14mg""","""0.40μg""","""""","""0.01mg""","""—""","""16mg""","""1g""","""""","""1484kJ""","""0.20mg""","""34mg""","""37""","""2g""","""0mg""","""13.3mg""","""0.06mg""","""12.6g""","""85.8g""","""0mg""","""25mg""","""4mg""","""团粉[芡粉]""","""""","""0mg""","""0.1g""","""13μg""","""0.08mg""","""—"""
"""—""","""—""","""0g""","""0μg""","""0.15mg""","""322""","""100%""","""0μg""","""0mg""","""2mg""","""2.10μg""","""""","""0mg""","""—""","""35mg""","""0g""","""""","""1584kJ""","""0.40mg""","""8mg""","""37""","""0.2g""","""0.01mg""","""11mg""","""0.22mg""","""6.4g""","""93.0g""","""0mg""","""9mg""","""18mg""","""藕粉""","""""","""0mg""","""0.4g""","""6μg""","""0.28mg""","""—"""
"""23.1%""","""28.5%""","""0.1g""","""0μg""","""2.05mg""","""323""","""100%""","""4μg""","""0mg""","""66mg""","""350.20μg""","""""","""0mg""","""99.0%""","""299mg""","""74g""","""""","""1422kJ""","""0.40mg""","""45mg""","""37""","""5g""","""0.10mg""","""50mg""","""0.17mg""","""12.2g""","""78.8g""","""0mg""","""272mg""","""2mg""","""魔芋精粉[鬼芋粉，南星粉]""","""""","""0mg""","""4.3g""","""12μg""","""1mg""","""47.4%"""
"""—""","""—""","""0.2g""","""0μg""","""0.27mg""","""324""","""100%""","""0μg""","""0mg""","""11mg""","""3.40μg""","""""","""0.03mg""","""—""","""18mg""","""1g""","""""","""1444kJ""","""0.40mg""","""31mg""","""37""","""1g""","""0.02mg""","""9.3mg""","""0.05mg""","""15.0g""","""83.7g""","""0mg""","""16mg""","""6.4mg""","""粉丝""","""""","""0mg""","""0.3g""","""15μg""","""0.15mg""","""—"""
"""—""","""—""","""0.1g""","""0μg""","""1mg""","""325""","""100%""","""1μg""","""0mg""","""11mg""","""2.20μg""","""""","""0.01mg""","""—""","""18mg""","""1g""","""""","""1444kJ""","""0.10mg""","""35mg""","""37""","""0.5g""","""0mg""","""10mg""","""0.18mg""","""14.3g""","""84.2g""","""0mg""","""23mg""","""5.2mg""","""粉条""","""""","""0mg""","""0.9g""","""14μg""","""0.16mg""","""—"""
"""23.4%""","""61.1%""","""16.0g""","""37μg""","""3.34mg""","""326""","""100%""","""220.0μg""","""0mg""","""199mg""","""6.20μg""","""""","""0.41mg""","""100.5%""","""1503mg""","""16g""","""""","""1768kJ""","""2.10mg""","""191mg""","""39""","""35.0g""","""0.20mg""","""2.2mg""","""1.35mg""","""10.2g""","""34.2g""","""19mg""","""465mg""","""8.2mg""","""黄豆[大豆]""","""""","""0mg""","""4.6g""","""10μg""","""2.26mg""","""16.0%"""
"""28.0%""","""56.6%""","""15.9g""","""""","""4.18mg""","""327""","""100%""","""30.0μg""","""""","""243mg""","""6.80μg""","""""","""0.20mg""","""100.1%""","""1377mg""","""""","""""","""1772kJ""","""2.00mg""","""224mg""","""39""","""36.0g""","""0.33mg""","""3.0mg""","""1.56mg""","""9.9g""","""33.6g""","""—""","""500mg""","""7.0mg""","""黑豆[黑大豆](干)""","""""","""""","""4.6g""","""""","""2.83mg""","""15.5%"""
"""30.9%""","""50.4%""","""16.0g""","""""","""3.18mg""","""328""","""100%""","""790.0μg""","""""","""128mg""","""5.60μg""","""""","""0.41mg""","""100.2%""","""718mg""","""""","""""","""1780kJ""","""3.00mg""","""200mg""","""39""","""34.5g""","""0.18mg""","""1.8mg""","""1.38mg""","""9.5g""","""35.4g""","""—""","""395mg""","""8.4mg""","""青豆[青大豆](干)""","""""","""""","""4.6g""","""""","""2.25mg""","""18.9%"""
"""21.7%""","""63.5%""","""18.3g""","""63μg""","""4mg""","""329""","""100%""","""380.0μg""","""0mg""","""129mg""","""2.50μg""","""""","""0.31mg""","""101.6%""","""1890mg""","""7g""","""""","""1872kJ""","""2.50mg""","""207mg""","""39""","""33g""","""0.22mg""","""4mg""","""1.39mg""","""6.7g""","""37.6g""","""34mg""","""395mg""","""8.1mg""","""黄豆粉""","""""","""0mg""","""4.7g""","""7μg""","""2.00mg""","""16.4%"""
"""23.0%""","""60.7%""","""3g""","""42μg""","""1mg""","""330""","""100%""","""250.0μg""","""0mg""","""60mg""","""2μg""","""""","""0.02mg""","""100.0%""","""339mg""","""0g""","""""","""1699kJ""","""0.40mg""","""175mg""","""39""","""10.0g""","""0.03mg""","""0mg""","""0.28mg""","""1.6g""","""84.3g""","""5mg""","""95mg""","""3.3mg""","""豆腐花[豆腐粉]""","""""","""0mg""","""1.5g""","""2μg""","""1mg""","""16.3%"""
"""23.3%""","""59.9%""","""9.4g""","""0μg""","""2mg""","""331""","""100%""","""3μg""","""0mg""","""122mg""","""3.30μg""","""""","""0.07mg""","""97.4%""","""771mg""","""2g""","""""","""1818kJ""","""1mg""","""101mg""","""39""","""20g""","""0.05mg""","""26.4mg""","""1mg""","""1.5g""","""66.8g""","""18mg""","""253mg""","""4mg""","""豆浆粉""","""""","""0mg""","""2.6g""","""2μg""","""1.24mg""","""14.1%"""
"""—""","""—""","""2.1g""","""0μg""","""0.50mg""","""332""","""100%""","""6μg""","""0mg""","""158mg""","""2μg""","""""","""0.49mg""","""—""","""1391mg""","""8g""","""""","""1445kJ""","""2.50mg""","""154mg""","""39""","""42.5g""","""0.20mg""","""76.0mg""","""1.10mg""","""11.5g""","""37.9g""","""6mg""","""28mg""","""15mg""","""豆粕""","""""","""0mg""","""6.0g""","""12μg""","""2.49mg""","""—"""
"""21.8%""","""60.7%""","""4g""","""0μg""","""1.11mg""","""333""","""100%""","""1μg""","""0mg""","""27mg""","""2.30μg""","""""","""0.04mg""","""97.6%""","""125mg""","""0g""","""""","""346kJ""","""0.20mg""","""164mg""","""39""","""8.1g""","""0.03mg""","""7.2mg""","""0.27mg""","""82.8g""","""4.2g""","""3mg""","""119mg""","""2mg""","""豆腐(均值)""","""""","""0mg""","""1.2g""","""83μg""","""0.47mg""","""15.1%"""
"""21.8%""","""60.7%""","""5g""","""5μg""","""1mg""","""334""","""100%""","""30.0μg""","""0mg""","""63mg""","""2μg""","""""","""0.05mg""","""97.6%""","""106mg""","""0g""","""""","""419kJ""","""0.30mg""","""138mg""","""39""","""12.2g""","""0.03mg""","""7.3mg""","""0.22mg""","""80.0g""","""2.0g""","""7mg""","""158mg""","""2.5mg""","""豆腐(北)""","""""","""0mg""","""1.0g""","""80μg""","""1mg""","""15.1%"""
"""21.8%""","""60.7%""","""2.5g""","""0μg""","""1mg""","""335""","""100%""","""1μg""","""0mg""","""36mg""","""3μg""","""""","""0.02mg""","""97.6%""","""154mg""","""0g""","""""","""242kJ""","""1.00mg""","""116mg""","""39""","""6.2g""","""0.04mg""","""3.1mg""","""0.14mg""","""87.9g""","""2.6g""","""4mg""","""90mg""","""2mg""","""豆腐(南)[南豆腐]""","""""","""0mg""","""0.8g""","""88μg""","""0.44mg""","""15.1%"""
"""21.8%""","""60.7%""","""2g""","""0μg""","""1mg""","""336""","""100%""","""1μg""","""0mg""","""24mg""","""1μg""","""""","""0.06mg""","""97.6%""","""95mg""","""0g""","""""","""211kJ""","""0.30mg""","""17mg""","""39""","""5.0g""","""0.03mg""","""6.4mg""","""0.13mg""","""89.2g""","""3.3g""","""3mg""","""57mg""","""1mg""","""豆腐(内酯)""","""""","""0mg""","""0.6g""","""89μg""","""0.26mg""","""15.1%"""
"""21.8%""","""60.7%""","""1g""","""0μg""","""0.49mg""","""337""","""100%""","""1μg""","""0mg""","""28mg""","""0μg""","""""","""0.04mg""","""97.6%""","""107mg""","""0g""","""""","""63kJ""","""0.40mg""","""18mg""","""39""","""2g""","""0.02mg""","""3mg""","""0.26mg""","""96.7g""","""Tr""","""10mg""","""5mg""","""1mg""","""豆腐脑[老豆腐]""","""""","""0mg""","""0.6g""","""97μg""","""0.25mg""","""15.1%"""
"""21.1%""","""54.2%""","""1g""","""15μg""","""0.24mg""","""338""","""100%""","""90.0μg""","""0mg""","""9mg""","""0.10μg""","""""","""0.02mg""","""99.3%""","""48mg""","""1g""","""""","""72kJ""","""0.10mg""","""10mg""","""39""","""2g""","""0.02mg""","""3.0mg""","""0.07mg""","""96.4g""","""0.9g""","""1mg""","""30mg""","""0.5mg""","""豆浆""","""""","""0mg""","""0.2g""","""96μg""","""0.09mg""","""24.0%"""
"""22.8%""","""61.7%""","""2g""","""0μg""","""0.24mg""","""339""","""100%""","""0μg""","""0mg""","""7mg""","""1μg""","""""","""0.02mg""","""96.2%""","""92mg""","""0g""","""""","""127kJ""","""0.30mg""","""23mg""","""39""","""2.4g""","""0.06mg""","""3.2mg""","""6mg""","""94.0g""","""2g""","""4mg""","""35mg""","""1mg""","""豆奶[豆乳]""","""""","""5mg""","""0.3g""","""94μg""","""0.11mg""","""11.6%"""
"""—""","""—""","""0.1g""","""0μg""","""0.11mg""","""340""","""100%""","""0μg""","""0mg""","""6mg""","""0.20μg""","""""","""0.02mg""","""—""","""47mg""","""0g""","""""","""43kJ""","""0.10mg""","""8mg""","""39""","""1g""","""0.02mg""","""6.5mg""","""0.05mg""","""97.4g""","""1.4g""","""0mg""","""21mg""","""0.4mg""","""豆汁(生)""","""""","""0mg""","""0.2g""","""97μg""","""0mg""","""—"""
"""21.3%""","""62.5%""","""10.5g""","""5μg""","""2.04mg""","""341""","""100%""","""30.0μg""","""0mg""","""127mg""","""1.40μg""","""""","""0.04mg""","""99.4%""","""74mg""","""1g""","""""","""859kJ""","""0.50mg""","""204mg""","""39""","""22g""","""0.12mg""","""21mg""","""0.29mg""","""58.4g""","""6.2g""","""10mg""","""220mg""","""9.1mg""","""豆腐丝""","""""","""0mg""","""3.4g""","""58μg""","""2mg""","""15.6%"""
"""23.0%""","""60.7%""","""17.4g""","""0μg""","""4mg""","""342""","""100%""","""3μg""","""0mg""","""111mg""","""2.30μg""","""""","""0.31mg""","""100.0%""","""536mg""","""0g""","""""","""1722kJ""","""2mg""","""116mg""","""39""","""45g""","""0.11mg""","""9.4mg""","""2mg""","""16.5g""","""19g""","""21mg""","""318mg""","""14mg""","""豆腐皮""","""""","""0mg""","""2.7g""","""16μg""","""4mg""","""16.3%"""
"""18.1%""","""63.3%""","""18g""","""5μg""","""2.03mg""","""343""","""100%""","""30.0μg""","""0mg""","""72mg""","""1μg""","""""","""0.05mg""","""100.0%""","""158mg""","""1g""","""""","""1024kJ""","""0.30mg""","""147mg""","""39""","""17.0g""","""0.04mg""","""32.5mg""","""0.30mg""","""58.8g""","""4.9g""","""25mg""","""238mg""","""5.2mg""","""油豆腐""","""""","""0mg""","""1.7g""","""59μg""","""1.38mg""","""18.6%"""
"""23.2%""","""61.3%""","""22g""","""0μg""","""4mg""","""344""","""100%""","""4μg""","""0mg""","""71mg""","""7μg""","""""","""0.13mg""","""99.4%""","""553mg""","""1g""","""""","""1940kJ""","""1mg""","""77mg""","""39""","""45g""","""0.07mg""","""26.5mg""","""1.31mg""","""7.9g""","""22.3g""","""28mg""","""284mg""","""16.5mg""","""腐竹""","""""","""0mg""","""3.5g""","""8μg""","""3mg""","""14.8%"""
"""23.0%""","""60.7%""","""16.0g""","""5μg""","""3mg""","""345""","""100%""","""30.0μg""","""0mg""","""80mg""","""2μg""","""""","""0.04mg""","""100.0%""","""94mg""","""1g""","""""","""1102kJ""","""0.20mg""","""313mg""","""39""","""24.5g""","""0.05mg""","""21mg""","""0.46mg""","""52.0g""","""5.5g""","""23mg""","""309mg""","""6.4mg""","""千张[百页]""","""""","""0mg""","""2.0g""","""52μg""","""2mg""","""16.3%"""
"""21.3%""","""62.5%""","""4g""","""0μg""","""2mg""","""346""","""100%""","""4μg""","""0mg""","""64mg""","""0.00μg""","""""","""0.03mg""","""99.4%""","""140mg""","""1g""","""""","""604kJ""","""0.30mg""","""308mg""","""39""","""16.2g""","""0.07mg""","""76.5mg""","""1mg""","""65.2g""","""11.5g""","""0mg""","""273mg""","""5mg""","""豆腐干(均值)""","""""","""0mg""","""3.5g""","""65μg""","""1.31mg""","""15.6%"""
"""21.5%""","""64.4%""","""12.5g""","""10μg""","""2mg""","""347""","""100%""","""60.0μg""","""0mg""","""61mg""","""7μg""","""""","""0.02mg""","""100.8%""","""42mg""","""1g""","""""","""814kJ""","""0.40mg""","""319mg""","""39""","""16.5g""","""0.03mg""","""374mg""","""0.27mg""","""64.3g""","""4.2g""","""18mg""","""180mg""","""5.3mg""","""素鸡""","""""","""0mg""","""2.5g""","""64μg""","""1.12mg""","""14.9%"""
"""—""","""—""","""10.2g""","""0μg""","""1.25mg""","""348""","""100%""","""2μg""","""0mg""","""45mg""","""3μg""","""""","""0.07mg""","""—""","""143mg""","""2g""","""""","""757kJ""","""0.50mg""","""174mg""","""39""","""14.0g""","""0.04mg""","""475.1mg""","""0.21mg""","""65.3g""","""8.3g""","""10mg""","""186mg""","""6.0mg""","""素什锦""","""""","""0mg""","""2.2g""","""65μg""","""1.06mg""","""—"""
"""17.6%""","""65.4%""","""0.3g""","""0μg""","""1.19mg""","""349""","""100%""","""1μg""","""0mg""","""38mg""","""0μg""","""""","""0.04mg""","""100.0%""","""25mg""","""0g""","""""","""516kJ""","""1.20mg""","""30mg""","""39""","""20.4g""","""0.05mg""","""230.0mg""","""0.25mg""","""68.6g""","""9.3g""","""0mg""","""72mg""","""3mg""","""烤麸""","""""","""0mg""","""1.4g""","""69μg""","""1mg""","""17.0%"""
"""12.0%""","""55.0%""","""0.8g""","""""","""2.18mg""","""350""","""100%""","""130.0μg""","""""","""125mg""","""4.30μg""","""""","""0.25mg""","""99.0%""","""787mg""","""""","""""","""1451kJ""","""2.00mg""","""81mg""","""40""","""21.6g""","""0.11mg""","""3.2mg""","""1.08mg""","""12.3g""","""62.0g""","""—""","""337mg""","""6.5mg""","""绿豆(干)""","""""","""""","""3.3g""","""""","""1.11mg""","""32.0%"""
"""15.4%""","""69.2%""","""0.6g""","""""","""2.20mg""","""351""","""100%""","""80.0μg""","""""","""138mg""","""3.80μg""","""""","""0.16mg""","""100.2%""","""860mg""","""""","""""","""1443kJ""","""2.00mg""","""74mg""","""41""","""20.2g""","""0.11mg""","""2.2mg""","""0.64mg""","""12.6g""","""63.4g""","""—""","""305mg""","""7.4mg""","""赤小豆[小豆，红小豆](干)""","""""","""""","""3.2g""","""""","""1.33mg""","""15.6%"""
"""—""","""—""","""0.4g""","""0μg""","""0.33mg""","""352""","""100%""","""0μg""","""0mg""","""17mg""","""0.50μg""","""""","""0mg""","""—""","""45mg""","""1g""","""""","""268kJ""","""0.20mg""","""13mg""","""41""","""1.2g""","""0mg""","""2.3mg""","""0.03mg""","""84.4g""","""13.7g""","""0mg""","""14mg""","""1mg""","""小豆粥""","""""","""0mg""","""0.3g""","""84μg""","""0.09mg""","""—"""
"""—""","""—""","""2g""","""0μg""","""0.32mg""","""353""","""100%""","""1μg""","""0mg""","""2mg""","""1μg""","""""","""0.03mg""","""—""","""139mg""","""2g""","""""","""1060kJ""","""0.30mg""","""42mg""","""41""","""6g""","""0.05mg""","""24mg""","""0.13mg""","""39.2g""","""52.7g""","""4mg""","""68mg""","""8.0mg""","""豆沙""","""""","""0mg""","""0.7g""","""39μg""","""0.33mg""","""—"""
"""—""","""—""","""0.1g""","""0.0μg""","""0.60mg""","""354""","""100%""","""—""","""Tr""","""7mg""","""0.40μg""","""—""","""0.02mg""","""—""","""21mg""","""""","""""","""1051kJ""","""—""","""19mg""","""41""","""4.5g""","""0.02mg""","""26.3mg""","""0.06mg""","""37.9g""","""57.1g""","""—""","""65mg""","""1.1mg""","""红豆沙""","""""","""—""","""0.4g""","""""","""0.22mg""","""—"""
"""—""","""—""","""4g""","""0.0μg""","""1mg""","""355""","""100%""","""1μg""","""0.0mg""","""13mg""","""1μg""","""—""","""0.02mg""","""—""","""226mg""","""8g""","""""","""1133kJ""","""2mg""","""16mg""","""41""","""5g""","""0.04mg""","""28.6mg""","""0.12mg""","""33.0g""","""61.7g""","""9mg""","""90mg""","""1.3mg""","""红豆馅""","""""","""0mg""","""0.6g""","""36μg""","""0.27mg""","""—"""
"""—""","""—""","""1.3g""","""""","""1.27mg""","""356""","""100%""","""430.0μg""","""""","""17mg""","""19.00μg""","""""","""0.25mg""","""—""","""358mg""","""""","""""","""1439kJ""","""3.00mg""","""38mg""","""42""","""19.1g""","""""","""12.5mg""","""0.94mg""","""14.8g""","""62.7g""","""—""","""48mg""","""0.3mg""","""花豆(干，红)""","""""","""""","""2.1g""","""""","""1.22mg""","""—"""
"""—""","""—""","""1.4g""","""""","""3.40mg""","""357""","""97%""","""280.0μg""","""""","""120mg""","""74.10μg""","""""","""0.14mg""","""—""","""641mg""","""""","""""","""1463kJ""","""2.70mg""","""221mg""","""42""","""17.2g""","""""","""19.6mg""","""0.92mg""","""13.2g""","""65.8g""","""—""","""169mg""","""5.9mg""","""花豆(干，紫)""","""""","""""","""2.4g""","""""","""1.08mg""","""—"""
"""—""","""—""","""1.4g""","""""","""""","""358""","""100%""","""""","""""","""""","""""","""""","""0.18mg""","""—""","""""","""""","""""","""1422kJ""","""2.40mg""","""""","""42""","""23.4g""","""0.26mg""","""""","""""","""14.4g""","""57.2g""","""—""","""""","""""","""芸豆(干，白)""","""""","""""","""3.6g""","""""","""""","""—"""
"""—""","""—""","""1.3g""","""""","""2.07mg""","""359""","""100%""","""180.0μg""","""""","""164mg""","""4.60μg""","""""","""0.18mg""","""—""","""1215mg""","""""","""""","""1474kJ""","""2.00mg""","""176mg""","""42""","""21.4g""","""0.09mg""","""0.6mg""","""0.83mg""","""11.1g""","""62.5g""","""—""","""218mg""","""5.4mg""","""芸豆(干，红)""","""""","""""","""3.7g""","""""","""1.43mg""","""—"""
"""—""","""—""","""0.9g""","""""","""1.20mg""","""360""","""100%""","""""","""""","""31mg""","""9.80μg""","""""","""0.37mg""","""—""","""809mg""","""""","""""","""1478kJ""","""2.10mg""","""156mg""","""42""","""22.5g""","""0.28mg""","""3.3mg""","""0.53mg""","""10.2g""","""62.5g""","""—""","""66mg""","""1.7mg""","""芸豆(干，虎皮)""","""""","""""","""3.9g""","""""","""1.02mg""","""—"""
"""—""","""—""","""0.6g""","""""","""2.22mg""","""361""","""100%""","""""","""""","""197mg""","""14.00μg""","""""","""""","""—""","""1058mg""","""""","""""","""1479kJ""","""""","""349mg""","""42""","""22.4g""","""""","""10.5mg""","""1.11mg""","""9.8g""","""63.3g""","""—""","""386mg""","""8.7mg""","""芸豆(干，杂，带皮)""","""""","""""","""3.9g""","""""","""1.46mg""","""—"""
"""23.3%""","""58.8%""","""1.1g""","""8μg""","""5mg""","""362""","""93%""","""50.0μg""","""0mg""","""113mg""","""4.30μg""","""""","""0.13mg""","""99.5%""","""992mg""","""11g""","""""","""1477kJ""","""2.20mg""","""49mg""","""43""","""25g""","""0.23mg""","""21.2mg""","""1mg""","""11.5g""","""59.9g""","""5mg""","""339mg""","""3mg""","""蚕豆(带皮)""","""""","""0mg""","""2.9g""","""12μg""","""1.00mg""","""17.4%"""
"""23.3%""","""58.8%""","""2g""","""50μg""","""3.32mg""","""363""","""100%""","""300.0μg""","""0mg""","""94mg""","""5μg""","""""","""0.20mg""","""99.5%""","""801mg""","""2g""","""""","""1492kJ""","""2.50mg""","""54mg""","""43""","""25.4g""","""0.20mg""","""2.2mg""","""1.17mg""","""11.3g""","""58.9g""","""7mg""","""181mg""","""2.5mg""","""蚕豆(去皮)""","""""","""0mg""","""2.8g""","""11μg""","""1mg""","""17.4%"""
"""—""","""—""","""0.4g""","""""","""1.90mg""","""364""","""100%""","""30.0μg""","""""","""92mg""","""32.00μg""","""""","""0.26mg""","""—""","""439mg""","""""","""""","""1497kJ""","""2.60mg""","""137mg""","""44""","""25.3g""","""0.45mg""","""2.3mg""","""1.27mg""","""9.9g""","""61.9g""","""—""","""218mg""","""19.2mg""","""扁豆(干)""","""""","""""","""2.5g""","""""","""1.19mg""","""—"""
"""14.8%""","""59.0%""","""1.3g""","""""","""1.93mg""","""365""","""100%""","""""","""""","""163mg""","""1.20μg""","""""","""0.33mg""","""97.0%""","""1070mg""","""""","""""","""1316kJ""","""1.20mg""","""68mg""","""44""","""19.0g""","""0.11mg""","""1.0mg""","""0.52mg""","""19.4g""","""55.6g""","""—""","""340mg""","""4.0mg""","""扁豆(干，白)""","""""","""""","""4.7g""","""""","""1.31mg""","""23.2%"""
"""13.2%""","""57.5%""","""1.1g""","""""","""4.70mg""","""366""","""100%""","""""","""""","""171mg""","""2.90μg""","""""","""0.15mg""","""100.0%""","""525mg""","""""","""""","""1472kJ""","""2.10mg""","""60mg""","""44""","""18.6g""","""0.18mg""","""86.5mg""","""0.86mg""","""12.0g""","""65.6g""","""—""","""310mg""","""5.5mg""","""眉豆[饭豇豆](干)""","""""","""""","""2.7g""","""""","""2.14mg""","""29.3%"""
"""16.2%""","""49.9%""","""1.2g""","""""","""3.04mg""","""367""","""100%""","""60.0μg""","""""","""36mg""","""5.70μg""","""""","""0.16mg""","""99.6%""","""737mg""","""""","""""","""1488kJ""","""1.90mg""","""40mg""","""44""","""19.3g""","""0.08mg""","""6.8mg""","""2.10mg""","""10.9g""","""65.6g""","""—""","""344mg""","""7.1mg""","""豇豆(干)""","""""","""""","""3.0g""","""""","""1.07mg""","""33.5%"""
"""22.0%""","""58.3%""","""1.1g""","""""","""2.35mg""","""368""","""100%""","""250.0μg""","""""","""118mg""","""1.70μg""","""""","""0.49mg""","""99.9%""","""823mg""","""""","""""","""1504kJ""","""2.40mg""","""97mg""","""44""","""20.3g""","""0.14mg""","""9.7mg""","""0.47mg""","""10.4g""","""65.8g""","""—""","""259mg""","""4.9mg""","""豌豆(干)""","""""","""""","""2.4g""","""""","""1.15mg""","""19.6%"""
"""—""","""—""","""4.2g""","""0.0μg""","""1.50mg""","""369""","""100%""","""86.0μg""","""3.5mg""","""210mg""","""—""","""—""","""0.41mg""","""—""","""830mg""","""""","""""","""1536kJ""","""—""","""150mg""","""44""","""21.2g""","""0.25mg""","""6.0mg""","""0.44mg""","""11.3g""","""60.0g""","""—""","""450mg""","""3.4mg""","""鹰嘴豆[桃豆]""","""""","""—""","""3.3g""","""""","""2.20mg""","""—"""
"""—""","""—""","""14.3g""","""""","""""","""370""","""100%""","""250.0μg""","""0.0mg""","""""","""""","""""","""""","""—""","""""","""""","""""","""1755kJ""","""1.80mg""","""207mg""","""44""","""43.6g""","""0.25mg""","""""","""""","""9.0g""","""28.5g""","""—""","""785mg""","""7.3mg""","""荆豆(干)""","""""","""""","""4.6g""","""""","""""","""—"""
"""—""","""—""","""0.1g""","""""","""0.30mg""","""371""","""95%""","""20.0μg""","""21.0mg""","""16mg""","""0.60μg""","""""","""0.02mg""","""—""","""173mg""","""""","""""","""104kJ""","""0.30mg""","""36mg""","""45""","""0.9g""","""0.03mg""","""61.8mg""","""0.04mg""","""93.4g""","""5.0g""","""—""","""26mg""","""0.5mg""","""白萝卜[莱菔](鲜)""","""""","""""","""0.6g""","""""","""0.09mg""","""—"""
"""—""","""—""","""0.1g""","""3μg""","""0.29mg""","""372""","""94%""","""20.0μg""","""24.0mg""","""22mg""","""1.10μg""","""""","""0.03mg""","""—""","""167mg""","""1g""","""""","""133kJ""","""1mg""","""45mg""","""45""","""1.2g""","""0.04mg""","""68.0mg""","""0.04mg""","""91.6g""","""6.4g""","""2mg""","""33mg""","""1mg""","""变萝卜[红皮萝卜]""","""""","""0mg""","""0.7g""","""92μg""","""0.10mg""","""—"""
"""—""","""—""","""0g""","""0μg""","""0.32mg""","""373""","""95%""","""0μg""","""4.0mg""","""11mg""","""1.40μg""","""""","""0.01mg""","""—""","""63mg""","""1g""","""""","""87kJ""","""0mg""","""9mg""","""45""","""1g""","""0mg""","""20.1mg""","""0mg""","""94.4g""","""4.3g""","""1mg""","""43mg""","""3mg""","""红旦旦萝卜""","""""","""0mg""","""0.5g""","""94μg""","""0.05mg""","""—"""
"""—""","""—""","""0.1g""","""0μg""","""1mg""","""374""","""97%""","""0μg""","""3.0mg""","""16mg""","""0μg""","""""","""0.05mg""","""—""","""110mg""","""1g""","""""","""99kJ""","""0.10mg""","""11mg""","""45""","""1.0g""","""0.02mg""","""63mg""","""0mg""","""93.8g""","""4.6g""","""1mg""","""26mg""","""3mg""","""红萝卜""","""""","""0mg""","""0.5g""","""94μg""","""0.06mg""","""—"""
"""—""","""—""","""0g""","""13μg""","""1mg""","""375""","""94%""","""80.0μg""","""20.0mg""","""23mg""","""1μg""","""""","""0.02mg""","""—""","""385mg""","""1g""","""""","""187kJ""","""0.10mg""","""86mg""","""45""","""1.2g""","""0.02mg""","""49.1mg""","""0.05mg""","""88.0g""","""9.8g""","""0mg""","""30mg""","""1mg""","""红心萝卜""","""""","""0mg""","""1.0g""","""88μg""","""0.08mg""","""—"""
"""—""","""—""","""0.2g""","""10μg""","""0.34mg""","""376""","""95%""","""60.0μg""","""14.0mg""","""12mg""","""1μg""","""""","""0.04mg""","""—""","""232mg""","""1g""","""""","""145kJ""","""0mg""","""40mg""","""45""","""1.3g""","""0.06mg""","""70mg""","""0.02mg""","""91.0g""","""6.8g""","""0mg""","""34mg""","""1mg""","""青萝卜""","""""","""0mg""","""0.7g""","""91μg""","""0.12mg""","""—"""
"""—""","""—""","""0g""","""42μg""","""0.49mg""","""377""","""93%""","""250.0μg""","""45.0mg""","""0mg""","""0μg""","""""","""0.03mg""","""—""","""0mg""","""1g""","""""","""107kJ""","""0mg""","""0mg""","""45""","""1g""","""0.05mg""","""10mg""","""0.01mg""","""92.9g""","""5.5g""","""0mg""","""0mg""","""0mg""","""水萝卜[脆萝卜]""","""""","""0mg""","""0.8g""","""93μg""","""0.05mg""","""—"""
"""—""","""—""","""0.2g""","""3μg""","""0.21mg""","""378""","""66%""","""20.0μg""","""22.0mg""","""17mg""","""1μg""","""""","""0.02mg""","""—""","""286mg""","""1g""","""""","""97kJ""","""0.40mg""","""32mg""","""45""","""1.1g""","""0.04mg""","""34mg""","""0.03mg""","""93.9g""","""4.2g""","""1mg""","""21mg""","""0.4mg""","""小水萝卜[算盘子，红皮萝卜]""","""""","""0mg""","""0.6g""","""94μg""","""0.09mg""","""—"""
"""—""","""—""","""0.2g""","""2μg""","""0.17mg""","""379""","""88%""","""10.0μg""","""23.0mg""","""34mg""","""1.00μg""","""""","""0.02mg""","""—""","""116mg""","""1g""","""""","""104kJ""","""0.40mg""","""68mg""","""45""","""1g""","""0.04mg""","""85.4mg""","""0.06mg""","""93.5g""","""4.9g""","""0mg""","""24mg""","""0.5mg""","""心里美萝卜""","""""","""0mg""","""0.6g""","""94μg""","""0.08mg""","""—"""
"""—""","""—""","""0.2g""","""688μg""","""0.23mg""","""380""","""96%""","""4130.0μg""","""13.0mg""","""14mg""","""1μg""","""""","""0.04mg""","""—""","""190mg""","""1g""","""""","""174kJ""","""1mg""","""32mg""","""45""","""1.0g""","""0.03mg""","""71.4mg""","""0.08mg""","""89.2g""","""8.8g""","""0mg""","""27mg""","""1.0mg""","""胡萝卜(红)[金笋，丁香萝卜]""","""""","""0mg""","""0.8g""","""89μg""","""0.24mg""","""—"""
"""—""","""—""","""0.2g""","""668μg""","""0.14mg""","""381""","""97%""","""4010.0μg""","""16.0mg""","""7mg""","""3μg""","""""","""0.04mg""","""—""","""193mg""","""1g""","""""","""205kJ""","""0.20mg""","""32mg""","""45""","""1.4g""","""0.04mg""","""25.1mg""","""0.03mg""","""87.4g""","""10.2g""","""0mg""","""16mg""","""0.5mg""","""胡萝卜(黄)""","""""","""0mg""","""0.8g""","""87μg""","""0.07mg""","""—"""
"""—""","""—""","""0.2g""","""0μg""","""0.39mg""","""382""","""83%""","""1μg""","""34.0mg""","""19mg""","""1.00μg""","""""","""0.06mg""","""—""","""243mg""","""1g""","""""","""166kJ""","""1mg""","""65mg""","""45""","""2g""","""0.02mg""","""66mg""","""0.09mg""","""89.6g""","""7.4g""","""0mg""","""36mg""","""1mg""","""芥菜头[大头菜，水芥]""","""""","""0mg""","""0.9g""","""90μg""","""0.15mg""","""—"""
"""—""","""—""","""0.2g""","""3μg""","""0.17mg""","""383""","""78%""","""20.0μg""","""41.0mg""","""24mg""","""0.20μg""","""""","""0.04mg""","""—""","""190mg""","""1g""","""""","""149kJ""","""0.50mg""","""25mg""","""45""","""1.3g""","""0.02mg""","""30mg""","""0.02mg""","""90.8g""","""7.0g""","""0mg""","""46mg""","""0.3mg""","""苤蓝[玉蔓菁，球茎甘蓝]""","""""","""0mg""","""0.7g""","""91μg""","""0.11mg""","""—"""
"""—""","""—""","""0.1g""","""""","""0.31mg""","""384""","""90%""","""""","""8.0mg""","""38mg""","""0.30μg""","""""","""0.05mg""","""—""","""254mg""","""""","""""","""420kJ""","""0.20mg""","""56mg""","""45""","""1.0g""","""0.04mg""","""20.8mg""","""0.15mg""","""74.8g""","""23.5g""","""—""","""18mg""","""0.9mg""","""甜菜根[甜菜头，糖萝卜](鲜)""","""""","""""","""0.6g""","""""","""0.86mg""","""—"""
"""—""","""—""","""0.2g""","""25μg""","""1mg""","""385""","""91%""","""150.0μg""","""13.0mg""","""34mg""","""1μg""","""""","""0.04mg""","""—""","""178mg""","""2g""","""""","""193kJ""","""1mg""","""38mg""","""46""","""3g""","""0.07mg""","""4mg""","""0.12mg""","""88.3g""","""8.2g""","""0mg""","""54mg""","""2mg""","""扁豆[月亮菜]""","""""","""0mg""","""0.6g""","""88μg""","""0.34mg""","""—"""
"""—""","""—""","""0.3g""","""""","""0.84mg""","""386""","""92%""","""220.0μg""","""15.0mg""","""29mg""","""0.90μg""","""""","""0.05mg""","""—""","""209mg""","""""","""""","""183kJ""","""1.00mg""","""49mg""","""46""","""3.1g""","""0.07mg""","""8.5mg""","""0.09mg""","""89.0g""","""7.0g""","""—""","""57mg""","""4.6mg""","""刀豆(鲜)""","""""","""""","""0.6g""","""""","""0.45mg""","""—"""
"""—""","""—""","""0.2g""","""33μg""","""1mg""","""387""","""96%""","""200.0μg""","""18.0mg""","""35mg""","""2.20μg""","""""","""0.05mg""","""—""","""207mg""","""2g""","""""","""164kJ""","""1mg""","""29mg""","""46""","""2.5g""","""0.07mg""","""3.4mg""","""0.15mg""","""90.0g""","""6.7g""","""2mg""","""55mg""","""2mg""","""豆角""","""""","""0mg""","""0.6g""","""90μg""","""0.41mg""","""—"""
"""—""","""—""","""0.2g""","""""","""0.60mg""","""388""","""97%""","""580.0μg""","""39.0mg""","""28mg""","""1.60μg""","""""","""0.06mg""","""—""","""192mg""","""""","""""","""171kJ""","""0.90mg""","""26mg""","""46""","""2.2g""","""0.04mg""","""9.5mg""","""0.10mg""","""89.7g""","""7.4g""","""—""","""40mg""","""0.8mg""","""豆角(鲜,白)""","""""","""""","""0.5g""","""""","""0.78mg""","""—"""
"""—""","""—""","""0.3g""","""80μg""","""0.50mg""","""389""","""88%""","""480.0μg""","""16.0mg""","""16mg""","""0.40μg""","""""","""0.09mg""","""—""","""116mg""","""1g""","""""","""137kJ""","""1mg""","""51mg""","""46""","""2.5g""","""0.04mg""","""9mg""","""0.06mg""","""91.9g""","""4.9g""","""0mg""","""19mg""","""1mg""","""荷兰豆""","""""","""0mg""","""0.4g""","""92μg""","""0.48mg""","""—"""
"""—""","""—""","""0.5g""","""""","""0.46mg""","""390""","""98%""","""520.0μg""","""11.0mg""","""46mg""","""4.10μg""","""""","""0.04mg""","""—""","""142mg""","""""","""""","""166kJ""","""1.00mg""","""147mg""","""46""","""3.7g""","""0.06mg""","""4.1mg""","""0.35mg""","""90.0g""","""5.0g""","""—""","""54mg""","""1.3mg""","""龙豆(鲜)""","""""","""""","""0.8g""","""""","""0.19mg""","""—"""
"""—""","""—""","""5.0g""","""""","""1.73mg""","""391""","""53%""","""130.0μg""","""27.0mg""","""70mg""","""2.50μg""","""""","""0.15mg""","""—""","""478mg""","""""","""""","""586kJ""","""1.40mg""","""135mg""","""46""","""13.1g""","""0.07mg""","""3.9mg""","""0.54mg""","""69.6g""","""10.5g""","""—""","""188mg""","""3.5mg""","""毛豆[青豆，菜用大豆](鲜)""","""""","""""","""1.8g""","""""","""1.20mg""","""—"""
"""—""","""—""","""0.4g""","""35μg""","""0.23mg""","""392""","""96%""","""210.0μg""","""6.0mg""","""27mg""","""0.40μg""","""""","""0.04mg""","""—""","""123mg""","""2g""","""""","""146kJ""","""0.40mg""","""42mg""","""46""","""2.0g""","""0.07mg""","""9mg""","""0.11mg""","""91.3g""","""5.7g""","""1mg""","""51mg""","""2mg""","""四季豆[菜豆]""","""""","""0mg""","""0.6g""","""91μg""","""0.18mg""","""—"""
"""—""","""—""","""0.3g""","""""","""1.29mg""","""393""","""42%""","""220.0μg""","""14.0mg""","""43mg""","""1.70μg""","""""","""0.43mg""","""—""","""332mg""","""""","""""","""497kJ""","""2.30mg""","""21mg""","""46""","""7.4g""","""0.09mg""","""1.2mg""","""0.22mg""","""70.2g""","""21.2g""","""—""","""127mg""","""1.7mg""","""豌豆(带荚,鲜)[回回豆]""","""""","""""","""0.9g""","""""","""0.65mg""","""—"""
"""—""","""—""","""0g""","""452μg""","""1mg""","""394""","""100%""","""2710.0μg""","""11.0mg""","""24mg""","""2μg""","""""","""0.07mg""","""—""","""160mg""","""1g""","""""","""969kJ""","""0mg""","""17mg""","""46""","""3.1g""","""0.23mg""","""3.2mg""","""0.06mg""","""42.1g""","""53.9g""","""0mg""","""65mg""","""5.1mg""","""豌豆尖""","""""","""0mg""","""0.9g""","""42μg""","""1mg""","""—"""
"""—""","""—""","""0.3g""","""""","""0.38mg""","""395""","""99%""","""160.0μg""","""11.0mg""","""35mg""","""1.10μg""","""""","""0.07mg""","""—""","""240mg""","""""","""""","""118kJ""","""1.40mg""","""69mg""","""46""","""2.4g""","""0.08mg""","""3.3mg""","""0.61mg""","""92.2g""","""3.9g""","""—""","""56mg""","""1.9mg""","""油豆角[多花菜豆](鲜)""","""""","""""","""1.2g""","""""","""0.12mg""","""—"""
"""—""","""—""","""0.1g""","""""","""1.04mg""","""396""","""96%""","""240.0μg""","""9.0mg""","""16mg""","""0.20μg""","""""","""0.33mg""","""—""","""112mg""","""""","""""","""143kJ""","""0.80mg""","""88mg""","""46""","""0.8g""","""0.06mg""","""4.0mg""","""0.24mg""","""91.1g""","""7.4g""","""—""","""37mg""","""1.0mg""","""芸豆(鲜)""","""""","""""","""0.6g""","""""","""0.44mg""","""—"""
"""—""","""—""","""1g""","""10μg""","""3mg""","""397""","""97%""","""250.0μg""","""19.0mg""","""36mg""","""6μg""","""""","""0.07mg""","""—""","""737mg""","""7g""","""""","""1347kJ""","""2mg""","""40mg""","""46""","""19g""","""0.09mg""","""7mg""","""2mg""","""90.3g""","""58g""","""9mg""","""344mg""","""7mg""","""豇豆""","""""","""0mg""","""0.6g""","""11μg""","""1mg""","""—"""
"""—""","""—""","""0.2g""","""20μg""","""1mg""","""398""","""98%""","""120.0μg""","""18.0mg""","""43mg""","""1.40μg""","""""","""0.07mg""","""—""","""145mg""","""2g""","""""","""152kJ""","""1mg""","""42mg""","""46""","""3g""","""0.07mg""","""5mg""","""0.11mg""","""90.8g""","""5.8g""","""1mg""","""50mg""","""1.0mg""","""豇豆(长)""","""""","""0mg""","""0.5g""","""91μg""","""0.39mg""","""—"""
"""28.7%""","""51.1%""","""2g""","""5μg""","""1mg""","""399""","""100%""","""30.0μg""","""8.0mg""","""21mg""","""1.00μg""","""""","""0.04mg""","""99.7%""","""160mg""","""2g""","""""","""212kJ""","""1mg""","""21mg""","""46""","""4.5g""","""0.07mg""","""7.2mg""","""0.14mg""","""88.8g""","""4.5g""","""1mg""","""74mg""","""1mg""","""黄豆芽""","""""","""0mg""","""0.6g""","""89μg""","""0.34mg""","""19.9%"""
"""15.6%""","""48.6%""","""0.1g""","""3μg""","""0.35mg""","""400""","""100%""","""20.0μg""","""6.0mg""","""18mg""","""0.50μg""","""""","""0.05mg""","""94.6%""","""68mg""","""1g""","""""","""89kJ""","""0.50mg""","""9mg""","""46""","""2.1g""","""0.06mg""","""4.4mg""","""0.10mg""","""94.6g""","""2.9g""","""0mg""","""37mg""","""1mg""","""绿豆芽""","""""","""0mg""","""0.3g""","""95μg""","""0.10mg""","""30.4%"""
"""—""","""—""","""1g""","""445μg""","""1mg""","""401""","""86%""","""2667.0μg""","""67.0mg""","""21mg""","""1.10μg""","""""","""0.05mg""","""—""","""222mg""","""2g""","""""","""176kJ""","""1.10mg""","""40mg""","""46""","""4.0g""","""0.11mg""","""18.5mg""","""0.20mg""","""89.6g""","""4.6g""","""2mg""","""67mg""","""4.2mg""","""豌豆苗""","""""","""0mg""","""1.0g""","""90μg""","""1mg""","""—"""
"""—""","""—""","""0.2g""","""8μg""","""0.23mg""","""402""","""93%""","""50.0μg""","""5.0mg""","""13mg""","""0.50μg""","""""","""0.02mg""","""—""","""142mg""","""1g""","""""","""109kJ""","""1mg""","""24mg""","""47""","""1.1g""","""0.04mg""","""5.4mg""","""0.10mg""","""93.4g""","""4.9g""","""1mg""","""23mg""","""0.5mg""","""茄子(均值)""","""""","""0mg""","""0.4g""","""93μg""","""0.13mg""","""—"""
"""—""","""—""","""0.2g""","""0μg""","""0.29mg""","""403""","""95%""","""0μg""","""1.0mg""","""17mg""","""0.50μg""","""""","""0.03mg""","""—""","""112mg""","""2g""","""""","""148kJ""","""0mg""","""5mg""","""47""","""2g""","""0.03mg""","""3.2mg""","""0.11mg""","""91.2g""","""6.7g""","""1mg""","""19mg""","""2mg""","""茄子(圆)""","""""","""0mg""","""0.3g""","""91μg""","""0.10mg""","""—"""
"""—""","""—""","""0.1g""","""30μg""","""0.16mg""","""404""","""96%""","""180.0μg""","""7.0mg""","""15mg""","""1μg""","""""","""0.03mg""","""—""","""136mg""","""2g""","""""","""113kJ""","""1mg""","""55mg""","""47""","""1.0g""","""0.03mg""","""6.4mg""","""0.07mg""","""93.1g""","""5.4g""","""0mg""","""28mg""","""0.4mg""","""茄子(紫皮，长)""","""""","""0mg""","""0.4g""","""93μg""","""0.14mg""","""—"""
"""—""","""—""","""0.2g""","""92μg""","""0.13mg""","""405""","""97%""","""550.0μg""","""19.0mg""","""9mg""","""0.20μg""","""""","""0.03mg""","""—""","""163mg""","""0g""","""""","""91kJ""","""1mg""","""10mg""","""47""","""1g""","""0.03mg""","""5.0mg""","""0.06mg""","""94.4g""","""4.0g""","""1mg""","""23mg""","""0.4mg""","""番茄[西红柿]""","""""","""0mg""","""0.5g""","""94μg""","""0.08mg""","""—"""
"""—""","""—""","""0.1g""","""88μg""","""0.14mg""","""406""","""100%""","""530.0μg""","""8.0mg""","""9mg""","""0.10μg""","""""","""0.05mg""","""—""","""163mg""","""1g""","""""","""68kJ""","""1.00mg""","""15mg""","""47""","""1g""","""0.02mg""","""8.3mg""","""0.45mg""","""95.6g""","""3.2g""","""1mg""","""21mg""","""0.4mg""","""奶柿子[西红柿]""","""""","""0mg""","""0.5g""","""96μg""","""0.06mg""","""—"""
"""—""","""—""","""12.0g""","""0μg""","""8.21mg""","""407""","""88%""","""6μg""","""0mg""","""131mg""","""0μg""","""""","""1mg""","""—""","""1085mg""","""42g""","""""","""1595kJ""","""1.20mg""","""12mg""","""47""","""15.0g""","""0.16mg""","""4.0mg""","""1mg""","""14.6g""","""52.7g""","""9mg""","""298mg""","""6.0mg""","""辣椒(红，尖，干)""","""""","""0mg""","""5.7g""","""15μg""","""12mg""","""—"""
"""—""","""—""","""0.4g""","""232μg""","""0.30mg""","""408""","""80%""","""1390.0μg""","""144.0mg""","""16mg""","""2μg""","""""","""0.03mg""","""—""","""222mg""","""3g""","""""","""188kJ""","""1mg""","""37mg""","""47""","""1.3g""","""0.06mg""","""3mg""","""0.11mg""","""88.8g""","""8.9g""","""0mg""","""95mg""","""1.4mg""","""辣椒(红，小)""","""""","""0mg""","""0.6g""","""89μg""","""0.18mg""","""—"""
"""—""","""—""","""0.3g""","""57μg""","""0.22mg""","""409""","""84%""","""340.0μg""","""62.0mg""","""15mg""","""1μg""","""""","""0.03mg""","""—""","""209mg""","""2g""","""""","""133kJ""","""0.50mg""","""15mg""","""47""","""1.4g""","""0.04mg""","""2.2mg""","""0.11mg""","""91.9g""","""5.8g""","""1mg""","""33mg""","""1mg""","""辣椒(青，尖)""","""""","""0mg""","""0.6g""","""92μg""","""0.14mg""","""—"""
"""—""","""—""","""0.2g""","""57μg""","""0.19mg""","""410""","""82%""","""340.0μg""","""72.0mg""","""12mg""","""0.40μg""","""""","""0.03mg""","""—""","""142mg""","""1g""","""""","""116kJ""","""1mg""","""14mg""","""47""","""1.0g""","""0.03mg""","""3.3mg""","""0.09mg""","""93.0g""","""5.4g""","""1mg""","""20mg""","""1mg""","""甜椒[灯笼椒，柿子椒]""","""""","""0mg""","""0.4g""","""93μg""","""0.12mg""","""—"""
"""—""","""—""","""0.1g""","""163μg""","""1mg""","""411""","""85%""","""980.0μg""","""29.0mg""","""10mg""","""4.40μg""","""""","""0.01mg""","""—""","""73mg""","""1g""","""""","""131kJ""","""1mg""","""49mg""","""47""","""1g""","""0.06mg""","""1.2mg""","""1mg""","""92.2g""","""6.8g""","""1mg""","""27mg""","""0mg""","""葫子""","""""","""0mg""","""0.2g""","""92μg""","""0mg""","""—"""
"""—""","""—""","""0.1g""","""52μg""","""0.23mg""","""412""","""88%""","""310.0μg""","""4.0mg""","""29mg""","""1μg""","""""","""0.05mg""","""—""","""95mg""","""4g""","""""","""225kJ""","""1.00mg""","""45mg""","""47""","""2.0g""","""0.09mg""","""4mg""","""0.07mg""","""86.2g""","""11.0g""","""1mg""","""65mg""","""0.1mg""","""秋葵[黄秋葵，羊角豆]""","""""","""0mg""","""0.7g""","""86μg""","""0.28mg""","""—"""
"""—""","""—""","""0.2g""","""0.0μg""","""0.20mg""","""413""","""98%""","""332.0μg""","""33.0mg""","""12mg""","""0.20μg""","""0.1μg""","""0.03mg""","""—""","""262mg""","""1.80g""","""""","""107kJ""","""0.92mg""","""6mg""","""47""","""1.0g""","""0.02mg""","""10.0mg""","""0.04mg""","""92.5g""","""5.8g""","""0.73mg""","""26mg""","""0.3mg""","""樱桃番茄[小西红柿]""","""""","""—""","""0.5g""","""""","""0.06mg""","""—"""
"""—""","""—""","""0.2g""","""0.0μg""","""—""","""414""","""82%""","""76.0μg""","""130.0mg""","""—""","""0.40μg""","""—""","""0.02mg""","""—""","""—""","""1.30g""","""""","""77kJ""","""0.39mg""","""—""","""47""","""1.0g""","""0.02mg""","""—""","""—""","""94.6g""","""3.8g""","""0.40mg""","""—""","""—""","""甜椒[灯笼椒、柿子椒]""","""""","""—""","""0.4g""","""""","""—""","""—"""
"""—""","""—""","""0.2g""","""0.0μg""","""0.18mg""","""415""","""83%""","""794.0μg""","""104.0mg""","""18mg""","""0.10μg""","""—""","""0.05mg""","""—""","""278mg""","""3.30g""","""""","""109kJ""","""1.09mg""","""9mg""","""47""","""1.3g""","""0.05mg""","""6.8mg""","""0.06mg""","""91.5g""","""6.4g""","""—""","""26mg""","""0.5mg""","""彩椒""","""""","""—""","""0.6g""","""""","""0.09mg""","""—"""
"""—""","""—""","""0.2g""","""0.0μg""","""0.24mg""","""416""","""98%""","""238.0μg""","""7.2mg""","""38mg""","""0.50μg""","""Tr""","""0.06mg""","""—""","""19mg""","""4.40g""","""""","""104kJ""","""0.42mg""","""101mg""","""47""","""1.8g""","""0.05mg""","""8.7mg""","""0.03mg""","""91.2g""","""6.2g""","""0.00mg""","""41mg""","""0.2mg""","""秋葵[黄秋葵、羊角豆]""","""""","""—""","""0.6g""","""""","""0.13mg""","""—"""
"""—""","""—""","""0g""","""0μg""","""0.04mg""","""417""","""83%""","""0μg""","""16.0mg""","""8mg""","""1.10μg""","""""","""0.02mg""","""—""","""70mg""","""1g""","""""","""59kJ""","""0.10mg""","""6mg""","""47""","""1g""","""0.04mg""","""1.0mg""","""0.01mg""","""96.2g""","""2.6g""","""0mg""","""11mg""","""0.1mg""","""白瓜""","""""","""0mg""","""0.3g""","""96μg""","""0.11mg""","""—"""
"""—""","""—""","""0.2g""","""3μg""","""0.10mg""","""418""","""88%""","""20.0μg""","""12.0mg""","""15mg""","""1μg""","""""","""0.02mg""","""—""","""136mg""","""0g""","""""","""84kJ""","""0.20mg""","""20mg""","""47""","""1g""","""0.01mg""","""2mg""","""0.03mg""","""95.0g""","""4g""","""0mg""","""14mg""","""0.5mg""","""菜瓜[生瓜，白瓜]""","""""","""0mg""","""0.3g""","""95μg""","""0.03mg""","""—"""
"""—""","""—""","""0.2g""","""13μg""","""0.07mg""","""419""","""80%""","""80.0μg""","""18.0mg""","""8mg""","""0.20μg""","""""","""0.01mg""","""—""","""78mg""","""1g""","""""","""58kJ""","""0.30mg""","""19mg""","""47""","""0.4g""","""0.01mg""","""2mg""","""0.07mg""","""96.6g""","""2.6g""","""0mg""","""12mg""","""0.2mg""","""冬瓜""","""""","""0mg""","""0.2g""","""97μg""","""0.03mg""","""—"""
"""—""","""—""","""0.1g""","""3μg""","""0.08mg""","""420""","""100%""","""20.0μg""","""8.0mg""","""10mg""","""1.40μg""","""""","""0.01mg""","""—""","""76mg""","""1g""","""""","""89kJ""","""0.10mg""","""17mg""","""47""","""1.2g""","""0.10mg""","""1.0mg""","""0.02mg""","""94.3g""","""3.8g""","""0mg""","""18mg""","""0.1mg""","""佛手瓜[棒瓜，菜肴梨]""","""""","""0mg""","""0.6g""","""94μg""","""0.03mg""","""—"""
"""—""","""—""","""0.1g""","""7μg""","""0.14mg""","""421""","""87%""","""40.0μg""","""11.0mg""","""7mg""","""0.50μg""","""""","""0.02mg""","""—""","""87mg""","""1g""","""""","""75kJ""","""0.40mg""","""16mg""","""47""","""1g""","""0.01mg""","""1mg""","""0.04mg""","""95.3g""","""3.5g""","""0mg""","""15mg""","""0.4mg""","""葫芦[长瓜，蒲瓜，瓠瓜]""","""""","""0mg""","""0.4g""","""95μg""","""0.08mg""","""—"""
"""—""","""—""","""0.2g""","""""","""0.18mg""","""422""","""92%""","""90.0μg""","""9.0mg""","""15mg""","""0.40μg""","""""","""0.02mg""","""—""","""102mg""","""""","""""","""70kJ""","""0.20mg""","""24mg""","""47""","""0.8g""","""0.03mg""","""4.9mg""","""0.05mg""","""95.8g""","""2.9g""","""—""","""24mg""","""0.5mg""","""黄瓜[胡瓜](鲜)""","""""","""""","""0.3g""","""""","""0.06mg""","""—"""
"""—""","""—""","""0.1g""","""0μg""","""0.08mg""","""423""","""92%""","""0μg""","""39.0mg""","""7mg""","""0.30μg""","""""","""0.02mg""","""—""","""40mg""","""1g""","""""","""72kJ""","""0.40mg""","""4mg""","""47""","""1g""","""0.05mg""","""0.2mg""","""0.02mg""","""95.6g""","""3.4g""","""0mg""","""13mg""","""0.1mg""","""节瓜[毛瓜]""","""""","""0mg""","""0.3g""","""96μg""","""0.10mg""","""—"""
"""—""","""—""","""0.1g""","""10μg""","""0.17mg""","""424""","""82%""","""60.0μg""","""2.0mg""","""8mg""","""0.30μg""","""""","""0.02mg""","""—""","""152mg""","""1g""","""""","""70kJ""","""1mg""","""17mg""","""47""","""0.5g""","""0.02mg""","""1mg""","""0.04mg""","""95.6g""","""3.4g""","""0mg""","""10mg""","""1mg""","""金瓜""","""""","""0mg""","""0.4g""","""96μg""","""0mg""","""—"""
"""—""","""—""","""0.1g""","""""","""0.36mg""","""425""","""81%""","""100.0μg""","""56.0mg""","""18mg""","""0.40μg""","""""","""0.03mg""","""—""","""256mg""","""""","""""","""104kJ""","""0.40mg""","""14mg""","""47""","""1.0g""","""0.03mg""","""2.5mg""","""0.06mg""","""93.4g""","""4.9g""","""—""","""35mg""","""0.7mg""","""苦瓜[凉瓜，癞瓜](鲜)""","""""","""""","""0.6g""","""""","""0.16mg""","""—"""
"""—""","""—""","""0.1g""","""""","""0.14mg""","""426""","""85%""","""890.0μg""","""8.0mg""","""8mg""","""0.50μg""","""""","""0.03mg""","""—""","""145mg""","""""","""""","""106kJ""","""0.40mg""","""16mg""","""47""","""0.7g""","""0.04mg""","""0.8mg""","""0.03mg""","""93.5g""","""5.3g""","""—""","""24mg""","""0.4mg""","""南瓜[倭瓜，番瓜](鲜)""","""""","""""","""0.4g""","""""","""0.08mg""","""—"""
"""—""","""—""","""2.1g""","""10μg""","""1.40mg""","""427""","""100%""","""60.0μg""","""7.0mg""","""18mg""","""2.30μg""","""""","""0.04mg""","""—""","""411mg""","""12g""","""""","""1552kJ""","""12.50mg""","""171mg""","""47""","""7.1g""","""1mg""","""84mg""","""1mg""","""6.2g""","""79.6g""","""27mg""","""307mg""","""28mg""","""南瓜粉""","""""","""0mg""","""5.0g""","""6μg""","""1mg""","""—"""
"""—""","""—""","""0.1g""","""3μg""","""0.42mg""","""428""","""89%""","""20.0μg""","""4.0mg""","""47mg""","""0.30μg""","""""","""0.10mg""","""—""","""763mg""","""2g""","""""","""96kJ""","""0.10mg""","""191mg""","""47""","""2g""","""0.03mg""","""2.2mg""","""0.04mg""","""94.1g""","""3.9g""","""0mg""","""14mg""","""1.2mg""","""蛇瓜[蛇豆，大豆角]""","""""","""0mg""","""0.4g""","""94μg""","""0.16mg""","""—"""
"""—""","""—""","""0.2g""","""15μg""","""0.21mg""","""429""","""83%""","""90.0μg""","""5.0mg""","""11mg""","""1μg""","""""","""0.02mg""","""—""","""115mg""","""1g""","""""","""96kJ""","""0.40mg""","""14mg""","""47""","""1.0g""","""0.04mg""","""3mg""","""0.06mg""","""94.3g""","""4.2g""","""0mg""","""29mg""","""0.4mg""","""丝瓜""","""""","""0mg""","""0.3g""","""94μg""","""0.06mg""","""—"""
"""—""","""—""","""0g""","""17μg""","""0.09mg""","""430""","""91%""","""100.0μg""","""5.0mg""","""7mg""","""0μg""","""""","""0.04mg""","""—""","""96mg""","""1g""","""""","""61kJ""","""0mg""","""14mg""","""47""","""0.5g""","""0.02mg""","""0mg""","""0.03mg""","""96.1g""","""3.1g""","""0mg""","""27mg""","""1mg""","""笋瓜[生瓜]""","""""","""0mg""","""0.3g""","""96μg""","""0.05mg""","""—"""
"""—""","""—""","""0.2g""","""5μg""","""0.12mg""","""431""","""73%""","""30.0μg""","""6.0mg""","""9mg""","""0.30μg""","""""","""0.01mg""","""—""","""92mg""","""1g""","""""","""86kJ""","""0.20mg""","""15mg""","""47""","""1g""","""0.03mg""","""5.0mg""","""0.03mg""","""94.9g""","""3.8g""","""0mg""","""17mg""","""0.3mg""","""西葫芦""","""""","""0mg""","""0.3g""","""95μg""","""0.04mg""","""—"""
"""—""","""—""","""0.1g""","""0.0μg""","""0.20mg""","""432""","""91%""","""47.0μg""","""3.0mg""","""16mg""","""0.20μg""","""0.7μg""","""0.02mg""","""—""","""119mg""","""2.50g""","""""","""73kJ""","""0.25mg""","""32mg""","""47""","""1.0g""","""0.02mg""","""4.3mg""","""0.04mg""","""94.1g""","""4.4g""","""—""","""29mg""","""0.4mg""","""飞碟瓜""","""""","""—""","""0.4g""","""""","""0.04mg""","""—"""
"""—""","""—""","""0.9g""","""0.0μg""","""0.29mg""","""433""","""100%""","""680.0μg""","""Tr""","""—""","""0.20μg""","""—""","""0.03mg""","""—""","""—""","""""","""""","""88kJ""","""—""","""—""","""47""","""1.2g""","""0.02mg""","""—""","""—""","""95.4g""","""2.0g""","""—""","""17mg""","""—""","""黄茎瓜""","""""","""—""","""0.5g""","""""","""—""","""—"""
"""—""","""—""","""0.2g""","""0.0μg""","""0.17mg""","""434""","""92%""","""40.0μg""","""—""","""9mg""","""0.10μg""","""0.2μg""","""0.02mg""","""—""","""141mg""","""0.90g""","""""","""57kJ""","""—""","""9mg""","""47""","""0.9g""","""0.01mg""","""2.2mg""","""0.03mg""","""96.0g""","""2.5g""","""0.00mg""","""23mg""","""0.2mg""","""秋黄瓜[旱黄瓜]""","""""","""—""","""0.4g""","""""","""0.07mg""","""—"""
"""—""","""—""","""0.1g""","""0.0μg""","""0.22mg""","""435""","""74%""","""1518.0μg""","""5.0mg""","""9mg""","""0.50μg""","""—""","""0.03mg""","""—""","""445mg""","""2.70g""","""""","""153kJ""","""0.52mg""","""16mg""","""47""","""1.4g""","""0.04mg""","""11.0mg""","""0.04mg""","""88.8g""","""8.8g""","""1.90mg""","""56mg""","""0.4mg""","""南瓜(栗面)""","""""","""—""","""0.9g""","""""","""0.03mg""","""—"""
"""—""","""—""","""0.2g""","""""","""0.88mg""","""436""","""85%""","""30.0μg""","""7.0mg""","""21mg""","""3.10μg""","""""","""0.04mg""","""—""","""302mg""","""""","""""","""553kJ""","""0.60mg""","""39mg""","""48""","""4.5g""","""0.06mg""","""19.6mg""","""0.22mg""","""66.6g""","""27.6g""","""—""","""117mg""","""1.2mg""","""大蒜[蒜头](鲜)""","""""","""""","""1.1g""","""""","""0.29mg""","""—"""
"""—""","""—""","""0.3g""","""98μg""","""0.23mg""","""437""","""84%""","""590.0μg""","""16.0mg""","""17mg""","""1.30μg""","""""","""0.06mg""","""—""","""168mg""","""2g""","""""","""157kJ""","""1mg""","""24mg""","""48""","""2.4g""","""0.04mg""","""9.3mg""","""0.05mg""","""90.4g""","""6.2g""","""1mg""","""25mg""","""1mg""","""青蒜""","""""","""0mg""","""0.7g""","""90μg""","""0.15mg""","""—"""
"""—""","""—""","""0.2g""","""47μg""","""0.33mg""","""438""","""97%""","""280.0μg""","""18.0mg""","""16mg""","""1μg""","""""","""0.05mg""","""—""","""168mg""","""1g""","""""","""115kJ""","""1mg""","""24mg""","""48""","""2.5g""","""0.07mg""","""8mg""","""0.09mg""","""93.0g""","""3.8g""","""1mg""","""58mg""","""1.3mg""","""蒜黄""","""""","""0mg""","""0.5g""","""93μg""","""0.25mg""","""—"""
"""—""","""—""","""0.4g""","""47μg""","""0.46mg""","""439""","""82%""","""280.0μg""","""35.0mg""","""18mg""","""1.20μg""","""""","""0.11mg""","""—""","""226mg""","""2g""","""""","""186kJ""","""0.50mg""","""29mg""","""48""","""2.1g""","""0.08mg""","""5.1mg""","""0.05mg""","""88.9g""","""8.0g""","""1mg""","""44mg""","""1.4mg""","""蒜苗""","""""","""0mg""","""0.6g""","""89μg""","""0.17mg""","""—"""
"""—""","""—""","""0.1g""","""80μg""","""1.04mg""","""440""","""90%""","""480.0μg""","""1.0mg""","""28mg""","""2.20μg""","""""","""0.04mg""","""—""","""161mg""","""2g""","""""","""300kJ""","""0.20mg""","""19mg""","""48""","""2.0g""","""0.07mg""","""4mg""","""0.03mg""","""81.8g""","""15.4g""","""1mg""","""52mg""","""4.2mg""","""蒜苔""","""""","""0mg""","""0.7g""","""82μg""","""0.32mg""","""—"""
"""—""","""—""","""0.3g""","""10μg""","""0.40mg""","""441""","""82%""","""60.0μg""","""17.0mg""","""19mg""","""1μg""","""""","""0.03mg""","""—""","""144mg""","""1g""","""""","""151kJ""","""0.50mg""","""29mg""","""48""","""2g""","""0.05mg""","""5mg""","""0.08mg""","""91.0g""","""6.5g""","""0mg""","""38mg""","""1mg""","""大葱""","""""","""0mg""","""0.5g""","""91μg""","""0.28mg""","""—"""
"""—""","""—""","""0.3g""","""77μg""","""0mg""","""442""","""""","""460.0μg""","""14.0mg""","""0mg""","""0μg""","""""","""0.04mg""","""—""","""0mg""","""1g""","""""","""176kJ""","""0.50mg""","""54mg""","""48""","""2.5g""","""0mg""","""0mg""","""0mg""","""90.0g""","""7.2g""","""0mg""","""61mg""","""2.2mg""","""细香葱[香葱，四季葱]""","""""","""0mg""","""""","""90μg""","""0mg""","""—"""
"""—""","""—""","""0.4g""","""""","""0.35mg""","""443""","""73%""","""840.0μg""","""21.0mg""","""18mg""","""1.10μg""","""""","""0.05mg""","""—""","""143mg""","""""","""""","""125kJ""","""0.40mg""","""72mg""","""48""","""1.6g""","""0.06mg""","""10.4mg""","""0.06mg""","""92.7g""","""4.9g""","""—""","""26mg""","""1.3mg""","""葱(小葱,鲜)""","""""","""""","""0.4g""","""""","""0.16mg""","""—"""
"""—""","""—""","""0.2g""","""""","""0.23mg""","""444""","""90%""","""20.0μg""","""8.0mg""","""15mg""","""0.90μg""","""""","""0.03mg""","""—""","""147mg""","""""","""""","""179kJ""","""0.30mg""","""24mg""","""48""","""1.1g""","""0.03mg""","""4.4mg""","""0.05mg""","""89.2g""","""9.0g""","""—""","""39mg""","""0.6mg""","""洋葱[葱头](鲜)""","""""","""""","""0.5g""","""""","""0.14mg""","""—"""
"""—""","""—""","""0.4g""","""235μg""","""0.43mg""","""445""","""90%""","""1410.0μg""","""24.0mg""","""25mg""","""1.40μg""","""""","""0.02mg""","""—""","""247mg""","""1g""","""""","""134kJ""","""1mg""","""42mg""","""48""","""2.4g""","""0.09mg""","""8.1mg""","""0.08mg""","""91.8g""","""4.6g""","""1mg""","""38mg""","""2mg""","""韭菜""","""""","""0mg""","""0.8g""","""92μg""","""0.43mg""","""—"""
"""—""","""—""","""0.2g""","""43μg""","""0.33mg""","""446""","""88%""","""260.0μg""","""15.0mg""","""12mg""","""1μg""","""""","""0.03mg""","""—""","""192mg""","""1g""","""""","""113kJ""","""1mg""","""25mg""","""48""","""2.3g""","""0.05mg""","""7mg""","""0.10mg""","""93.2g""","""3.9g""","""0mg""","""48mg""","""2mg""","""韭黄[韭芽]""","""""","""0mg""","""0.4g""","""93μg""","""0.17mg""","""—"""
"""—""","""—""","""0.1g""","""80μg""","""1.34mg""","""447""","""85%""","""480.0μg""","""1.0mg""","""22mg""","""2.30μg""","""""","""0.04mg""","""—""","""121mg""","""2g""","""""","""174kJ""","""0.20mg""","""11mg""","""48""","""2.2g""","""0.07mg""","""1.0mg""","""0.05mg""","""89.4g""","""7.8g""","""1mg""","""29mg""","""4.2mg""","""韭苔""","""""","""0mg""","""0.5g""","""89μg""","""0.18mg""","""—"""
"""—""","""—""","""""","""""","""0.58mg""","""448""","""""","""3360.0μg""","""27.0mg""","""39mg""","""""","""""","""""","""—""","""120mg""","""""","""""","""316kJ""","""""","""160mg""","""48""","""""","""""","""0.0mg""","""0.28mg""","""81.4g""","""18.6g""","""—""","""58mg""","""3.6mg""","""薤[皎头](鲜)""","""""","""""","""""","""""","""0.34mg""","""—"""
"""—""","""—""","""0.4g""","""""","""""","""449""","""""","""90.0μg""","""36.0mg""","""""","""""","""""","""0.08mg""","""—""","""""","""""","""""","""533kJ""","""1.00mg""","""100mg""","""48""","""3.4g""","""0.14mg""","""""","""""","""68.0g""","""27.1g""","""—""","""53mg""","""4.6mg""","""薤白[小根蒜，山蒜，团蒜](鲜)""","""""","""""","""1.1g""","""""","""""","""—"""
"""—""","""—""","""0.1g""","""20μg""","""0.38mg""","""450""","""87%""","""120.0μg""","""31.0mg""","""11mg""","""0.50μg""","""""","""0.04mg""","""—""","""0mg""","""1g""","""""","""84kJ""","""1mg""","""50mg""","""49""","""2g""","""0.05mg""","""58mg""","""0.05mg""","""94.6g""","""3.2g""","""1mg""","""31mg""","""1mg""","""大白菜(均值)""","""""","""0mg""","""0.6g""","""95μg""","""0.15mg""","""—"""
"""—""","""—""","""0.2g""","""5μg""","""0.36mg""","""451""","""100%""","""30.0μg""","""2.0mg""","""21mg""","""1.30μg""","""""","""0.02mg""","""—""","""104mg""","""0g""","""""","""67kJ""","""1mg""","""48mg""","""49""","""1.1g""","""0.02mg""","""43.1mg""","""0.04mg""","""95.2g""","""2.4g""","""1mg""","""38mg""","""2mg""","""酸白菜[酸菜]""","""""","""0mg""","""1.1g""","""95μg""","""0.07mg""","""—"""
"""—""","""—""","""0.3g""","""280μg""","""1mg""","""452""","""81%""","""1680.0μg""","""28.0mg""","""18mg""","""1.20μg""","""""","""0.02mg""","""—""","""178mg""","""1g""","""""","""83kJ""","""1mg""","""90mg""","""49""","""2g""","""0.09mg""","""74mg""","""0.08mg""","""94.5g""","""2.7g""","""1mg""","""36mg""","""2mg""","""小白菜""","""""","""0mg""","""1.0g""","""94μg""","""0.27mg""","""—"""
"""—""","""—""","""0.5g""","""160μg""","""1mg""","""453""","""84%""","""960.0μg""","""44.0mg""","""19mg""","""7μg""","""""","""0.05mg""","""—""","""236mg""","""2g""","""""","""134kJ""","""1.20mg""","""96mg""","""49""","""3g""","""0.08mg""","""26.0mg""","""0.18mg""","""91.3g""","""4.0g""","""1mg""","""54mg""","""3mg""","""白菜薹[菜薹，菜心]""","""""","""0mg""","""1.4g""","""91μg""","""0.41mg""","""—"""
"""—""","""—""","""2.5g""","""13μg""","""1mg""","""454""","""52%""","""80.0μg""","""57.0mg""","""15mg""","""8.40μg""","""""","""0.05mg""","""—""","""221mg""","""1g""","""""","""188kJ""","""1mg""","""26mg""","""49""","""3g""","""0.04mg""","""2mg""","""0.12mg""","""91.1g""","""2.7g""","""1mg""","""60mg""","""2.5mg""","""红菜薹[紫菜薹]""","""""","""0mg""","""0.8g""","""91μg""","""0mg""","""—"""
"""—""","""—""","""0.2g""","""200μg""","""1mg""","""455""","""79%""","""1200.0μg""","""10.0mg""","""91mg""","""3.40μg""","""""","""0mg""","""—""","""245mg""","""2g""","""""","""91kJ""","""0.50mg""","""59mg""","""49""","""2g""","""0.03mg""","""57mg""","""0.06mg""","""94.1g""","""3.2g""","""0mg""","""36mg""","""2mg""","""瓢儿白[瓢儿菜]""","""""","""0mg""","""0.8g""","""94μg""","""0.19mg""","""—"""
"""—""","""—""","""0.4g""","""168μg""","""1mg""","""456""","""89%""","""1010.0μg""","""45.0mg""","""24mg""","""0.50μg""","""""","""0.06mg""","""—""","""154mg""","""1g""","""""","""130kJ""","""1.10mg""","""186mg""","""49""","""3g""","""0.11mg""","""116mg""","""0.13mg""","""91.8g""","""4.2g""","""1mg""","""53mg""","""3.0mg""","""乌菜[乌塌菜，塌棵菜]""","""""","""0mg""","""1.0g""","""92μg""","""0.36mg""","""—"""
"""—""","""—""","""0.5g""","""103μg""","""0.33mg""","""457""","""87%""","""620.0μg""","""36.0mg""","""22mg""","""1μg""","""""","""0.04mg""","""—""","""210mg""","""1g""","""""","""114kJ""","""1mg""","""108mg""","""49""","""2g""","""0.11mg""","""56mg""","""0.06mg""","""92.9g""","""3.8g""","""1mg""","""39mg""","""1.2mg""","""油菜""","""""","""0mg""","""1.0g""","""93μg""","""0.23mg""","""—"""
"""—""","""—""","""0.4g""","""90μg""","""1mg""","""458""","""82%""","""540.0μg""","""65.0mg""","""27mg""","""1μg""","""""","""0.08mg""","""—""","""192mg""","""2g""","""""","""120kJ""","""1mg""","""156mg""","""49""","""3.2g""","""0.07mg""","""83.2mg""","""0.18mg""","""92.4g""","""3.0g""","""1mg""","""51mg""","""3mg""","""油菜薹[菜薹]""","""""","""0mg""","""1.0g""","""92μg""","""0.45mg""","""—"""
"""—""","""—""","""0.2g""","""0.0μg""","""0.28mg""","""459""","""100%""","""1141.0μg""","""37.4mg""","""41mg""","""0.40μg""","""0.5μg""","""0.02mg""","""—""","""126mg""","""2.30g""","""""","""89kJ""","""0.59mg""","""66mg""","""49""","""2.7g""","""0.10mg""","""170.2mg""","""0.05mg""","""92.6g""","""3.3g""","""0.20mg""","""55mg""","""1.0mg""","""奶白菜""","""""","""—""","""1.2g""","""""","""0.24mg""","""—"""
"""—""","""—""","""0.2g""","""0.0μg""","""0.31mg""","""460""","""100%""","""826.0μg""","""24.0mg""","""35mg""","""0.20μg""","""1.4μg""","""0.04mg""","""—""","""230mg""","""2.10g""","""""","""79kJ""","""0.61mg""","""78mg""","""49""","""2.7g""","""0.09mg""","""62.7mg""","""0.03mg""","""93.5g""","""2.6g""","""0.30mg""","""25mg""","""2.1mg""","""鸡毛菜""","""""","""—""","""1.0g""","""""","""0.26mg""","""—"""
"""—""","""—""","""""","""0.0μg""","""0.35mg""","""461""","""97%""","""48.0μg""","""12.0mg""","""17mg""","""0.20μg""","""—""","""0.04mg""","""—""","""278mg""","""2.30g""","""""","""52kJ""","""0.61mg""","""78mg""","""49""","""1.9g""","""0.03mg""","""19.3mg""","""0.03mg""","""95.0g""","""2.4g""","""0.00mg""","""58mg""","""0.4mg""","""娃娃菜""","""""","""—""","""0.7g""","""""","""0.13mg""","""—"""
"""—""","""—""","""0.1g""","""0.0μg""","""0.25mg""","""462""","""96%""","""1568.0μg""","""33.9mg""","""29mg""","""0.80μg""","""0.4μg""","""0.01mg""","""—""","""213mg""","""2.60g""","""""","""55kJ""","""0.21mg""","""43mg""","""49""","""1.8g""","""0.08mg""","""59.5mg""","""0.02mg""","""94.5g""","""2.6g""","""0.30mg""","""35mg""","""1.6mg""","""乌塌菜[塌菜、塌棵菜]""","""""","""—""","""1.0g""","""""","""0.15mg""","""—"""
"""—""","""—""","""0.2g""","""12μg""","""0.25mg""","""463""","""86%""","""70.0μg""","""40.0mg""","""12mg""","""1.00μg""","""""","""0.03mg""","""—""","""124mg""","""1g""","""""","""111kJ""","""0.40mg""","""49mg""","""49""","""2g""","""0.03mg""","""27.2mg""","""0.04mg""","""93.2g""","""4.6g""","""0mg""","""26mg""","""1mg""","""甘蓝[圆白菜，卷心菜]""","""""","""0mg""","""0.5g""","""93μg""","""0.18mg""","""—"""
"""—""","""—""","""0.2g""","""5μg""","""0.38mg""","""464""","""82%""","""30.0μg""","""61.0mg""","""18mg""","""1μg""","""""","""0.03mg""","""—""","""200mg""","""1g""","""""","""121kJ""","""1mg""","""23mg""","""49""","""2.1g""","""0.08mg""","""32mg""","""0.05mg""","""92.4g""","""4.6g""","""0mg""","""47mg""","""1.1mg""","""菜花[花椰菜]""","""""","""0mg""","""0.7g""","""92μg""","""0.17mg""","""—"""
"""—""","""—""","""1g""","""1202μg""","""1mg""","""465""","""83%""","""7210.0μg""","""51.0mg""","""17mg""","""1μg""","""""","""0.09mg""","""—""","""17mg""","""2g""","""""","""165kJ""","""1mg""","""67mg""","""49""","""4.1g""","""0.13mg""","""19mg""","""0.03mg""","""90.3g""","""4.3g""","""1mg""","""72mg""","""1.0mg""","""西兰花[绿菜花]""","""""","""0mg""","""0.7g""","""90μg""","""0.24mg""","""—"""
"""—""","""—""","""0.4g""","""""","""0.70mg""","""466""","""94%""","""310.0μg""","""31.0mg""","""24mg""","""0.70μg""","""""","""0.03mg""","""—""","""281mg""","""""","""""","""129kJ""","""0.50mg""","""230mg""","""49""","""2.0g""","""0.11mg""","""30.5mg""","""0.08mg""","""91.5g""","""4.7g""","""—""","""47mg""","""3.2mg""","""芥菜[雪里红，雪菜](鲜)""","""""","""""","""1.4g""","""""","""0.42mg""","""—"""
"""—""","""—""","""0.4g""","""""","""0.41mg""","""467""","""71%""","""1700.0μg""","""72.0mg""","""18mg""","""0.50μg""","""""","""0.02mg""","""—""","""224mg""","""""","""""","""79kJ""","""0.50mg""","""28mg""","""49""","""1.8g""","""0.11mg""","""29.0mg""","""0.10mg""","""94.6g""","""2.0g""","""—""","""36mg""","""1.0mg""","""芥菜(大叶，鲜)[盖菜]""","""""","""""","""1.2g""","""""","""0.70mg""","""—"""
"""—""","""—""","""0.4g""","""575μg""","""1.30mg""","""468""","""78%""","""3450.0μg""","""76.0mg""","""18mg""","""1μg""","""""","""0.02mg""","""—""","""104mg""","""2g""","""""","""107kJ""","""1.00mg""","""128mg""","""49""","""3g""","""0.09mg""","""50.5mg""","""0.11mg""","""93.2g""","""2.6g""","""1mg""","""50mg""","""2.0mg""","""芥蓝[甘蓝菜，盖蓝菜]""","""""","""0mg""","""1.0g""","""93μg""","""1mg""","""—"""
"""—""","""—""","""0.2g""","""0.0μg""","""0.16mg""","""469""","""86%""","""—""","""26.0mg""","""15mg""","""0.20μg""","""0.2μg""","""0.04mg""","""—""","""177mg""","""3.00g""","""""","""106kJ""","""0.15mg""","""65mg""","""49""","""1.2g""","""0.03mg""","""27.0mg""","""0.02mg""","""91.8g""","""6.2g""","""0.00mg""","""22mg""","""0.4mg""","""结球甘蓝(紫)""","""""","""—""","""0.6g""","""""","""0.15mg""","""—"""
"""—""","""—""","""""","""0.0μg""","""0.35mg""","""470""","""87%""","""31.0μg""","""38.0mg""","""24mg""","""0.60μg""","""—""","""0.06mg""","""—""","""350mg""","""6.60g""","""""","""150kJ""","""0.54mg""","""59mg""","""49""","""3.5g""","""0.05mg""","""35.5mg""","""0.05mg""","""86.7g""","""8.8g""","""0.00mg""","""60mg""","""0.6mg""","""抱子甘蓝""","""""","""—""","""1.0g""","""""","""0.19mg""","""—"""
"""—""","""—""","""0.4g""","""0.0μg""","""0.56mg""","""471""","""100%""","""4368.0μg""","""63.0mg""","""53mg""","""—""","""—""","""0.07mg""","""—""","""395mg""","""3.70g""","""""","""163kJ""","""1.09mg""","""66mg""","""49""","""5.0g""","""0.18mg""","""66.8mg""","""0.06mg""","""87.2g""","""5.7g""","""0.84mg""","""82mg""","""1.6mg""","""羽衣甘蓝""","""""","""—""","""1.7g""","""""","""0.40mg""","""—"""
"""—""","""—""","""""","""0.0μg""","""0.47mg""","""472""","""94%""","""487.0μg""","""14.0mg""","""28mg""","""0.60μg""","""0.7μg""","""0.02mg""","""—""","""150mg""","""2.00g""","""""","""55kJ""","""0.21mg""","""76mg""","""49""","""1.5g""","""0.07mg""","""73.5mg""","""0.04mg""","""94.8g""","""2.8g""","""—""","""33mg""","""0.5mg""","""盖菜""","""""","""—""","""0.9g""","""""","""0.15mg""","""—"""
"""—""","""—""","""0.3g""","""""","""0.85mg""","""473""","""89%""","""2920.0μg""","""32.0mg""","""58mg""","""1.00μg""","""""","""0.04mg""","""—""","""311mg""","""""","""""","""132kJ""","""0.60mg""","""66mg""","""49""","""2.6g""","""0.11mg""","""85.2mg""","""0.10mg""","""91.2g""","""4.5g""","""—""","""47mg""","""2.9mg""","""菠菜[赤根菜](鲜)""","""""","""""","""1.4g""","""""","""0.66mg""","""—"""
"""—""","""—""","""0.4g""","""""","""1.37mg""","""474""","""58%""","""6950.0μg""","""20.0mg""","""30mg""","""2.40μg""","""""","""0.15mg""","""—""","""280mg""","""""","""""","""164kJ""","""0.60mg""","""82mg""","""49""","""3.9g""","""0.05mg""","""14.0mg""","""0.13mg""","""89.6g""","""4.9g""","""—""","""56mg""","""2.4mg""","""冬寒菜[冬苋菜，冬葵](鲜)""","""""","""""","""1.2g""","""""","""2.50mg""","""—"""
"""—""","""—""","""0.3g""","""63μg""","""1.35mg""","""475""","""83%""","""380.0μg""","""23.0mg""","""20mg""","""1μg""","""""","""0.01mg""","""—""","""222mg""","""1g""","""""","""76kJ""","""0.40mg""","""70mg""","""49""","""2g""","""0.10mg""","""260.0mg""","""0.04mg""","""95.1g""","""2.1g""","""0mg""","""41mg""","""1.0mg""","""观达菜[根达菜，牛皮菜]""","""""","""0mg""","""0.8g""","""95μg""","""0.50mg""","""—"""
"""—""","""—""","""0.4g""","""""","""0.67mg""","""476""","""100%""","""970.0μg""","""41.0mg""","""33mg""","""0.90μg""","""""","""0.04mg""","""—""","""493mg""","""""","""""","""236kJ""","""""","""350mg""","""49""","""1.7g""","""""","""74.6mg""","""0.12mg""","""82.2g""","""11.3g""","""—""","""39mg""","""8.1mg""","""胡萝卜缨(红，鲜)""","""""","""""","""4.4g""","""""","""0.36mg""","""—"""
"""—""","""—""","""1g""","""90μg""","""1mg""","""477""","""100%""","""540.0μg""","""19.0mg""","""37mg""","""0.50μg""","""""","""0.09mg""","""—""","""180mg""","""5g""","""""","""240kJ""","""1mg""","""66mg""","""49""","""3g""","""0.11mg""","""9mg""","""0.17mg""","""85.3g""","""10.0g""","""3mg""","""41mg""","""9.4mg""","""苦菜[节节花，拒马菜]""","""""","""0mg""","""1.3g""","""85μg""","""2mg""","""—"""
"""—""","""—""","""0.3g""","""118μg""","""0.29mg""","""478""","""93%""","""710.0μg""","""51.0mg""","""13mg""","""1μg""","""""","""0.03mg""","""—""","""101mg""","""1g""","""""","""108kJ""","""0.40mg""","""238mg""","""49""","""2g""","""0.13mg""","""43.1mg""","""0.04mg""","""92.8g""","""4.1g""","""1mg""","""32mg""","""0.2mg""","""萝卜缨(小萝卜)""","""""","""0mg""","""1.2g""","""93μg""","""0.45mg""","""—"""
"""—""","""—""","""0.1g""","""10μg""","""0.46mg""","""479""","""66%""","""60.0μg""","""12.0mg""","""10mg""","""0.50μg""","""""","""0.01mg""","""—""","""154mg""","""1g""","""""","""84kJ""","""0.40mg""","""48mg""","""49""","""1g""","""0.08mg""","""74mg""","""0.09mg""","""94.2g""","""3.9g""","""2mg""","""50mg""","""1mg""","""芹菜(白茎)[旱芹，药芹]""","""""","""0mg""","""1.0g""","""94μg""","""0.17mg""","""—"""
"""—""","""—""","""0.2g""","""57μg""","""0.24mg""","""480""","""67%""","""340.0μg""","""8.0mg""","""18mg""","""1μg""","""""","""0.02mg""","""—""","""206mg""","""1g""","""""","""104kJ""","""0.40mg""","""80mg""","""49""","""1.2g""","""0.06mg""","""159.0mg""","""0.09mg""","""93.1g""","""4.5g""","""1mg""","""38mg""","""1.2mg""","""芹菜茎""","""""","""0mg""","""1.0g""","""93μg""","""0.16mg""","""—"""
"""—""","""—""","""0.6g""","""""","""1.14mg""","""481""","""100%""","""2930.0μg""","""22.0mg""","""58mg""","""2.00μg""","""""","""0.08mg""","""—""","""137mg""","""""","""""","""167kJ""","""0.90mg""","""40mg""","""49""","""2.6g""","""0.15mg""","""83.0mg""","""0.99mg""","""89.4g""","""5.9g""","""—""","""64mg""","""0.6mg""","""芹菜叶(鲜)""","""""","""""","""1.5g""","""""","""0.54mg""","""—"""
"""—""","""—""","""0.4g""","""60μg""","""0.43mg""","""482""","""81%""","""360.0μg""","""20.0mg""","""29mg""","""2μg""","""""","""0mg""","""—""","""100mg""","""1g""","""""","""74kJ""","""0.20mg""","""70mg""","""49""","""1.4g""","""0.10mg""","""80.0mg""","""0.08mg""","""95.7g""","""2.1g""","""0mg""","""31mg""","""1.2mg""","""生菜(牛俐)[油麦菜]""","""""","""0mg""","""0.4g""","""96μg""","""0.15mg""","""—"""
"""—""","""—""","""0.3g""","""298μg""","""0.27mg""","""483""","""94%""","""1790.0μg""","""13.0mg""","""18mg""","""1.20μg""","""""","""0.03mg""","""—""","""170mg""","""1g""","""""","""67kJ""","""0.40mg""","""34mg""","""49""","""1.3g""","""0.06mg""","""33mg""","""0.03mg""","""95.8g""","""2.0g""","""1mg""","""27mg""","""1mg""","""生菜(叶用莴苣)""","""""","""0mg""","""0.6g""","""96μg""","""0.13mg""","""—"""
"""—""","""—""","""0.1g""","""""","""0.38mg""","""484""","""100%""","""""","""30.0mg""","""72mg""","""""","""""","""0.10mg""","""—""","""547mg""","""""","""""","""101kJ""","""0.40mg""","""117mg""","""49""","""1.8g""","""0.22mg""","""201.0mg""","""0.19mg""","""92.2g""","""3.9g""","""—""","""40mg""","""3.3mg""","""甜菜叶(鲜)""","""""","""0mg""","""2.0g""","""""","""""","""—"""
"""—""","""—""","""0.4g""","""""","""0.45mg""","""485""","""81%""","""1160.0μg""","""48.0mg""","""33mg""","""0.50μg""","""""","""0.04mg""","""—""","""272mg""","""""","""""","""151kJ""","""2.20mg""","""101mg""","""49""","""1.8g""","""0.14mg""","""48.5mg""","""0.21mg""","""90.5g""","""6.2g""","""—""","""49mg""","""2.9mg""","""香菜[芫荽](鲜)""","""""","""""","""1.1g""","""""","""0.28mg""","""—"""
"""—""","""—""","""0.3g""","""""","""0.80mg""","""486""","""74%""","""2110.0μg""","""47.0mg""","""119mg""","""0.50μg""","""""","""0.03mg""","""—""","""207mg""","""""","""""","""144kJ""","""0.80mg""","""187mg""","""49""","""2.8g""","""0.12mg""","""32.4mg""","""0.13mg""","""90.2g""","""5.0g""","""—""","""59mg""","""5.4mg""","""苋菜(绿，鲜)""","""""","""""","""1.7g""","""""","""0.78mg""","""—"""
"""—""","""—""","""0.4g""","""""","""0.70mg""","""487""","""73%""","""1490.0μg""","""30.0mg""","""38mg""","""0.10μg""","""""","""0.03mg""","""—""","""340mg""","""""","""""","""163kJ""","""0.60mg""","""178mg""","""49""","""2.8g""","""0.10mg""","""42.3mg""","""0.07mg""","""88.8g""","""5.9g""","""—""","""63mg""","""2.9mg""","""苋菜(紫,鲜)[红苋]""","""""","""""","""2.1g""","""""","""0.35mg""","""—"""
"""—""","""—""","""0.3g""","""""","""0.35mg""","""488""","""82%""","""1510.0μg""","""18.0mg""","""20mg""","""0.60μg""","""""","""0.04mg""","""—""","""220mg""","""""","""""","""110kJ""","""0.60mg""","""73mg""","""49""","""1.9g""","""0.09mg""","""161.3mg""","""0.06mg""","""93.0g""","""3.9g""","""—""","""36mg""","""2.5mg""","""茼蒿[蓬蒿菜，艾菜](鲜)""","""""","""""","""0.9g""","""""","""0.28mg""","""—"""
"""—""","""—""","""0.4g""","""""","""0.73mg""","""489""","""86%""","""2410.0μg""","""26.0mg""","""46mg""","""0.80μg""","""""","""0.06mg""","""—""","""149mg""","""""","""""","""129kJ""","""0.80mg""","""154mg""","""49""","""2.5g""","""0.09mg""","""186.3mg""","""0.04mg""","""91.2g""","""4.2g""","""—""","""23mg""","""1.2mg""","""茴香[小茴香](鲜)""","""""","""""","""1.7g""","""""","""0.31mg""","""—"""
"""—""","""—""","""0.4g""","""""","""0.68mg""","""490""","""88%""","""2590.0μg""","""43.0mg""","""37mg""","""0.50μg""","""""","""0.04mg""","""—""","""280mg""","""""","""""","""144kJ""","""0.60mg""","""294mg""","""49""","""2.9g""","""0.15mg""","""31.6mg""","""0.29mg""","""90.6g""","""4.7g""","""—""","""81mg""","""5.4mg""","""荠菜[蓟菜，菱角菜](鲜)""","""""","""""","""1.4g""","""""","""0.65mg""","""—"""
"""—""","""—""","""0.1g""","""""","""0.33mg""","""491""","""62%""","""150.0μg""","""4.0mg""","""19mg""","""0.50μg""","""""","""0.02mg""","""—""","""212mg""","""""","""""","""68kJ""","""0.50mg""","""23mg""","""49""","""1.0g""","""0.02mg""","""36.5mg""","""0.07mg""","""95.5g""","""2.8g""","""—""","""48mg""","""0.9mg""","""莴笋[莴苣](鲜)""","""""","""""","""0.6g""","""""","""0.19mg""","""—"""
"""—""","""—""","""0.2g""","""147μg""","""1mg""","""492""","""89%""","""880.0μg""","""13.0mg""","""19mg""","""1μg""","""""","""0.06mg""","""—""","""148mg""","""1g""","""""","""92kJ""","""0.40mg""","""34mg""","""49""","""1.4g""","""0.10mg""","""39.1mg""","""0.09mg""","""94.2g""","""3.6g""","""1mg""","""26mg""","""2mg""","""莴笋叶[莴苣叶]""","""""","""0mg""","""0.6g""","""94μg""","""0.26mg""","""—"""
"""—""","""—""","""0.3g""","""253μg""","""0.39mg""","""493""","""76%""","""1520.0μg""","""25.0mg""","""29mg""","""1.20μg""","""""","""0.03mg""","""—""","""243mg""","""1g""","""""","""110kJ""","""1mg""","""99mg""","""49""","""2.2g""","""0.08mg""","""94.3mg""","""0.10mg""","""92.9g""","""3.6g""","""1mg""","""38mg""","""2.3mg""","""蕹菜[空心菜，藤藤菜]""","""""","""0mg""","""1.0g""","""93μg""","""1mg""","""—"""
"""—""","""—""","""0.1g""","""0.0μg""","""0.36mg""","""494""","""100%""","""628.0μg""","""Tr""","""38mg""","""0.30μg""","""0.9μg""","""0.03mg""","""—""","""107mg""","""2.60g""","""""","""60kJ""","""0.23mg""","""136mg""","""49""","""1.8g""","""0.09mg""","""445.2mg""","""0.04mg""","""94.0g""","""2.9g""","""0.20mg""","""25mg""","""0.8mg""","""番杏[新西兰菠菜、夏菠菜]""","""""","""—""","""1.2g""","""""","""0.76mg""","""—"""
"""—""","""—""","""0.1g""","""0.0μg""","""0.40mg""","""495""","""100%""","""1440.0μg""","""14.0mg""","""45mg""","""0.60μg""","""—""","""0.04mg""","""—""","""126mg""","""2.70g""","""""","""59kJ""","""0.26mg""","""56mg""","""49""","""2.0g""","""0.09mg""","""111.3mg""","""0.03mg""","""94.0g""","""2.7g""","""1.40mg""","""50mg""","""3.9mg""","""樱桃萝卜缨""","""""","""—""","""1.2g""","""""","""0.51mg""","""—"""
"""—""","""—""","""""","""0.0μg""","""0.23mg""","""496""","""100%""","""1066.0μg""","""6.0mg""","""63mg""","""0.80μg""","""—""","""0.03mg""","""—""","""192mg""","""3.20g""","""""","""66kJ""","""0.77mg""","""41mg""","""49""","""1.6g""","""0.06mg""","""152.0mg""","""0.09mg""","""93.4g""","""4.0g""","""0.10mg""","""29mg""","""1.8mg""","""白凤菜""","""""","""—""","""1.0g""","""""","""0.70mg""","""—"""
"""—""","""—""","""""","""0.0μg""","""0.37mg""","""497""","""100%""","""1847.0μg""","""3.0mg""","""72mg""","""0.90μg""","""—""","""0.05mg""","""—""","""367mg""","""2.60g""","""""","""74kJ""","""0.27mg""","""69mg""","""49""","""1.9g""","""0.08mg""","""19.3mg""","""0.09mg""","""93.1g""","""3.8g""","""—""","""31mg""","""0.8mg""","""紫背天葵[红风菜、血皮菜]""","""""","""—""","""1.2g""","""""","""0.80mg""","""—"""
"""—""","""—""","""0.3g""","""0.0μg""","""0.18mg""","""498""","""100%""","""470.0μg""","""6.4mg""","""64mg""","""1.40μg""","""—""","""0.01mg""","""—""","""290mg""","""""","""""","""120kJ""","""—""","""76mg""","""49""","""1.9g""","""0.24mg""","""220.0mg""","""0.02mg""","""91.8g""","""4.5g""","""—""","""17mg""","""1.3mg""","""观达菜[根达菜、牛皮菜]""","""""","""—""","""1.5g""","""""","""0.48mg""","""—"""
"""—""","""—""","""0.2g""","""""","""0.33mg""","""499""","""63%""","""""","""5.0mg""","""1mg""","""0.00μg""","""""","""0.08mg""","""—""","""389mg""","""""","""""","""113kJ""","""0.60mg""","""9mg""","""49""","""2.6g""","""0.08mg""","""0.4mg""","""0.09mg""","""92.8g""","""3.6g""","""—""","""64mg""","""0.5mg""","""竹笋(鲜)""","""""","""""","""0.8g""","""""","""1.14mg""","""—"""
"""—""","""—""","""4.0g""","""2μg""","""3.30mg""","""500""","""64%""","""10.0μg""","""0mg""","""22mg""","""2.30μg""","""""","""0mg""","""—""","""1754mg""","""43g""","""""","""1561kJ""","""0.20mg""","""31mg""","""49""","""26.0g""","""0.32mg""","""1mg""","""2mg""","""10.0g""","""57.1g""","""0mg""","""222mg""","""4.2mg""","""白笋(干)""","""""","""0mg""","""2.9g""","""10μg""","""2.20mg""","""—"""
"""—""","""—""","""0.1g""","""""","""0.43mg""","""501""","""66%""","""30.0μg""","""5.0mg""","""8mg""","""0.70μg""","""""","""0.05mg""","""—""","""300mg""","""""","""""","""131kJ""","""0.40mg""","""8mg""","""49""","""2.4g""","""0.04mg""","""6.0mg""","""0.15mg""","""91.4g""","""5.1g""","""—""","""36mg""","""2.4mg""","""春笋(鲜)""","""""","""""","""1.0g""","""""","""0.78mg""","""—"""
"""—""","""—""","""0.1g""","""""","""""","""502""","""39%""","""80.0μg""","""1.0mg""","""""","""""","""""","""0.08mg""","""—""","""""","""""","""""","""184kJ""","""0.60mg""","""22mg""","""49""","""4.1g""","""0.08mg""","""""","""""","""88.1g""","""6.5g""","""—""","""56mg""","""0.1mg""","""冬笋(鲜)""","""""","""""","""1.2g""","""""","""""","""—"""
"""—""","""—""","""2.4g""","""0μg""","""8mg""","""503""","""76%""","""8μg""","""0mg""","""82mg""","""4.20μg""","""""","""0mg""","""—""","""115mg""","""27g""","""""","""1366kJ""","""2mg""","""30mg""","""49""","""18g""","""0.41mg""","""6.2mg""","""1.30mg""","""14.4g""","""57.5g""","""0mg""","""426mg""","""19mg""","""黑笋(干)""","""""","""0mg""","""8.1g""","""14μg""","""5.43mg""","""—"""
"""—""","""—""","""0.2g""","""""","""0.47mg""","""504""","""67%""","""""","""9.0mg""","""8mg""","""0.40μg""","""""","""0.04mg""","""—""","""318mg""","""""","""""","""109kJ""","""0.30mg""","""16mg""","""49""","""2.2g""","""0.05mg""","""5.2mg""","""0.07mg""","""93.1g""","""3.8g""","""—""","""34mg""","""0.9mg""","""毛笋[毛竹笋](鲜)""","""""","""""","""0.7g""","""""","""0.35mg""","""—"""
"""—""","""—""","""0.4g""","""0μg""","""0.23mg""","""505""","""100%""","""0μg""","""1.0mg""","""5mg""","""0μg""","""""","""0.04mg""","""—""","""66mg""","""11g""","""""","""375kJ""","""0.10mg""","""42mg""","""49""","""3g""","""0.07mg""","""2mg""","""0.04mg""","""78.0g""","""18.6g""","""2mg""","""29mg""","""4mg""","""玉兰片""","""""","""0mg""","""0.4g""","""78μg""","""1mg""","""—"""
"""—""","""—""","""0.1g""","""""","""0.50mg""","""506""","""82%""","""""","""18.0mg""","""43mg""","""0.20μg""","""""","""0.02mg""","""—""","""510mg""","""""","""""","""718kJ""","""0.70mg""","""11mg""","""49""","""3.2g""","""0.04mg""","""6.7mg""","""0.24mg""","""56.7g""","""38.8g""","""—""","""61mg""","""1.0mg""","""百合(鲜)""","""""","""""","""1.2g""","""""","""0.35mg""","""—"""
"""59.1%""","""32.8%""","""0.5g""","""0μg""","""1.31mg""","""507""","""100%""","""3μg""","""0mg""","""42mg""","""2.30μg""","""""","""0.05mg""","""99.4%""","""344mg""","""2g""","""""","""1484kJ""","""1mg""","""32mg""","""49""","""7g""","""0.09mg""","""37.3mg""","""1.09mg""","""10.3g""","""79.5g""","""0mg""","""92mg""","""6mg""","""百合(干)""","""""","""0mg""","""3.0g""","""10μg""","""1mg""","""7.5%"""
"""—""","""—""","""1.4g""","""307μg""","""4mg""","""508""","""98%""","""1840.0μg""","""10.0mg""","""85mg""","""4.20μg""","""""","""0.05mg""","""—""","""610mg""","""8g""","""""","""975kJ""","""3.10mg""","""301mg""","""49""","""19.4g""","""0.21mg""","""59.2mg""","""0.37mg""","""40.3g""","""34.9g""","""5mg""","""216mg""","""8.1mg""","""金针菜[黄花菜]""","""""","""0mg""","""4.0g""","""40μg""","""1.21mg""","""—"""
"""—""","""—""","""0.2g""","""205μg""","""1mg""","""509""","""100%""","""1μg""","""7.0mg""","""15mg""","""0μg""","""""","""0.08mg""","""—""","""314mg""","""1g""","""""","""86kJ""","""0.40mg""","""52mg""","""49""","""1.3g""","""0.08mg""","""22.0mg""","""0.10mg""","""93.8g""","""3.3g""","""0mg""","""28mg""","""1mg""","""菊苣""","""""","""0mg""","""1.4g""","""94μg""","""0.42mg""","""—"""
"""—""","""—""","""0.1g""","""17μg""","""0.41mg""","""510""","""90%""","""100.0μg""","""45.0mg""","""10mg""","""0.20μg""","""""","""0.04mg""","""—""","""213mg""","""2g""","""""","""111kJ""","""1mg""","""10mg""","""49""","""1.4g""","""0.05mg""","""3.1mg""","""0.07mg""","""93.0g""","""4.9g""","""0mg""","""42mg""","""1.4mg""","""芦笋[石刁柏，龙须菜]""","""""","""0mg""","""0.6g""","""93μg""","""0.17mg""","""—"""
"""—""","""—""","""0.2g""","""0.0μg""","""0.39mg""","""511""","""89%""","""104.0μg""","""2.0mg""","""20mg""","""0.30μg""","""—""","""0.04mg""","""—""","""365mg""","""2.70g""","""""","""72kJ""","""0.23mg""","""78mg""","""49""","""1.8g""","""0.04mg""","""24.9mg""","""0.10mg""","""93.8g""","""3.4g""","""0.02mg""","""53mg""","""0.8mg""","""结球菊苣""","""""","""—""","""0.8g""","""""","""0.25mg""","""—"""
"""—""","""—""","""0.2g""","""0.0μg""","""0.24mg""","""512""","""97%""","""14.0μg""","""1.0mg""","""20mg""","""0.20μg""","""Tr""","""0.04mg""","""—""","""216mg""","""1.70g""","""""","""70kJ""","""0.07mg""","""11mg""","""49""","""1.5g""","""0.02mg""","""33.6mg""","""0.06mg""","""94.7g""","""3.1g""","""0.01mg""","""53mg""","""0.2mg""","""软化白菊苣""","""""","""—""","""0.5g""","""""","""0.14mg""","""—"""
"""—""","""—""","""0.2g""","""""","""0.99mg""","""513""","""89%""","""""","""4.0mg""","""24mg""","""0.90μg""","""""","""0.14mg""","""—""","""707mg""","""""","""""","""424kJ""","""1.60mg""","""14mg""","""50""","""4.6g""","""0.07mg""","""39.1mg""","""0.22mg""","""73.6g""","""19.9g""","""—""","""157mg""","""2.2mg""","""慈菇[乌芋，白地果](鲜)""","""""","""""","""1.7g""","""""","""0.39mg""","""—"""
"""—""","""—""","""0.5g""","""""","""0.69mg""","""514""","""73%""","""9550.0μg""","""52.0mg""","""9mg""","""0.70μg""","""""","""0.01mg""","""—""","""179mg""","""""","""""","""93kJ""","""0.30mg""","""30mg""","""50""","""2.9g""","""0.11mg""","""61.2mg""","""0.06mg""","""94.5g""","""1.5g""","""—""","""26mg""","""1.0mg""","""豆瓣菜[西洋菜，水田芥](鲜)""","""""","""""","""0.6g""","""""","""0.25mg""","""—"""
"""—""","""—""","""0.1g""","""""","""0.62mg""","""515""","""57%""","""10.0μg""","""13.0mg""","""49mg""","""""","""""","""0.19mg""","""—""","""437mg""","""""","""""","""444kJ""","""1.50mg""","""7mg""","""50""","""4.5g""","""0.06mg""","""5.8mg""","""0.18mg""","""73.0g""","""21.4g""","""—""","""93mg""","""0.6mg""","""菱角(老,鲜)[龙角]""","""""","""""","""1.0g""","""""","""0.38mg""","""—"""
"""—""","""—""","""0.2g""","""3μg""","""0.23mg""","""516""","""88%""","""20.0μg""","""44.0mg""","""19mg""","""0.40μg""","""""","""0.09mg""","""—""","""243mg""","""1g""","""""","""319kJ""","""0.30mg""","""39mg""","""50""","""2g""","""0.03mg""","""44.2mg""","""0.11mg""","""80.5g""","""16.4g""","""1mg""","""58mg""","""1.4mg""","""藕[莲藕]""","""""","""0mg""","""1.0g""","""80μg""","""1.30mg""","""—"""
"""—""","""—""","""0.1g""","""""","""""","""517""","""12%""","""10.0μg""","""6.0mg""","""""","""""","""""","""0.03mg""","""—""","""""","""""","""""","""65kJ""","""0.50mg""","""53mg""","""50""","""1.2g""","""0.04mg""","""""","""""","""95.0g""","""2.4g""","""—""","""24mg""","""0.2mg""","""蒲菜[香蒲，甘蒲，野茭白](鲜)""","""""","""""","""1.3g""","""""","""""","""—"""
"""—""","""—""","""0.2g""","""63μg""","""0.38mg""","""518""","""60%""","""380.0μg""","""5.0mg""","""16mg""","""1μg""","""""","""0.01mg""","""—""","""212mg""","""1g""","""""","""62kJ""","""1.00mg""","""38mg""","""50""","""1.4g""","""0.19mg""","""41mg""","""0.10mg""","""96.2g""","""1.8g""","""0mg""","""32mg""","""7mg""","""水芹菜""","""""","""0mg""","""0.4g""","""96μg""","""1mg""","""—"""
"""—""","""—""","""0.2g""","""""","""0.33mg""","""519""","""74%""","""30.0μg""","""5.0mg""","""8mg""","""0.40μg""","""""","""0.02mg""","""—""","""209mg""","""""","""""","""128kJ""","""0.50mg""","""4mg""","""50""","""1.2g""","""0.03mg""","""5.8mg""","""0.06mg""","""92.2g""","""5.9g""","""—""","""36mg""","""0.4mg""","""茭白[茭笋，茭粑](鲜)""","""""","""""","""0.5g""","""""","""0.49mg""","""—"""
"""—""","""—""","""0.2g""","""""","""0.34mg""","""520""","""78%""","""20.0μg""","""7.0mg""","""12mg""","""0.70μg""","""""","""0.02mg""","""—""","""306mg""","""""","""""","""269kJ""","""0.70mg""","""4mg""","""50""","""1.2g""","""0.02mg""","""15.7mg""","""0.07mg""","""83.6g""","""14.2g""","""—""","""44mg""","""0.6mg""","""荸荠[马蹄，地栗](鲜)""","""""","""""","""0.8g""","""""","""0.11mg""","""—"""
"""—""","""—""","""0.1g""","""55μg""","""1mg""","""521""","""100%""","""330.0μg""","""0mg""","""3mg""","""1μg""","""""","""0mg""","""—""","""2mg""","""0g""","""""","""92kJ""","""0.10mg""","""42mg""","""50""","""1.4g""","""0.01mg""","""8mg""","""0.04mg""","""94.5g""","""3.8g""","""1mg""","""17mg""","""2.4mg""","""莼菜(瓶装)[花案菜]""","""""","""0mg""","""0.2g""","""94μg""","""0.26mg""","""—"""
"""—""","""—""","""0.2g""","""""","""0.38mg""","""522""","""74%""","""""","""""","""16mg""","""0.70μg""","""""","""0.05mg""","""—""","""""","""""","""""","""466kJ""","""0.50mg""","""10mg""","""51""","""2.1g""","""""","""""","""0.17mg""","""72.1g""","""24.9g""","""—""","""45mg""","""0.8mg""","""大薯[参薯](鲜)""","""""","""""","""0.7g""","""""","""""","""—"""
"""—""","""—""","""0.1g""","""""","""0.23mg""","""523""","""91%""","""""","""13.0mg""","""14mg""","""0.20μg""","""""","""0.03mg""","""—""","""111mg""","""""","""""","""247kJ""","""0.30mg""","""21mg""","""51""","""0.9g""","""0.03mg""","""5.5mg""","""0.07mg""","""85.2g""","""13.4g""","""—""","""24mg""","""0.6mg""","""豆薯[凉薯，地瓜，沙葛](鲜)""","""""","""""","""0.4g""","""""","""0.11mg""","""—"""
"""—""","""—""","""0.2g""","""""","""""","""524""","""90%""","""""","""24.0mg""","""""","""1.20μg""","""""","""0.09mg""","""—""","""""","""""","""""","""658kJ""","""""","""""","""51""","""2.2g""","""0.05mg""","""""","""""","""60.1g""","""36.1g""","""—""","""48mg""","""1.3mg""","""葛[葛署，粉葛](鲜)""","""""","""""","""1.4g""","""""","""0.20mg""","""—"""
"""—""","""—""","""0.2g""","""""","""0.27mg""","""525""","""83%""","""20.0μg""","""5.0mg""","""20mg""","""0.60μg""","""""","""0.05mg""","""—""","""213mg""","""""","""""","""251kJ""","""0.30mg""","""16mg""","""51""","""1.9g""","""0.02mg""","""18.6mg""","""0.24mg""","""84.8g""","""12.4g""","""—""","""34mg""","""0.3mg""","""山药[薯蓣，大薯](鲜)""","""""","""""","""0.7g""","""""","""0.12mg""","""—"""
"""—""","""—""","""0.2g""","""27μg""","""0.49mg""","""526""","""84%""","""160.0μg""","""6.0mg""","""23mg""","""1.40μg""","""""","""0.06mg""","""—""","""378mg""","""1g""","""""","""353kJ""","""1mg""","""36mg""","""51""","""2.2g""","""0.05mg""","""33.1mg""","""0.37mg""","""78.6g""","""18.1g""","""0mg""","""55mg""","""1.0mg""","""芋头[芋艿，毛芋]""","""""","""0mg""","""0.9g""","""79μg""","""0.30mg""","""—"""
"""—""","""—""","""0.1g""","""""","""""","""527""","""87%""","""""","""6.0mg""","""25mg""","""1.90μg""","""""","""0.03mg""","""—""","""""","""""","""""","""390kJ""","""0.30mg""","""45mg""","""51""","""3.0g""","""0.04mg""","""""","""0.02mg""","""76.4g""","""19.7g""","""—""","""33mg""","""1.4mg""","""槟榔芋(鲜)""","""""","""""","""0.8g""","""""","""""","""—"""
"""—""","""—""","""0.6g""","""""","""0.34mg""","""528""","""95%""","""170.0μg""","""4.0mg""","""44mg""","""0.60μg""","""""","""0.02mg""","""—""","""295mg""","""""","""""","""219kJ""","""0.80mg""","""27mg""","""51""","""1.3g""","""0.03mg""","""14.9mg""","""0.14mg""","""87.0g""","""10.3g""","""—""","""25mg""","""1.4mg""","""姜[黄姜](鲜)""","""""","""""","""0.8g""","""""","""3.20mg""","""—"""
"""—""","""—""","""6g""","""0μg""","""2.30mg""","""529""","""95%""","""6μg""","""0mg""","""0mg""","""3.10μg""","""""","""0mg""","""—""","""41mg""","""18g""","""""","""1454kJ""","""0mg""","""62mg""","""51""","""9.1g""","""0.10mg""","""10mg""","""1mg""","""14.9g""","""64.0g""","""0mg""","""22mg""","""85.0mg""","""姜(干)""","""""","""0mg""","""6.3g""","""15μg""","""11mg""","""—"""
"""—""","""—""","""0.6g""","""""","""0.17mg""","""530""","""82%""","""""","""2.0mg""","""24mg""","""0.10μg""","""""","""""","""—""","""160mg""","""""","""""","""97kJ""","""0.30mg""","""9mg""","""51""","""0.7g""","""0.01mg""","""1.9mg""","""0.03mg""","""94.5g""","""3.7g""","""—""","""11mg""","""0.8mg""","""姜(子姜，鲜)[嫩姜]""","""""","""""","""0.5g""","""""","""3.38mg""","""—"""
"""—""","""—""","""""","""""","""0.34mg""","""531""","""100%""","""""","""5.0mg""","""24mg""","""1.30μg""","""""","""0.01mg""","""—""","""458mg""","""""","""""","""309kJ""","""1.40mg""","""23mg""","""51""","""2.4g""","""0.10mg""","""11.5mg""","""0.19mg""","""80.8g""","""15.8g""","""—""","""27mg""","""7.2mg""","""洋姜[菊芋，鬼子姜](鲜)""","""""","""""","""1.0g""","""""","""0.21mg""","""—"""
"""—""","""—""","""0g""","""27μg""","""1mg""","""532""","""100%""","""160.0μg""","""7.0mg""","""54mg""","""0μg""","""""","""0mg""","""—""","""677mg""","""4g""","""""","""231kJ""","""0mg""","""137mg""","""52""","""0g""","""0mg""","""0.0mg""","""0.28mg""","""86.4g""","""13.6g""","""0mg""","""60mg""","""8mg""","""艾蒿""","""""","""0mg""","""""","""86μg""","""1mg""","""—"""
"""—""","""—""","""0g""","""0μg""","""0.18mg""","""533""","""100%""","""0.0μg""","""12.0mg""","""33mg""","""0μg""","""""","""0mg""","""—""","""152mg""","""0g""","""""","""107kJ""","""0mg""","""26mg""","""52""","""0g""","""0mg""","""216mg""","""0.05mg""","""93.7g""","""6.3g""","""0mg""","""6mg""","""1mg""","""白花菜""","""""","""0mg""","""""","""94μg""","""6.00mg""","""—"""
"""—""","""—""","""0g""","""0μg""","""0.21mg""","""534""","""100%""","""0.0μg""","""36.0mg""","""41mg""","""0μg""","""""","""0mg""","""—""","""146mg""","""3g""","""""","""325kJ""","""0mg""","""44mg""","""52""","""0g""","""0mg""","""12.2mg""","""0.05mg""","""80.9g""","""19.1g""","""4mg""","""106mg""","""3.1mg""","""白花桔梗""","""""","""0mg""","""""","""81μg""","""0.02mg""","""—"""
"""—""","""—""","""0.9g""","""""","""""","""535""","""100%""","""4400.0μg""","""8.0mg""","""""","""""","""""","""0.31mg""","""—""","""""","""""","""""","""251kJ""","""0.80mg""","""305mg""","""52""","""4.3g""","""""","""""","""""","""84.0g""","""8.5g""","""—""","""82mg""","""16.4mg""","""白沙蒿[沙蒿](鲜)""","""""","""""","""2.3g""","""""","""""","""—"""
"""—""","""—""","""0.7g""","""""","""0.32mg""","""536""","""100%""","""5968.0μg""","""56.0mg""","""66mg""","""""","""""","""0.13mg""","""—""","""495mg""","""""","""""","""261kJ""","""1.40mg""","""174mg""","""52""","""4.8g""","""0.28mg""","""41.6mg""","""0.64mg""","""84.0g""","""9.0g""","""—""","""40mg""","""3.4mg""","""白薯叶[甘薯叶](鲜)""","""""","""""","""1.5g""","""""","""1.41mg""","""—"""
"""—""","""—""","""""","""""","""0.72mg""","""537""","""100%""","""3510.0μg""","""0.0mg""","""104mg""","""""","""""","""""","""—""","""470mg""","""""","""""","""292kJ""","""""","""218mg""","""52""","""""","""""","""36.4mg""","""1.08mg""","""82.8g""","""17.2g""","""—""","""42mg""","""27.9mg""","""百里香(鲜)""","""""","""""","""""","""""","""0.94mg""","""—"""
"""—""","""—""","""1.0g""","""""","""1.02mg""","""538""","""100%""","""6020.0μg""","""52.0mg""","""80mg""","""""","""""","""""","""—""","""456mg""","""""","""""","""357kJ""","""""","""235mg""","""52""","""1.5g""","""0.16mg""","""1.3mg""","""0.50mg""","""79.0g""","""17.3g""","""—""","""113mg""","""3.6mg""","""败酱[胭脂麻](鲜)""","""""","""""","""1.2g""","""""","""16.41mg""","""—"""
"""—""","""—""","""0.6g""","""""","""""","""539""","""100%""","""9550.0μg""","""158.0mg""","""""","""""","""""","""""","""—""","""""","""""","""""","""335kJ""","""""","""50mg""","""52""","""6.0g""","""0.58mg""","""""","""""","""79.0g""","""12.4g""","""—""","""47mg""","""""","""扁蓄菜[竹节草](鲜)""","""""","""""","""2.0g""","""""","""""","""—"""
"""—""","""—""","""0.2g""","""""","""0.44mg""","""540""","""100%""","""80.0μg""","""11.0mg""","""47mg""","""""","""""","""0.08mg""","""—""","""220mg""","""""","""""","""239kJ""","""0.80mg""","""255mg""","""52""","""2.7g""","""0.06mg""","""164.5mg""","""0.07mg""","""85.4g""","""10.9g""","""—""","""88mg""","""1.6mg""","""朝鲜蓟(鲜)""","""""","""""","""0.8g""","""""","""0.66mg""","""—"""
"""—""","""—""","""0.4g""","""""","""0.24mg""","""541""","""100%""","""5990.0μg""","""44.0mg""","""36mg""","""""","""""","""0.04mg""","""—""","""253mg""","""""","""""","""192kJ""","""2.20mg""","""252mg""","""52""","""4.5g""","""0.33mg""","""0.2mg""","""0.37mg""","""87.0g""","""5.9g""","""—""","""40mg""","""2.3mg""","""刺儿菜[小蓟，蓟蓟菜](鲜)""","""""","""""","""2.2g""","""""","""0.20mg""","""—"""
"""—""","""—""","""""","""""","""1.36mg""","""542""","""100%""","""0.0μg""","""4.0mg""","""109mg""","""""","""""","""""","""—""","""1641mg""","""""","""""","""784kJ""","""""","""495mg""","""52""","""""","""""","""0.0mg""","""0.65mg""","""53.9g""","""46.1g""","""—""","""125mg""","""6.5mg""","""刺楸(鲜)""","""""","""""","""""","""""","""6.13mg""","""—"""
"""—""","""—""","""1.0g""","""""","""""","""543""","""100%""","""""","""""","""""","""""","""""","""""","""—""","""""","""""","""""","""549kJ""","""""","""300mg""","""52""","""7.0g""","""""","""""","""""","""67.0g""","""23.1g""","""—""","""61mg""","""""","""达乌里胡枝子[牛枝子，豆豆苗](鲜)""","""""","""""","""1.9g""","""""","""""","""—"""
"""—""","""—""","""0.3g""","""""","""""","""544""","""100%""","""4560.0μg""","""6.0mg""","""""","""""","""""","""0.04mg""","""—""","""""","""""","""""","""236kJ""","""1.40mg""","""443mg""","""52""","""4.4g""","""0.22mg""","""""","""""","""83.0g""","""8.8g""","""—""","""64mg""","""21.9mg""","""大玻璃草叶[大车前](鲜)""","""""","""""","""3.5g""","""""","""""","""—"""
"""—""","""—""","""0.5g""","""""","""""","""545""","""100%""","""""","""""","""""","""""","""""","""""","""—""","""""","""""","""""","""314kJ""","""""","""270mg""","""52""","""3.8g""","""""","""""","""""","""80.0g""","""13.6g""","""—""","""70mg""","""""","""大巢菜[野苕子，野豌豆](鲜)""","""""","""""","""2.1g""","""""","""""","""—"""
"""—""","""—""","""1.4g""","""""","""""","""546""","""100%""","""3050.0μg""","""31.0mg""","""""","""""","""""","""""","""—""","""""","""""","""""","""171kJ""","""""","""""","""52""","""1.5g""","""0.32mg""","""""","""""","""91.0g""","""5.5g""","""—""","""""","""""","""大蓟叶[飞廉叶](鲜)""","""""","""""","""0.6g""","""""","""""","""—"""
"""—""","""—""","""0.8g""","""""","""0.52mg""","""547""","""100%""","""5720.0μg""","""39.0mg""","""118mg""","""""","""""","""0.15mg""","""—""","""702mg""","""""","""""","""295kJ""","""1.60mg""","""281mg""","""52""","""5.2g""","""0.31mg""","""62.4mg""","""0.25mg""","""79.0g""","""10.4g""","""—""","""66mg""","""6.5mg""","""地肤[益明，扫帚苗](鲜)""","""""","""""","""4.6g""","""""","""0.42mg""","""—"""
"""—""","""—""","""0.7g""","""""","""0.93mg""","""548""","""100%""","""6330.0μg""","""7.0mg""","""25mg""","""""","""""","""0.04mg""","""—""","""416mg""","""""","""""","""332kJ""","""1.40mg""","""297mg""","""52""","""4.3g""","""0.25mg""","""""","""0.43mg""","""79.0g""","""13.7g""","""—""","""62mg""","""4.4mg""","""地笋[地古牛，地瓜儿苗叶](鲜)""","""""","""""","""2.3g""","""""","""0.26mg""","""—"""
"""—""","""—""","""""","""""","""1.36mg""","""549""","""100%""","""0.0μg""","""2.0mg""","""38mg""","""""","""""","""""","""—""","""444mg""","""""","""""","""304kJ""","""""","""126mg""","""52""","""""","""""","""0.0mg""","""0.22mg""","""82.1g""","""17.9g""","""—""","""97mg""","""6.2mg""","""豆腐柴(鲜)""","""""","""""","""""","""""","""12.68mg""","""—"""
"""—""","""—""","""""","""""","""0.90mg""","""550""","""100%""","""3930.0μg""","""55.0mg""","""42mg""","""""","""""","""""","""—""","""335mg""","""""","""""","""238kJ""","""""","""188mg""","""52""","""""","""""","""120.8mg""","""0.06mg""","""86.0g""","""14.0g""","""—""","""124mg""","""4.7mg""","""独行菜(鲜)""","""""","""""","""""","""""","""0.36mg""","""—"""
"""—""","""—""","""0g""","""425μg""","""0.33mg""","""551""","""100%""","""2550.0μg""","""46.0mg""","""44mg""","""0μg""","""""","""0mg""","""—""","""221mg""","""2g""","""""","""146kJ""","""0mg""","""97mg""","""52""","""0g""","""0mg""","""28.0mg""","""0.06mg""","""91.4g""","""8.6g""","""0mg""","""37mg""","""1.4mg""","""番杏[夏菠菜，新西兰菠菜]""","""""","""0mg""","""""","""91μg""","""1mg""","""—"""
"""—""","""—""","""0.7g""","""""","""""","""552""","""""","""400.0μg""","""30.0mg""","""""","""""","""""","""0.04mg""","""—""","""""","""""","""""","""368kJ""","""6.60mg""","""83mg""","""52""","""3.1g""","""0.18mg""","""""","""""","""78.0g""","""17.0g""","""—""","""69mg""","""3.6mg""","""槐花[洋槐花，豆槐花](鲜)""","""""","""""","""1.2g""","""""","""""","""—"""
"""—""","""—""","""0.9g""","""""","""""","""553""","""100%""","""2140.0μg""","""62.0mg""","""""","""""","""""","""""","""—""","""""","""""","""""","""191kJ""","""""","""""","""52""","""2.5g""","""""","""""","""""","""88.2g""","""6.8g""","""—""","""""","""""","""苦苦菜(鲜)""","""""","""""","""1.6g""","""""","""""","""—"""
"""—""","""—""","""0.5g""","""""","""""","""554""","""""","""2230.0μg""","""23.0mg""","""""","""""","""""","""0.03mg""","""—""","""""","""""","""""","""124kJ""","""0.70mg""","""85mg""","""52""","""2.3g""","""0.11mg""","""""","""""","""92.0g""","""3.9g""","""—""","""56mg""","""1.5mg""","""马齿苋[长寿菜，瓜子菜](鲜)""","""""","""""","""1.3g""","""""","""""","""—"""
"""—""","""—""","""0.4g""","""""","""0.87mg""","""555""","""100%""","""2040.0μg""","""26.0mg""","""14mg""","""0.80μg""","""""","""0.06mg""","""—""","""285mg""","""""","""""","""134kJ""","""0.80mg""","""67mg""","""52""","""2.4g""","""0.13mg""","""15.2mg""","""0.13mg""","""91.4g""","""4.6g""","""—""","""38mg""","""2.4mg""","""马兰头[马兰，鸡儿肠，路边菊](鲜)""","""""","""""","""1.2g""","""""","""0.44mg""","""—"""
"""—""","""—""","""""","""""","""0.89mg""","""556""","""""","""4110.0μg""","""43.0mg""","""66mg""","""""","""""","""""","""—""","""442mg""","""""","""""","""299kJ""","""""","""218mg""","""52""","""""","""""","""16.2mg""","""0.90mg""","""82.4g""","""17.6g""","""—""","""51mg""","""10.7mg""","""牛至""","""""","""""","""""","""""","""0.60mg""","""—"""
"""—""","""—""","""0.8g""","""""","""""","""557""","""""","""3900.0μg""","""25.0mg""","""""","""""","""""","""0.02mg""","""—""","""""","""""","""""","""196kJ""","""1.10mg""","""242mg""","""52""","""4.7g""","""0.29mg""","""""","""""","""87.0g""","""5.1g""","""—""","""61mg""","""7.6mg""","""牛蒡叶(鲜)""","""""","""""","""2.4g""","""""","""""","""—"""
"""—""","""—""","""""","""""","""0.37mg""","""558""","""""","""0.0μg""","""12.0mg""","""31mg""","""""","""""","""""","""—""","""655mg""","""""","""""","""209kJ""","""""","""71mg""","""52""","""""","""""","""77.2mg""","""0.24mg""","""87.7g""","""12.3g""","""—""","""71mg""","""0.9mg""","""球茎茴香""","""""","""""","""""","""""","""0.14mg""","""—"""
"""—""","""—""","""0.5g""","""""","""0.12mg""","""559""","""86%""","""410.0μg""","""57.0mg""","""36mg""","""""","""""","""""","""—""","""239mg""","""""","""""","""107kJ""","""0.60mg""","""131mg""","""52""","""1.8g""","""0.68mg""","""28.0mg""","""0.13mg""","""93.2g""","""3.4g""","""—""","""27mg""","""5.8mg""","""汤菜(鲜)""","""""","""""","""1.1g""","""""","""""","""—"""
"""—""","""—""","""0.7g""","""""","""""","""560""","""""","""3760.0μg""","""28.0mg""","""""","""""","""""","""""","""—""","""""","""""","""""","""284kJ""","""1.20mg""","""""","""52""","""2.5g""","""0.21mg""","""""","""""","""81.0g""","""12.7g""","""—""","""""","""""","""夏枯草[铁色草](鲜)""","""""","""""","""3.1g""","""""","""""","""—"""
"""—""","""—""","""0.4g""","""""","""2.25mg""","""561""","""76%""","""700.0μg""","""40.0mg""","""36mg""","""0.40μg""","""""","""0.07mg""","""—""","""172mg""","""""","""""","""229kJ""","""0.90mg""","""96mg""","""52""","""1.7g""","""0.12mg""","""4.6mg""","""0.09mg""","""85.2g""","""10.9g""","""—""","""147mg""","""3.9mg""","""香椿[香椿芽](鲜)""","""""","""""","""1.8g""","""""","""0.35mg""","""—"""
"""—""","""—""","""0.4g""","""""","""3.27mg""","""562""","""100%""","""730.0μg""","""11.0mg""","""47mg""","""0.40μg""","""""","""0.04mg""","""—""","""134mg""","""""","""""","""226kJ""","""0.90mg""","""62mg""","""52""","""4.8g""","""0.12mg""","""0.7mg""","""0.24mg""","""85.2g""","""7.6g""","""—""","""104mg""","""7.9mg""","""榆钱(鲜)""","""""","""""","""2.0g""","""""","""0.78mg""","""—"""
"""—""","""—""","""""","""""","""0.49mg""","""563""","""""","""5440.0μg""","""33.0mg""","""52mg""","""""","""""","""""","""—""","""237mg""","""""","""""","""197kJ""","""""","""218mg""","""52""","""""","""""","""7.5mg""","""1.07mg""","""88.4g""","""11.6g""","""—""","""30mg""","""9.7mg""","""苣荬菜(尖叶)[取荬菜，苦麻子]""","""""","""""","""""","""""","""0.55mg""","""—"""
"""—""","""—""","""1.0g""","""""","""2.01mg""","""564""","""100%""","""2640.0μg""","""118.0mg""","""61mg""","""8.50μg""","""""","""0.10mg""","""—""","""497mg""","""""","""""","""289kJ""","""2.20mg""","""713mg""","""52""","""3.9g""","""0.73mg""","""5.8mg""","""""","""81.8g""","""10.9g""","""—""","""78mg""","""9.7mg""","""苜蓿[草头，金花菜]""","""""","""""","""2.4g""","""""","""0.79mg""","""—"""
"""—""","""—""","""0.2g""","""""","""0.42mg""","""565""","""65%""","""290.0μg""","""5.0mg""","""9mg""","""1.50μg""","""""","""0.02mg""","""—""","""262mg""","""""","""""","""65kJ""","""1.80mg""","""89mg""","""52""","""0.7g""","""0.02mg""","""109.4mg""","""0.05mg""","""95.6g""","""2.7g""","""—""","""26mg""","""1.1mg""","""荞菜[野荞](鲜)""","""""","""""","""0.8g""","""""","""0.19mg""","""—"""
"""—""","""—""","""0.4g""","""""","""0.60mg""","""566""","""""","""1100.0μg""","""23.0mg""","""30mg""","""""","""""","""""","""—""","""292mg""","""""","""""","""195kJ""","""""","""17mg""","""52""","""1.6g""","""""","""""","""0.16mg""","""88.6g""","""9.0g""","""—""","""50mg""","""4.2mg""","""蕨菜[龙头菜，如意菜](鲜)""","""""","""""","""0.4g""","""""","""0.32mg""","""—"""
"""—""","""—""","""1.1g""","""""","""0.21mg""","""567""","""49%""","""3550.0μg""","""58.0mg""","""74mg""","""0.40μg""","""""","""0.08mg""","""—""","""170mg""","""""","""""","""212kJ""","""1.30mg""","""36mg""","""52""","""5.6g""","""0.32mg""","""29.8mg""","""0.21mg""","""87.8g""","""4.5g""","""—""","""32mg""","""2.4mg""","""枸杞菜[枸杞，地骨](鲜)""","""""","""""","""1.0g""","""""","""0.37mg""","""—"""
"""—""","""—""","""0.5g""","""""","""""","""568""","""100%""","""5240.0μg""","""127.0mg""","""""","""""","""""","""0.25mg""","""—""","""""","""""","""""","""282kJ""","""""","""27mg""","""52""","""3.1g""","""0.31mg""","""""","""""","""84.0g""","""12.4g""","""—""","""125mg""","""5.6mg""","""酢浆草[酸酸草，酸溜溜](鲜)""","""""","""""","""""","""""","""""","""—"""
"""—""","""—""","""""","""0.0μg""","""0.40mg""","""569""","""100%""","""Tr""","""16.0mg""","""145mg""","""1.20μg""","""—""","""0.03mg""","""—""","""494mg""","""9.60g""","""""","""131kJ""","""1.04mg""","""57mg""","""52""","""2.1g""","""0.12mg""","""21.6mg""","""0.09mg""","""84.9g""","""10.7g""","""—""","""31mg""","""2.3mg""","""鱼腥草(叶)[蕺菜、臭菜]""","""""","""—""","""2.3g""","""""","""1.00mg""","""—"""
"""—""","""—""","""""","""0.0μg""","""0.69mg""","""570""","""86%""","""41.0μg""","""3.0mg""","""27mg""","""0.40μg""","""—""","""0.09mg""","""—""","""469mg""","""11.80g""","""""","""261kJ""","""0.78mg""","""74mg""","""52""","""2.1g""","""0.06mg""","""42.4mg""","""0.11mg""","""77.4g""","""19.5g""","""0.30mg""","""55mg""","""2.3mg""","""鱼腥草(根)""","""""","""—""","""1.0g""","""""","""1.28mg""","""—"""
"""—""","""—""","""0.2g""","""0μg""","""1mg""","""571""","""100%""","""0μg""","""0mg""","""21mg""","""0.00μg""","""""","""0.08mg""","""—""","""179mg""","""2g""","""""","""126kJ""","""8.00mg""","""17mg""","""53""","""3g""","""0.34mg""","""73.0mg""","""0.40mg""","""92.3g""","""4.3g""","""0mg""","""33mg""","""1.3mg""","""草菇[大黑头细花草]""","""""","""0mg""","""0.5g""","""92μg""","""0.09mg""","""—"""
"""—""","""—""","""3g""","""13μg""","""4mg""","""572""","""100%""","""80.0μg""","""2.0mg""","""30mg""","""11μg""","""""","""0.26mg""","""—""","""228mg""","""32g""","""""","""1384kJ""","""20mg""","""1mg""","""53""","""24.4g""","""7mg""","""2mg""","""2.30mg""","""15.5g""","""50.9g""","""0mg""","""523mg""","""8mg""","""大红菇(干)[草质红菇]""","""""","""0mg""","""6.4g""","""16μg""","""1mg""","""—"""
"""—""","""—""","""1.3g""","""5μg""","""4.20mg""","""573""","""86%""","""30.0μg""","""5.0mg""","""104mg""","""7.40μg""","""""","""0.17mg""","""—""","""1155mg""","""32g""","""""","""1449kJ""","""24.40mg""","""55mg""","""53""","""18g""","""1.40mg""","""20.4mg""","""0.45mg""","""13.4g""","""64.6g""","""3mg""","""469mg""","""10.5mg""","""冬菇(干)[毛柄金线菌]""","""""","""0mg""","""2.9g""","""13μg""","""5.02mg""","""—"""
"""—""","""—""","""2g""","""12μg""","""5.26mg""","""574""","""89%""","""70.0μg""","""0mg""","""91mg""","""1.10μg""","""""","""0.15mg""","""—""","""1953mg""","""18g""","""""","""1016kJ""","""6mg""","""11mg""","""53""","""16.4g""","""1.00mg""","""6.1mg""","""0.46mg""","""39.3g""","""40.1g""","""1mg""","""194mg""","""22.5mg""","""黄蘑(干)""","""""","""0mg""","""2.7g""","""39μg""","""3.09mg""","""—"""
"""—""","""—""","""0.4g""","""""","""0.39mg""","""575""","""100%""","""30.0μg""","""2.0mg""","""17mg""","""0.30μg""","""""","""0.15mg""","""—""","""195mg""","""""","""""","""158kJ""","""4.10mg""","""""","""53""","""2.4g""","""0.19mg""","""4.3mg""","""0.14mg""","""90.2g""","""6.0g""","""—""","""97mg""","""1.4mg""","""金针菇[智力菇](鲜)""","""""","""""","""1.0g""","""""","""0.10mg""","""—"""
"""—""","""—""","""3.3g""","""0μg""","""9.04mg""","""576""","""100%""","""17μg""","""0mg""","""167mg""","""0μg""","""""","""0.07mg""","""—""","""3106mg""","""17g""","""""","""1317kJ""","""44.30mg""","""169mg""","""53""","""39g""","""0.08mg""","""5.2mg""","""6mg""","""9.2g""","""31.6g""","""9mg""","""1655mg""","""19.4mg""","""口蘑(白蘑)""","""""","""0mg""","""17.2g""","""9μg""","""6mg""","""—"""
"""3.9%""","""70.9%""","""0.1g""","""2μg""","""1mg""","""577""","""99%""","""10.0μg""","""2.0mg""","""11mg""","""1μg""","""""","""0.08mg""","""98.3%""","""312mg""","""2g""","""""","""119kJ""","""4.00mg""","""6mg""","""53""","""3g""","""0.35mg""","""8.3mg""","""0.49mg""","""92.4g""","""4.1g""","""1mg""","""94mg""","""1.2mg""","""蘑菇(鲜蘑)""","""""","""0mg""","""0.7g""","""92μg""","""0.11mg""","""23.5%"""
"""3.9%""","""70.9%""","""5g""","""273μg""","""6.29mg""","""578""","""100%""","""1640.0μg""","""5.0mg""","""94mg""","""39.20μg""","""""","""0.10mg""","""98.4%""","""1225mg""","""21g""","""""","""1423kJ""","""31mg""","""127mg""","""53""","""21.0g""","""1.10mg""","""23.3mg""","""1.05mg""","""13.7g""","""52.7g""","""6mg""","""357mg""","""51.3mg""","""蘑菇(干)""","""""","""0mg""","""8.0g""","""14μg""","""2mg""","""23.5%"""
"""32.1%""","""44.8%""","""2g""","""17μg""","""3.18mg""","""579""","""100%""","""100.0μg""","""0mg""","""152mg""","""4μg""","""""","""0.17mg""","""100.0%""","""757mg""","""30g""","""""","""1376kJ""","""2.50mg""","""247mg""","""53""","""12.1g""","""0.44mg""","""48.5mg""","""0.32mg""","""15.5g""","""65.6g""","""11mg""","""292mg""","""97.4mg""","""木耳(干)[黑木耳，云耳]""","""""","""0mg""","""5.3g""","""16μg""","""9mg""","""23.1%"""
"""32.1%""","""44.8%""","""0.2g""","""3μg""","""1mg""","""580""","""100%""","""20.0μg""","""1.0mg""","""57mg""","""0.50μg""","""""","""0.01mg""","""100.0%""","""52mg""","""3g""","""""","""135kJ""","""0.20mg""","""34mg""","""53""","""2g""","""0.05mg""","""8.5mg""","""0.04mg""","""91.8g""","""6.0g""","""8mg""","""12mg""","""6mg""","""木耳(水发)[黑木耳，云耳]""","""""","""0mg""","""0.5g""","""92μg""","""1mg""","""23.1%"""
"""—""","""—""","""0.3g""","""2μg""","""1mg""","""581""","""93%""","""10.0μg""","""4.0mg""","""14mg""","""1.10μg""","""""","""0.06mg""","""—""","""258mg""","""2g""","""""","""122kJ""","""3.10mg""","""5mg""","""53""","""2g""","""0.16mg""","""4mg""","""0.08mg""","""92.5g""","""4.6g""","""1mg""","""86mg""","""1.0mg""","""平菇[糙皮侧耳，青蘑]""","""""","""0mg""","""0.7g""","""92μg""","""0.07mg""","""—"""
"""—""","""—""","""1g""","""0μg""","""3.14mg""","""582""","""100%""","""10μg""","""0mg""","""0mg""","""92μg""","""""","""0mg""","""—""","""169mg""","""25g""","""""","""1326kJ""","""0mg""","""14mg""","""53""","""18.4g""","""1.16mg""","""4.3mg""","""1mg""","""12.3g""","""58.1g""","""0mg""","""35mg""","""235.1mg""","""普中红蘑(干)""","""""","""0mg""","""10.5g""","""12μg""","""4mg""","""—"""
"""—""","""—""","""3.2g""","""0μg""","""6.22mg""","""583""","""100%""","""12μg""","""0mg""","""0mg""","""98.40μg""","""""","""0.01mg""","""—""","""93mg""","""48g""","""""","""1283kJ""","""0mg""","""14mg""","""53""","""20.3g""","""1.48mg""","""4.3mg""","""10.30mg""","""16.1g""","""48.2g""","""3mg""","""50mg""","""86.0mg""","""松蘑(干)[松口蘑，松茸]""","""""","""0mg""","""12.2g""","""16μg""","""2mg""","""—"""
"""—""","""—""","""0.3g""","""""","""0.66mg""","""584""","""100%""","""""","""1.0mg""","""11mg""","""2.60μg""","""""","""""","""—""","""20mg""","""""","""""","""137kJ""","""2.00mg""","""2mg""","""53""","""2.2g""","""0.08mg""","""1.4mg""","""0.12mg""","""91.7g""","""5.2g""","""—""","""53mg""","""0.3mg""","""香菇[香蕈，冬菇](鲜)""","""""","""""","""0.6g""","""""","""0.25mg""","""—"""
"""12.1%""","""74.5%""","""1.2g""","""3μg""","""9mg""","""585""","""95%""","""20.0μg""","""5.0mg""","""147mg""","""6.40μg""","""""","""0.19mg""","""99.8%""","""464mg""","""32g""","""""","""1433kJ""","""20.50mg""","""83mg""","""53""","""20.0g""","""1.26mg""","""11.2mg""","""1.03mg""","""12.3g""","""61.7g""","""1mg""","""258mg""","""10.5mg""","""香菇(干)[香蕈，冬菇]""","""""","""0mg""","""4.8g""","""12μg""","""5.47mg""","""13.2%"""
"""—""","""—""","""7.1g""","""""","""12.11mg""","""586""","""100%""","""1070.0μg""","""3.0mg""","""117mg""","""4.80μg""","""""","""0.10mg""","""—""","""1726mg""","""""","""""","""1463kJ""","""8.80mg""","""87mg""","""53""","""26.9g""","""2.25mg""","""33.6mg""","""2.34mg""","""14.3g""","""43.7g""","""—""","""1193mg""","""30.7mg""","""羊肚菌[干狼肚](干)""","""""","""""","""8.0g""","""""","""2.49mg""","""—"""
"""54.3%""","""0.9%""","""1.4g""","""8μg""","""3.03mg""","""587""","""96%""","""50.0μg""","""0mg""","""54mg""","""3.00μg""","""""","""0.05mg""","""99.1%""","""1588mg""","""30g""","""""","""1366kJ""","""5.30mg""","""36mg""","""53""","""10.0g""","""0.25mg""","""82.1mg""","""0.08mg""","""14.6g""","""67.3g""","""1mg""","""369mg""","""4.1mg""","""银耳(干)[白木耳]""","""""","""0mg""","""6.7g""","""15μg""","""0.17mg""","""43.9%"""
"""—""","""—""","""1g""","""0μg""","""4mg""","""588""","""100%""","""13μg""","""0mg""","""0mg""","""79μg""","""""","""0mg""","""—""","""284mg""","""23g""","""""","""1294kJ""","""0mg""","""24mg""","""53""","""18.3g""","""0.02mg""","""4.4mg""","""1.03mg""","""12.1g""","""56.3g""","""0mg""","""28mg""","""190mg""","""珍珠白蘑(干)""","""""","""0mg""","""12.6g""","""12μg""","""5mg""","""—"""
"""—""","""—""","""4g""","""7μg""","""7mg""","""589""","""77%""","""40.0μg""","""0mg""","""109mg""","""3μg""","""""","""0.01mg""","""—""","""2493mg""","""10g""","""""","""841kJ""","""8mg""","""11mg""","""53""","""10g""","""1mg""","""51.3mg""","""1.45mg""","""51.1g""","""31.9g""","""3mg""","""286mg""","""25.1mg""","""榛蘑(干)[假蜜环菌]""","""""","""0mg""","""3.8g""","""51μg""","""4.13mg""","""—"""
"""—""","""—""","""1.1g""","""0μg""","""2mg""","""590""","""77%""","""1μg""","""0mg""","""32mg""","""1μg""","""""","""0mg""","""—""","""732mg""","""3g""","""""","""248kJ""","""2.20mg""","""3mg""","""53""","""3g""","""0.20mg""","""15.1mg""","""0.43mg""","""85.6g""","""9.4g""","""1mg""","""84mg""","""7.4mg""","""榛蘑(水发)""","""""","""0mg""","""1.1g""","""86μg""","""1.21mg""","""—"""
"""9.7%""","""58.4%""","""2.6g""","""0.0μg""","""8.38mg""","""591""","""100%""","""Tr""","""—""","""124mg""","""7.20μg""","""17.1μg""","""0.32mg""","""99.9%""","""2165mg""","""15.40g""","""""","""1304kJ""","""39.39mg""","""4mg""","""53""","""23.1g""","""1.48mg""","""6.0mg""","""2.76mg""","""12.2g""","""56.1g""","""—""","""908mg""","""9.3mg""","""茶树菇(干)[柱状田头菇、油茶菇]""","""""","""—""","""6.0g""","""""","""0.73mg""","""31.8%"""
"""5.0%""","""79.4%""","""3.2g""","""0.0μg""","""5.58mg""","""592""","""100%""","""Tr""","""—""","""96mg""","""13.60μg""","""12.6μg""","""0.17mg""","""99.7%""","""3128mg""","""28.10g""","""""","""1231kJ""","""41.38mg""","""4mg""","""53""","""22.8g""","""1.93mg""","""6.4mg""","""5.39mg""","""10.8g""","""57.5g""","""—""","""566mg""","""7.6mg""","""黄伞菇(干)[多脂鳞伞、黄丝菌]""","""""","""—""","""5.7g""","""""","""0.67mg""","""15.3%"""
"""—""","""—""","""2.0g""","""0.0μg""","""3.95mg""","""593""","""100%""","""—""","""—""","""119mg""","""15.40μg""","""—""","""0.14mg""","""—""","""4053mg""","""18.80g""","""""","""1239kJ""","""24.99mg""","""9mg""","""53""","""26.7g""","""1.79mg""","""68.2mg""","""1.40mg""","""10.8g""","""51.8g""","""—""","""764mg""","""6.5mg""","""鸡腿菇(干)[毛头鬼伞]""","""""","""—""","""8.7g""","""""","""0.72mg""","""—"""
"""27.9%""","""Tr""","""3.7g""","""0.0μg""","""7.16mg""","""594""","""100%""","""70.0μg""","""—""","""116mg""","""33.40μg""","""—""","""0.26mg""","""100.1%""","""1312mg""","""23.30g""","""""","""1246kJ""","""34.21mg""","""8mg""","""53""","""32.8g""","""1.22mg""","""23.9mg""","""2.39mg""","""13.6g""","""44.8g""","""—""","""1005mg""","""31.8mg""","""鸡枞(干)""","""""","""—""","""5.1g""","""""","""2.13mg""","""72.2%"""
"""—""","""—""","""66.3g""","""—""","""3.26mg""","""595""","""100%""","""Tr""","""—""","""33mg""","""2.70μg""","""—""","""0.03mg""","""—""","""367mg""","""""","""""","""2708kJ""","""9.20mg""","""28mg""","""53""","""4.8g""","""0.24mg""","""1265.7mg""","""1.28mg""","""16.5g""","""10.2g""","""—""","""232mg""","""31.1mg""","""鸡枞(油炸)[油鸡枞]""","""""","""—""","""2.2g""","""""","""1.16mg""","""—"""
"""—""","""—""","""0.4g""","""0.0μg""","""0.98mg""","""596""","""93%""","""Tr""","""—""","""10mg""","""0.20μg""","""—""","""0.14mg""","""—""","""301mg""","""""","""""","""159kJ""","""2.10mg""","""5mg""","""53""","""4.0g""","""1.11mg""","""2.1mg""","""0.32mg""","""90.2g""","""4.5g""","""—""","""68mg""","""2.1mg""","""牛肝菌(白)[美味牛肝菌]""","""""","""—""","""0.9g""","""""","""0.19mg""","""—"""
"""47.2%""","""35.4%""","""1.6g""","""0.0μg""","""5.80mg""","""597""","""100%""","""108.0μg""","""—""","""47mg""","""758.80μg""","""—""","""0.32mg""","""99.6%""","""1571mg""","""21.50g""","""""","""1244kJ""","""43.08mg""","""2mg""","""53""","""27.8g""","""1.72mg""","""9.1mg""","""1.19mg""","""11.6g""","""53.3g""","""—""","""528mg""","""9.2mg""","""牛肝菌(白、干)[美味牛肝菌]""","""""","""—""","""5.7g""","""""","""3.88mg""","""17.0%"""
"""—""","""—""","""0.2g""","""0.0μg""","""1.19mg""","""598""","""95%""","""Tr""","""—""","""8mg""","""0.30μg""","""—""","""0.07mg""","""—""","""291mg""","""""","""""","""150kJ""","""6.60mg""","""2mg""","""53""","""3.6g""","""0.31mg""","""1.3mg""","""0.37mg""","""90.6g""","""4.8g""","""—""","""60mg""","""2.1mg""","""牛肝菌(黑)[铜色牛肝菌]""","""""","""—""","""0.8g""","""""","""0.17mg""","""—"""
"""—""","""—""","""0.1g""","""0.0μg""","""1.07mg""","""599""","""97%""","""Tr""","""—""","""8mg""","""0.40μg""","""—""","""0.03mg""","""—""","""224mg""","""""","""""","""167kJ""","""3.20mg""","""2mg""","""53""","""4.3g""","""0.57mg""","""1.6mg""","""0.35mg""","""89.7g""","""5.3g""","""0.00mg""","""49mg""","""1.4mg""","""牛肝菌（黄皮牛肝菌，鲜)[黄皮疣柄牛肝菌、黄癞头]""","""""","""—""","""0.6g""","""""","""0.28mg""","""—"""
"""39.2%""","""45.7%""","""2.8g""","""0.0μg""","""5.43mg""","""600""","""100%""","""357.0μg""","""—""","""55mg""","""42.40μg""","""—""","""0.86mg""","""100.0%""","""1481mg""","""43.00g""","""""","""1099kJ""","""67.66mg""","""12mg""","""53""","""15.3g""","""1.72mg""","""11.2mg""","""0.35mg""","""10.5g""","""66.0g""","""—""","""391mg""","""20.3mg""","""乳牛肝菌(干)[粘盖牛肝菌、松树菌]""","""""","""—""","""5.4g""","""""","""1.85mg""","""15.1%"""
"""—""","""—""","""0.1g""","""0.0μg""","""0.67mg""","""601""","""95%""","""Tr""","""—""","""8mg""","""0.20μg""","""—""","""0.01mg""","""—""","""269mg""","""""","""""","""102kJ""","""4.00mg""","""4mg""","""53""","""2.7g""","""0.46mg""","""1.1mg""","""0.34mg""","""93.3g""","""3.1g""","""0.00mg""","""52mg""","""1.4mg""","""青头菌[变绿红菇、绿菇]""","""""","""—""","""0.8g""","""""","""0.10mg""","""—"""
"""—""","""—""","""0.1g""","""0.0μg""","""0.39mg""","""602""","""100%""","""Tr""","""—""","""9mg""","""1.80μg""","""Tr""","""0.03mg""","""—""","""242mg""","""""","""""","""167kJ""","""3.68mg""","""13mg""","""53""","""1.3g""","""0.14mg""","""3.5mg""","""0.06mg""","""89.6g""","""8.3g""","""—""","""66mg""","""0.5mg""","""杏鲍菇""","""""","""—""","""0.7g""","""""","""0.04mg""","""—"""
"""—""","""—""","""3.1g""","""0.0μg""","""2.20mg""","""603""","""100%""","""Tr""","""—""","""114mg""","""4.20μg""","""—""","""0.03mg""","""—""","""11882mg""","""""","""""","""1442kJ""","""9.10mg""","""18mg""","""53""","""17.8g""","""1.75mg""","""50.0mg""","""2.51mg""","""13.9g""","""60.3g""","""—""","""289mg""","""17.8mg""","""竹荪(干)[竹笙、竹参]""","""""","""—""","""4.9g""","""""","""8.47mg""","""—"""
"""—""","""—""","""0.5g""","""0μg""","""2mg""","""604""","""100%""","""7μg""","""6.0mg""","""129mg""","""5.20μg""","""""","""0.15mg""","""—""","""217mg""","""35g""","""""","""1396kJ""","""1mg""","""1048mg""","""54""","""20.2g""","""1mg""","""101mg""","""1mg""","""11.1g""","""60.8g""","""0mg""","""76mg""","""85.2mg""","""发菜(干)[仙菜]""","""""","""0mg""","""7.4g""","""11μg""","""3.29mg""","""—"""
"""—""","""—""","""0.1g""","""""","""0.16mg""","""605""","""100%""","""""","""""","""25mg""","""9.50μg""","""""","""0.02mg""","""—""","""246mg""","""""","""""","""60kJ""","""1.30mg""","""46mg""","""54""","""1.2g""","""0.15mg""","""8.6mg""","""""","""94.4g""","""2.1g""","""—""","""22mg""","""0.9mg""","""海带[江白菜](鲜)""","""""","""""","""2.2g""","""""","""0.07mg""","""—"""
"""—""","""—""","""0.1g""","""40μg""","""1mg""","""606""","""98%""","""240.0μg""","""0mg""","""129mg""","""6μg""","""""","""0.01mg""","""—""","""761mg""","""6g""","""""","""432kJ""","""1mg""","""348mg""","""54""","""2g""","""0.10mg""","""327.4mg""","""0.14mg""","""70.5g""","""23.4g""","""1mg""","""52mg""","""5mg""","""海带(干)[江白菜，昆布]""","""""","""0mg""","""4.2g""","""70μg""","""1.14mg""","""—"""
"""—""","""—""","""0.1g""","""52μg""","""1mg""","""607""","""100%""","""310.0μg""","""0mg""","""61mg""","""5μg""","""""","""0.02mg""","""—""","""222mg""","""1g""","""""","""73kJ""","""1mg""","""241mg""","""54""","""1.1g""","""0.10mg""","""108mg""","""0.03mg""","""94.1g""","""3.0g""","""0mg""","""29mg""","""3.3mg""","""海带(浸)[江白菜，昆布]""","""""","""0mg""","""1.7g""","""94μg""","""1.47mg""","""—"""
"""—""","""—""","""0.1g""","""""","""1.94mg""","""608""","""100%""","""""","""""","""15mg""","""15.20μg""","""""","""0.06mg""","""—""","""141mg""","""""","""""","""1335kJ""","""3.30mg""","""167mg""","""54""","""5.4g""","""0.20mg""","""380.8mg""","""0.12mg""","""15.6g""","""72.9g""","""—""","""209mg""","""2.0mg""","""海冻菜[石花菜，冻菜](干)""","""""","""""","""6.0g""","""""","""0.04mg""","""—"""
"""—""","""—""","""0.2g""","""0μg""","""6.25mg""","""609""","""100%""","""1μg""","""0mg""","""70mg""","""2.10μg""","""""","""0mg""","""—""","""11mg""","""0g""","""""","""1323kJ""","""0mg""","""100mg""","""54""","""1.1g""","""0mg""","""3.3mg""","""0.30mg""","""21.1g""","""76.3g""","""0mg""","""7mg""","""7.0mg""","""琼脂[紫菜胶洋粉]""","""""","""0mg""","""1.3g""","""21μg""","""1.40mg""","""—"""
"""17.1%""","""17.7%""","""0.4g""","""0μg""","""4mg""","""610""","""100%""","""31μg""","""0mg""","""1257mg""","""6μg""","""""","""0.35mg""","""87.5%""","""410mg""","""9g""","""""","""785kJ""","""4.00mg""","""185mg""","""54""","""19.0g""","""0.40mg""","""4955.0mg""","""1.11mg""","""23.7g""","""26.3g""","""0mg""","""302mg""","""284mg""","""苔菜(干)[苔条，条浒苔]""","""""","""0mg""","""30.6g""","""24μg""","""0mg""","""52.7%"""
"""—""","""—""","""1.1g""","""228μg""","""2.47mg""","""611""","""100%""","""1370.0μg""","""2.0mg""","""105mg""","""7.20μg""","""""","""0.27mg""","""—""","""1796mg""","""22g""","""""","""1244kJ""","""7.30mg""","""264mg""","""54""","""27g""","""1.02mg""","""710.5mg""","""2mg""","""12.7g""","""44.1g""","""2mg""","""350mg""","""55mg""","""紫菜(干)""","""""","""0mg""","""15.4g""","""13μg""","""4.32mg""","""—"""
"""18.4%""","""4.7%""","""1.7g""","""0.0μg""","""2.62mg""","""612""","""100%""","""2230.0μg""","""—""","""1022mg""","""15.90μg""","""15878.0μg""","""0.02mg""","""95.2%""","""335mg""","""40.60g""","""""","""828kJ""","""Tr""","""947mg""","""54""","""25.0g""","""0.07mg""","""4411.6mg""","""0.12mg""","""9.2g""","""41.5g""","""0.00mg""","""305mg""","""16.4mg""","""裙带菜(干)[海芥菜、海木耳]""","""""","""—""","""22.6g""","""""","""0.95mg""","""72.0%"""
"""—""","""—""","""0.2g""","""3μg""","""0.19mg""","""613""","""76%""","""20.0μg""","""4.0mg""","""4mg""","""0.10μg""","""""","""0.06mg""","""—""","""119mg""","""1g""","""""","""240kJ""","""0.20mg""","""4mg""","""55""","""0.2g""","""0.02mg""","""2mg""","""0.06mg""","""85.9g""","""13.5g""","""2mg""","""12mg""","""1mg""","""苹果(均值)""","""""","""0mg""","""0.2g""","""86μg""","""0.03mg""","""—"""
"""—""","""—""","""0.3g""","""""","""0.14mg""","""614""","""78%""","""60.0μg""","""4.0mg""","""7mg""","""0.10μg""","""""","""0.02mg""","""—""","""83mg""","""""","""""","""242kJ""","""0.20mg""","""8mg""","""55""","""0.3g""","""0.03mg""","""1.3mg""","""0.07mg""","""85.9g""","""13.3g""","""—""","""14mg""","""0.3mg""","""苹果（国光苹果）""","""""","""""","""0.2g""","""""","""0.03mg""","""—"""
"""—""","""—""","""0.4g""","""""","""""","""615""","""85%""","""60.0μg""","""2.0mg""","""5mg""","""1.00μg""","""""","""0.01mg""","""—""","""115mg""","""""","""""","""226kJ""","""""","""3mg""","""55""","""0.7g""","""""","""0.7mg""","""0.06mg""","""86.9g""","""11.7g""","""—""","""11mg""","""0.7mg""","""苹果（红富士苹果)""","""""","""""","""0.3g""","""""","""0.05mg""","""—"""
"""—""","""—""","""0.2g""","""17μg""","""0.02mg""","""616""","""87%""","""100.0μg""","""3.0mg""","""3mg""","""0.10μg""","""""","""0.01mg""","""—""","""85mg""","""1g""","""""","""223kJ""","""0.10mg""","""5mg""","""55""","""0.4g""","""0.02mg""","""2.0mg""","""0.22mg""","""86.9g""","""12.3g""","""0mg""","""8mg""","""1mg""","""红香蕉苹果""","""""","""0mg""","""0.2g""","""87μg""","""0.02mg""","""—"""
"""—""","""—""","""0.1g""","""2μg""","""0.02mg""","""617""","""85%""","""10.0μg""","""1.0mg""","""3mg""","""2.30μg""","""""","""0mg""","""—""","""0mg""","""1g""","""""","""254kJ""","""0mg""","""2mg""","""55""","""0.4g""","""0.02mg""","""2.3mg""","""0.05mg""","""85.0g""","""14.3g""","""0mg""","""4mg""","""0.2mg""","""红星苹果""","""""","""0mg""","""0.2g""","""85μg""","""0.01mg""","""—"""
"""—""","""—""","""0.2g""","""2μg""","""0mg""","""618""","""84%""","""10.0μg""","""0mg""","""0mg""","""0μg""","""""","""0.02mg""","""—""","""0mg""","""5g""","""""","""261kJ""","""0.50mg""","""0mg""","""55""","""0.2g""","""0.02mg""","""0mg""","""0mg""","""84.7g""","""14.7g""","""0mg""","""0mg""","""0mg""","""红玉苹果""","""""","""0mg""","""0.2g""","""85μg""","""0mg""","""—"""
"""—""","""—""","""0.4g""","""7μg""","""0.09mg""","""619""","""84%""","""40.0μg""","""3.0mg""","""8mg""","""0μg""","""""","""0.02mg""","""—""","""58mg""","""1g""","""""","""261kJ""","""0.20mg""","""2mg""","""55""","""0.2g""","""0.01mg""","""1mg""","""0.04mg""","""84.9g""","""14.3g""","""0mg""","""1mg""","""0.3mg""","""红元帅苹果""","""""","""0mg""","""0.2g""","""85μg""","""0mg""","""—"""
"""—""","""—""","""0.2g""","""""","""0.02mg""","""620""","""88%""","""20.0μg""","""4.0mg""","""5mg""","""""","""""","""""","""—""","""84mg""","""""","""""","""245kJ""","""0.30mg""","""10mg""","""55""","""0.3g""","""0.03mg""","""0.8mg""","""0.16mg""","""85.6g""","""13.7g""","""—""","""7mg""","""0.3mg""","""苹果（黄香蕉苹果)""","""""","""""","""0.2g""","""""","""0.03mg""","""—"""
"""—""","""—""","""0.3g""","""""","""0.03mg""","""621""","""80%""","""90.0μg""","""4.0mg""","""3mg""","""0.00μg""","""""","""0.02mg""","""—""","""184mg""","""""","""""","""264kJ""","""0.10mg""","""5mg""","""55""","""0.2g""","""0.02mg""","""0.6mg""","""0.13mg""","""84.6g""","""14.7g""","""—""","""5mg""","""0.3mg""","""苹果（黄元帅苹果)""","""""","""""","""0.2g""","""""","""0.02mg""","""—"""
"""—""","""—""","""0.1g""","""15μg""","""0.11mg""","""622""","""78%""","""90.0μg""","""4.0mg""","""2mg""","""0.00μg""","""""","""0.05mg""","""—""","""72mg""","""1g""","""""","""233kJ""","""0.10mg""","""2mg""","""55""","""0.2g""","""0.01mg""","""2mg""","""0.14mg""","""86.2g""","""13.3g""","""1mg""","""5mg""","""0.2mg""","""金元帅苹果""","""""","""0mg""","""0.2g""","""86μg""","""0.03mg""","""—"""
"""—""","""—""","""0.1g""","""3μg""","""0.04mg""","""623""","""80%""","""20.0μg""","""3.0mg""","""4mg""","""0.10μg""","""""","""0.02mg""","""—""","""83mg""","""1g""","""""","""232kJ""","""0.20mg""","""9mg""","""55""","""0.3g""","""0.02mg""","""1.3mg""","""0.07mg""","""86.3g""","""13.1g""","""0mg""","""7mg""","""0.2mg""","""青香蕉苹果""","""""","""0mg""","""0.2g""","""86μg""","""0.03mg""","""—"""
"""—""","""—""","""0.2g""","""0μg""","""0mg""","""624""","""85%""","""0μg""","""0mg""","""0mg""","""0μg""","""""","""0.03mg""","""—""","""0mg""","""4g""","""""","""213kJ""","""1mg""","""0mg""","""55""","""0.2g""","""0.01mg""","""0mg""","""0mg""","""87.5g""","""11.9g""","""0mg""","""0mg""","""0mg""","""秋里蒙苹果""","""""","""0mg""","""0.2g""","""88μg""","""0mg""","""—"""
"""—""","""—""","""0.1g""","""10μg""","""0.03mg""","""625""","""69%""","""60.0μg""","""6.0mg""","""3mg""","""0μg""","""""","""0.03mg""","""—""","""173mg""","""2g""","""""","""279kJ""","""0mg""","""3mg""","""55""","""0.5g""","""0.02mg""","""3mg""","""0.01mg""","""83.4g""","""15.7g""","""1mg""","""6mg""","""0.3mg""","""香玉苹果""","""""","""0mg""","""0.3g""","""83μg""","""0.02mg""","""—"""
"""—""","""—""","""0.2g""","""3μg""","""0mg""","""626""","""90%""","""20.0μg""","""0mg""","""0mg""","""0μg""","""""","""0.04mg""","""—""","""0mg""","""5g""","""""","""269kJ""","""0.10mg""","""0mg""","""55""","""1g""","""0.02mg""","""0mg""","""0mg""","""84.0g""","""14.8g""","""0mg""","""0mg""","""0mg""","""印度苹果""","""""","""0mg""","""0.4g""","""84μg""","""0mg""","""—"""
"""—""","""—""","""0.1g""","""2μg""","""0mg""","""627""","""86%""","""10.0μg""","""2.0mg""","""1mg""","""0μg""","""""","""0.05mg""","""—""","""140mg""","""2g""","""""","""223kJ""","""0mg""","""3mg""","""55""","""0.4g""","""0.01mg""","""2mg""","""0.07mg""","""86.7g""","""12.5g""","""0mg""","""5mg""","""0.3mg""","""祝光苹果""","""""","""0mg""","""0.3g""","""87μg""","""0.02mg""","""—"""
"""—""","""—""","""0.2g""","""8μg""","""0mg""","""628""","""86%""","""50.0μg""","""1.0mg""","""0mg""","""0.00μg""","""""","""0mg""","""—""","""70mg""","""2g""","""""","""242kJ""","""0.20mg""","""4mg""","""55""","""0.2g""","""0.01mg""","""1mg""","""0mg""","""85.8g""","""13.6g""","""0mg""","""0mg""","""1mg""","""倭锦苹果""","""""","""0mg""","""0.2g""","""86μg""","""0mg""","""—"""
"""—""","""—""","""0.2g""","""0μg""","""0.20mg""","""629""","""100%""","""0μg""","""0mg""","""7mg""","""5μg""","""""","""0mg""","""—""","""50mg""","""1g""","""""","""186kJ""","""0mg""","""26mg""","""55""","""0.2g""","""0mg""","""6.2mg""","""0.03mg""","""89.2g""","""10.3g""","""0mg""","""8mg""","""1mg""","""苹果(罐头)""","""""","""0mg""","""0.1g""","""89μg""","""0.05mg""","""—"""
"""—""","""—""","""0.2g""","""6μg""","""0.46mg""","""630""","""82%""","""33.0μg""","""6.0mg""","""8mg""","""1.10μg""","""""","""0.03mg""","""—""","""92mg""","""3g""","""""","""240kJ""","""0.30mg""","""9mg""","""55""","""0.4g""","""0.06mg""","""2.1mg""","""1mg""","""85.8g""","""13.3g""","""1mg""","""14mg""","""0.5mg""","""梨(均值)""","""""","""0mg""","""0.3g""","""86μg""","""0.07mg""","""—"""
"""—""","""—""","""1g""","""0μg""","""0.13mg""","""631""","""80%""","""0μg""","""3.0mg""","""7mg""","""0.00μg""","""""","""0.02mg""","""—""","""50mg""","""4g""","""""","""297kJ""","""0.10mg""","""9mg""","""55""","""1g""","""0.07mg""","""3.2mg""","""0.11mg""","""83.1g""","""14.9g""","""1mg""","""18mg""","""1mg""","""长把梨""","""""","""0mg""","""0.4g""","""83μg""","""0.08mg""","""—"""
"""—""","""—""","""0.2g""","""3μg""","""0mg""","""632""","""87%""","""20.0μg""","""6.0mg""","""0mg""","""0μg""","""""","""0mg""","""—""","""0mg""","""4g""","""""","""232kJ""","""0.20mg""","""0mg""","""55""","""0.4g""","""0.03mg""","""0mg""","""0mg""","""86.2g""","""12.8g""","""0mg""","""0mg""","""0mg""","""冬果梨""","""""","""0mg""","""0.4g""","""86μg""","""0mg""","""—"""
"""—""","""—""","""0.1g""","""0μg""","""0mg""","""633""","""68%""","""0μg""","""8.0mg""","""8mg""","""0μg""","""""","""0.03mg""","""—""","""69mg""","""2g""","""""","""191kJ""","""0mg""","""1mg""","""55""","""0.3g""","""0.02mg""","""2mg""","""0.10mg""","""88.6g""","""10.7g""","""2mg""","""13mg""","""0mg""","""鹅黄梨""","""""","""0mg""","""0.3g""","""89μg""","""0.05mg""","""—"""
"""—""","""—""","""0g""","""2μg""","""0.04mg""","""634""","""87%""","""10.0μg""","""4.0mg""","""5mg""","""0.20μg""","""""","""0.07mg""","""—""","""78mg""","""3g""","""""","""182kJ""","""1mg""","""11mg""","""55""","""0.2g""","""0.46mg""","""3.4mg""","""0.06mg""","""89.1g""","""10.5g""","""0mg""","""7mg""","""0.4mg""","""红肖梨""","""""","""0mg""","""0.2g""","""89μg""","""0.06mg""","""—"""
"""—""","""—""","""0.1g""","""3μg""","""0mg""","""635""","""92%""","""20.0μg""","""6.0mg""","""0mg""","""0μg""","""""","""0mg""","""—""","""0mg""","""3g""","""""","""243kJ""","""0mg""","""0mg""","""55""","""0.2g""","""0mg""","""0mg""","""0mg""","""85.5g""","""13.9g""","""0mg""","""0mg""","""0mg""","""锦丰梨""","""""","""0mg""","""0.3g""","""86μg""","""0mg""","""—"""
"""—""","""—""","""0.5g""","""""","""0.47mg""","""636""","""79%""","""""","""3.0mg""","""9mg""","""0.60μg""","""""","""0.02mg""","""—""","""105mg""","""""","""""","""255kJ""","""0.20mg""","""7mg""","""55""","""0.2g""","""0.02mg""","""0.7mg""","""0.06mg""","""85.3g""","""13.7g""","""—""","""6mg""","""0.3mg""","""梨(京白梨)""","""""","""""","""0.3g""","""""","""0.02mg""","""—"""
"""—""","""—""","""0.1g""","""""","""2.61mg""","""637""","""91%""","""""","""""","""8mg""","""2.30μg""","""""","""""","""—""","""79mg""","""""","""""","""233kJ""","""""","""22mg""","""55""","""0.1g""","""""","""3.7mg""","""2.54mg""","""85.9g""","""13.4g""","""—""","""19mg""","""1.2mg""","""梨(库尔勒梨)""","""""","""""","""0.5g""","""""","""0.06mg""","""—"""
"""—""","""—""","""0.2g""","""""","""0.02mg""","""638""","""80%""","""""","""3.0mg""","""8mg""","""0.00μg""","""""","""0.03mg""","""—""","""82mg""","""""","""""","""252kJ""","""0.30mg""","""10mg""","""55""","""0.3g""","""0.02mg""","""1.8mg""","""0.08mg""","""84.8g""","""14.1g""","""—""","""8mg""","""0.4mg""","""梨(莱阳梨)""","""""","""""","""0.6g""","""""","""0.04mg""","""—"""
"""—""","""—""","""0.1g""","""0μg""","""0.05mg""","""639""","""74%""","""0μg""","""10.0mg""","""7mg""","""0μg""","""""","""0.03mg""","""—""","""80mg""","""1g""","""""","""221kJ""","""0mg""","""2mg""","""55""","""0.3g""","""0.03mg""","""3.3mg""","""0.09mg""","""86.8g""","""12.5g""","""2mg""","""14mg""","""0.1mg""","""马蹄黄梨""","""""","""0mg""","""0.3g""","""87μg""","""0.06mg""","""—"""
"""—""","""—""","""0.2g""","""0μg""","""0.08mg""","""640""","""81%""","""0μg""","""6.0mg""","""8mg""","""1μg""","""""","""0.02mg""","""—""","""110mg""","""1g""","""""","""239kJ""","""0mg""","""2mg""","""55""","""0.3g""","""0.03mg""","""1.4mg""","""0.07mg""","""85.9g""","""13.3g""","""2mg""","""14mg""","""0.4mg""","""明月梨""","""""","""0mg""","""0.3g""","""86μg""","""0.05mg""","""—"""
"""—""","""—""","""0.1g""","""0μg""","""0.10mg""","""641""","""80%""","""0μg""","""5.0mg""","""6mg""","""0.20μg""","""""","""0.01mg""","""—""","""121mg""","""2g""","""""","""150kJ""","""0.10mg""","""4mg""","""55""","""0.4g""","""0.04mg""","""3.0mg""","""0.08mg""","""91.0g""","""8.2g""","""0mg""","""13mg""","""0.1mg""","""木梨""","""""","""0mg""","""0.3g""","""91μg""","""0.04mg""","""—"""
"""—""","""—""","""0.1g""","""""","""0.04mg""","""642""","""94%""","""30.0μg""","""4.0mg""","""9mg""","""3.30μg""","""""","""""","""—""","""180mg""","""""","""""","""243kJ""","""0.50mg""","""4mg""","""55""","""0.2g""","""0.01mg""","""2.4mg""","""0.12mg""","""85.4g""","""13.9g""","""—""","""19mg""","""0.4mg""","""梨(苹果梨)""","""""","""""","""0.4g""","""""","""0.04mg""","""—"""
"""—""","""—""","""0.2g""","""3μg""","""1.21mg""","""643""","""68%""","""20.0μg""","""0mg""","""12mg""","""8.40μg""","""""","""0mg""","""—""","""105mg""","""9g""","""""","""213kJ""","""0mg""","""25mg""","""55""","""0.4g""","""0mg""","""1.0mg""","""5mg""","""87.4g""","""11.7g""","""0mg""","""19mg""","""1mg""","""软梨""","""""","""0mg""","""0.3g""","""87μg""","""0.32mg""","""—"""
"""—""","""—""","""0.2g""","""0μg""","""0.16mg""","""644""","""88%""","""1μg""","""1.0mg""","""10mg""","""0.00μg""","""""","""0.02mg""","""—""","""39mg""","""6g""","""""","""376kJ""","""0.10mg""","""9mg""","""55""","""1.2g""","""0.02mg""","""1mg""","""0.19mg""","""77.4g""","""20.5g""","""1mg""","""19mg""","""1mg""","""苏梅梨""","""""","""0mg""","""0.7g""","""77μg""","""0.06mg""","""—"""
"""—""","""—""","""0.3g""","""0μg""","""0mg""","""645""","""88%""","""0μg""","""5.0mg""","""0mg""","""0μg""","""""","""0.01mg""","""—""","""0mg""","""2g""","""""","""244kJ""","""0.40mg""","""0mg""","""55""","""1g""","""0.02mg""","""0mg""","""0mg""","""85.6g""","""13.1g""","""0mg""","""0mg""","""0mg""","""苏木梨""","""""","""0mg""","""0.4g""","""86μg""","""0mg""","""—"""
"""—""","""—""","""0.1g""","""0μg""","""0mg""","""646""","""72%""","""0μg""","""11.0mg""","""8mg""","""0μg""","""""","""0.03mg""","""—""","""76mg""","""1g""","""""","""203kJ""","""0mg""","""2mg""","""55""","""0.3g""","""0.02mg""","""2.3mg""","""0.10mg""","""88.0g""","""11.4g""","""2mg""","""16mg""","""0mg""","""酥梨""","""""","""0mg""","""0.2g""","""88μg""","""0.06mg""","""—"""
"""—""","""—""","""0.1g""","""0μg""","""3mg""","""647""","""85%""","""0μg""","""14.0mg""","""11mg""","""2μg""","""""","""0.03mg""","""—""","""102mg""","""4g""","""""","""172kJ""","""1mg""","""12mg""","""55""","""0.1g""","""0.22mg""","""8.5mg""","""4.46mg""","""89.6g""","""9.8g""","""1mg""","""13mg""","""1mg""","""酸梨""","""""","""0mg""","""0.4g""","""90μg""","""0.15mg""","""—"""
"""—""","""—""","""0.1g""","""""","""0.19mg""","""648""","""89%""","""70.0μg""","""""","""7mg""","""0.20μg""","""""","""""","""—""","""90mg""","""""","""""","""240kJ""","""0.10mg""","""6mg""","""55""","""0.3g""","""""","""0.8mg""","""0.09mg""","""85.8g""","""13.6g""","""—""","""31mg""","""0.4mg""","""梨(香梨)""","""""","""""","""0.2g""","""""","""0.06mg""","""—"""
"""—""","""—""","""0.1g""","""""","""0.06mg""","""649""","""86%""","""100.0μg""","""4.0mg""","""10mg""","""0.20μg""","""""","""0.01mg""","""—""","""85mg""","""""","""""","""187kJ""","""0.30mg""","""5mg""","""55""","""0.2g""","""0.01mg""","""0.6mg""","""0.08mg""","""88.8g""","""10.6g""","""—""","""6mg""","""0.3mg""","""梨(雪花梨)""","""""","""""","""0.3g""","""""","""0.03mg""","""—"""
"""—""","""—""","""0.1g""","""0μg""","""0.25mg""","""650""","""93%""","""0μg""","""1.0mg""","""13mg""","""0.00μg""","""""","""0.03mg""","""—""","""45mg""","""3g""","""""","""362kJ""","""0.10mg""","""12mg""","""55""","""1g""","""0mg""","""1.4mg""","""0.12mg""","""78.3g""","""20.2g""","""0mg""","""11mg""","""1mg""","""雪梨""","""""","""0mg""","""0.5g""","""78μg""","""0.08mg""","""—"""
"""—""","""—""","""0.2g""","""""","""0.10mg""","""651""","""82%""","""10.0μg""","""4.0mg""","""5mg""","""0.30μg""","""""","""0.03mg""","""—""","""77mg""","""""","""""","""200kJ""","""0.20mg""","""4mg""","""55""","""0.2g""","""0.03mg""","""1.5mg""","""0.19mg""","""88.3g""","""11.1g""","""—""","""14mg""","""0.9mg""","""梨(鸭梨)""","""""","""""","""0.2g""","""""","""0.06mg""","""—"""
"""—""","""—""","""15.3g""","""""","""0.42mg""","""652""","""100%""","""""","""8.0mg""","""39mg""","""""","""""","""0.11mg""","""—""","""599mg""","""""","""""","""726kJ""","""1.90mg""","""11mg""","""55""","""2.0g""","""0.12mg""","""10.0mg""","""0.26mg""","""74.3g""","""7.4g""","""—""","""41mg""","""1.0mg""","""梨(鳄梨)""","""""","""""","""1.0g""","""""","""0.23mg""","""—"""
"""—""","""—""","""0.2g""","""0μg""","""0.19mg""","""653""","""100%""","""0μg""","""0mg""","""3mg""","""0μg""","""""","""0.02mg""","""—""","""15mg""","""1g""","""""","""165kJ""","""0.20mg""","""2mg""","""55""","""0.5g""","""0.04mg""","""2.1mg""","""0.40mg""","""90.4g""","""8.8g""","""0mg""","""3mg""","""0.3mg""","""梨(糖水罐头)""","""""","""0mg""","""0.1g""","""90μg""","""0.06mg""","""—"""
"""—""","""—""","""1g""","""17μg""","""0.28mg""","""654""","""76%""","""100.0μg""","""53.0mg""","""19mg""","""1.20μg""","""""","""0.02mg""","""—""","""299mg""","""3g""","""""","""457kJ""","""0.40mg""","""52mg""","""55""","""0.5g""","""0.02mg""","""5.4mg""","""0.11mg""","""73.0g""","""25.1g""","""7mg""","""24mg""","""1mg""","""红果[山里红，大山楂]""","""""","""0mg""","""0.8g""","""73μg""","""0.24mg""","""—"""
"""24.1%""","""56.5%""","""2.2g""","""10μg""","""1mg""","""655""","""100%""","""60.0μg""","""2.0mg""","""0mg""","""3μg""","""""","""0.02mg""","""98.2%""","""440mg""","""50g""","""""","""1487kJ""","""1mg""","""144mg""","""55""","""4.3g""","""0.18mg""","""10mg""","""0.41mg""","""11.1g""","""78.4g""","""0mg""","""440mg""","""0.4mg""","""红果(干)""","""""","""0mg""","""4.0g""","""11μg""","""1mg""","""17.6%"""
"""—""","""—""","""0.2g""","""118μg""","""0.04mg""","""656""","""86%""","""710.0μg""","""20.0mg""","""13mg""","""0μg""","""""","""0.05mg""","""—""","""263mg""","""2g""","""""","""339kJ""","""0.20mg""","""15mg""","""55""","""0.3g""","""0.03mg""","""1mg""","""0.11mg""","""79.9g""","""19.2g""","""0mg""","""16mg""","""0.4mg""","""海棠果[楸子]""","""""","""0mg""","""0.4g""","""80μg""","""0.11mg""","""—"""
"""—""","""—""","""0.1g""","""0μg""","""0.20mg""","""657""","""95%""","""0μg""","""3.0mg""","""9mg""","""0.50μg""","""""","""0.03mg""","""—""","""123mg""","""2g""","""""","""313kJ""","""0mg""","""5mg""","""55""","""0.4g""","""0mg""","""2.1mg""","""0.08mg""","""81.3g""","""17.8g""","""0mg""","""14mg""","""1.0mg""","""沙果""","""""","""0mg""","""0.4g""","""81μg""","""0.08mg""","""—"""
"""—""","""—""","""0.3g""","""25μg""","""1.10mg""","""658""","""16%""","""150.0μg""","""74.0mg""","""24mg""","""4.50μg""","""""","""0.02mg""","""—""","""259mg""","""2g""","""""","""492kJ""","""0.20mg""","""105mg""","""55""","""3g""","""0.04mg""","""8.3mg""","""9mg""","""70.7g""","""25.5g""","""2mg""","""39mg""","""12mg""","""酸刺""","""""","""0mg""","""0.7g""","""71μg""","""0.47mg""","""—"""
"""—""","""—""","""0.2g""","""0.0μg""","""0.08mg""","""659""","""84%""","""16.0μg""","""2.0mg""","""6mg""","""Tr""","""Tr""","""0.01mg""","""—""","""14mg""","""1.60g""","""""","""248kJ""","""0.04mg""","""5mg""","""55""","""0.1g""","""Tr""","""3.1mg""","""0.02mg""","""84.4g""","""14.9g""","""0.00mg""","""21mg""","""0.1mg""","""蛇果""","""""","""—""","""0.4g""","""""","""0.01mg""","""—"""
"""—""","""—""","""0.1g""","""3μg""","""0.34mg""","""660""","""86%""","""20.0μg""","""7.0mg""","""7mg""","""0.20μg""","""""","""0.01mg""","""—""","""166mg""","""1g""","""""","""226kJ""","""1mg""","""6mg""","""56""","""1g""","""0.03mg""","""6mg""","""0.05mg""","""86.4g""","""12.2g""","""2mg""","""20mg""","""1mg""","""桃(均值)""","""""","""0mg""","""0.4g""","""86μg""","""0.07mg""","""—"""
"""—""","""—""","""0.1g""","""""","""""","""661""","""93%""","""90.0μg""","""9.0mg""","""""","""0.80μg""","""""","""""","""—""","""""","""""","""""","""250kJ""","""0.30mg""","""""","""56""","""0.5g""","""0.01mg""","""""","""""","""85.2g""","""14.0g""","""—""","""7mg""","""""","""桃（黄桃）""","""""","""""","""0.2g""","""""","""""","""—"""
"""—""","""—""","""0.1g""","""""","""0.14mg""","""662""","""94%""","""""","""8.0mg""","""8mg""","""0.10μg""","""""","""0.04mg""","""—""","""100mg""","""""","""""","""184kJ""","""1.20mg""","""10mg""","""56""","""0.6g""","""0.04mg""","""2.0mg""","""0.04mg""","""89.0g""","""10.0g""","""—""","""16mg""","""0.4mg""","""桃（久保桃）""","""""","""""","""0.3g""","""""","""0.12mg""","""—"""
"""—""","""—""","""0.2g""","""2μg""","""0.06mg""","""663""","""88%""","""10.0μg""","""4.0mg""","""9mg""","""0.20μg""","""""","""0.02mg""","""—""","""169mg""","""1g""","""""","""189kJ""","""1.00mg""","""10mg""","""56""","""1g""","""0.03mg""","""3mg""","""0.08mg""","""88.7g""","""9.8g""","""1mg""","""21mg""","""0.5mg""","""蜜桃""","""""","""0mg""","""0.4g""","""89μg""","""0.11mg""","""—"""
"""—""","""—""","""0.2g""","""0μg""","""0.17mg""","""664""","""69%""","""0μg""","""25.0mg""","""13mg""","""4.30μg""","""""","""0mg""","""—""","""109mg""","""3g""","""""","""189kJ""","""0.10mg""","""4mg""","""56""","""0.5g""","""0.02mg""","""1.0mg""","""0.08mg""","""88.7g""","""10.2g""","""1mg""","""14mg""","""0.3mg""","""蒲桃""","""""","""0mg""","""0.4g""","""89μg""","""0.07mg""","""—"""
"""—""","""—""","""0g""","""0μg""","""1mg""","""665""","""100%""","""0μg""","""0mg""","""3mg""","""0μg""","""""","""0mg""","""—""","""16mg""","""0g""","""""","""255kJ""","""0.20mg""","""16mg""","""56""","""0.3g""","""0.04mg""","""28.0mg""","""2mg""","""84.9g""","""14.7g""","""1mg""","""6mg""","""0.4mg""","""桃(糖水罐头)""","""""","""0mg""","""0.1g""","""85μg""","""0.01mg""","""—"""
"""—""","""—""","""0.2g""","""25μg""","""0.14mg""","""666""","""91%""","""150.0μg""","""5.0mg""","""10mg""","""0.20μg""","""""","""0.03mg""","""—""","""144mg""","""1g""","""""","""167kJ""","""0.40mg""","""8mg""","""56""","""1g""","""0.02mg""","""4mg""","""0.04mg""","""90.0g""","""8.7g""","""1mg""","""11mg""","""1mg""","""李子""","""""","""0mg""","""0.4g""","""90μg""","""0.16mg""","""—"""
"""—""","""—""","""0.1g""","""13μg""","""0.23mg""","""667""","""92%""","""80.0μg""","""16.0mg""","""0mg""","""0.10μg""","""""","""0.03mg""","""—""","""103mg""","""1g""","""""","""167kJ""","""0.50mg""","""3mg""","""56""","""1.0g""","""0.01mg""","""2mg""","""0mg""","""89.9g""","""8.6g""","""0mg""","""11mg""","""0.2mg""","""李子杏""","""""","""0mg""","""0.4g""","""90μg""","""0mg""","""—"""
"""—""","""—""","""1g""","""0μg""","""0mg""","""668""","""93%""","""1μg""","""0mg""","""0mg""","""0μg""","""""","""0mg""","""—""","""0mg""","""1g""","""""","""154kJ""","""0mg""","""11mg""","""56""","""1g""","""0mg""","""0mg""","""0mg""","""91.1g""","""6.2g""","""0mg""","""36mg""","""2mg""","""梅[青梅]""","""""","""0mg""","""0.9g""","""91μg""","""0mg""","""—"""
"""—""","""—""","""0.1g""","""75μg""","""0.20mg""","""669""","""91%""","""450.0μg""","""4.0mg""","""11mg""","""0.20μg""","""""","""0.02mg""","""—""","""226mg""","""1g""","""""","""174kJ""","""1mg""","""14mg""","""56""","""1g""","""0.03mg""","""2.3mg""","""0.11mg""","""89.4g""","""9.1g""","""1mg""","""15mg""","""1mg""","""杏""","""""","""0mg""","""0.5g""","""89μg""","""0.06mg""","""—"""
"""—""","""—""","""0.2g""","""72μg""","""0.35mg""","""670""","""100%""","""430.0μg""","""0mg""","""4mg""","""4.10μg""","""""","""0mg""","""—""","""26mg""","""1g""","""""","""182kJ""","""0mg""","""6mg""","""56""","""1g""","""0mg""","""22.3mg""","""0.04mg""","""89.2g""","""9.7g""","""1mg""","""8mg""","""2.1mg""","""杏(罐头)""","""""","""0mg""","""0.3g""","""89μg""","""0.03mg""","""—"""
"""—""","""—""","""0.4g""","""102μg""","""4mg""","""671""","""25%""","""610.0μg""","""0mg""","""55mg""","""3.30μg""","""""","""0mg""","""—""","""783mg""","""4g""","""""","""1475kJ""","""1.20mg""","""147mg""","""56""","""3g""","""0.01mg""","""40.4mg""","""8mg""","""8.8g""","""83.2g""","""0mg""","""89mg""","""0.3mg""","""杏干""","""""","""0mg""","""4.9g""","""9μg""","""0.24mg""","""—"""
"""—""","""—""","""0.2g""","""0.0μg""","""0.10mg""","""672""","""87%""","""46.0μg""","""2.0mg""","""7mg""","""0.10μg""","""Tr""","""0.01mg""","""—""","""14mg""","""1.40g""","""""","""187kJ""","""0.43mg""","""5mg""","""56""","""0.6g""","""0.01mg""","""2.2mg""","""0.02mg""","""88.0g""","""10.7g""","""0.00mg""","""11mg""","""0.2mg""","""布朗""","""""","""—""","""0.5g""","""""","""0.03mg""","""—"""
"""—""","""—""","""0.1g""","""0.0μg""","""0.04mg""","""673""","""76%""","""8.0μg""","""1.4mg""","""10mg""","""0.10μg""","""Tr""","""0.01mg""","""—""","""155mg""","""1.50g""","""""","""177kJ""","""0.18mg""","""11mg""","""56""","""0.7g""","""0.01mg""","""3.2mg""","""0.02mg""","""88.5g""","""10.3g""","""0.20mg""","""16mg""","""0.1mg""","""西梅""","""""","""—""","""0.4g""","""""","""0.04mg""","""—"""
"""—""","""—""","""0.3g""","""40μg""","""2mg""","""674""","""87%""","""240.0μg""","""243.0mg""","""25mg""","""1μg""","""""","""0.06mg""","""—""","""375mg""","""2g""","""""","""548kJ""","""1mg""","""22mg""","""56""","""1.1g""","""0.09mg""","""1.2mg""","""0.06mg""","""67.4g""","""30.5g""","""1mg""","""23mg""","""1.2mg""","""枣(鲜)""","""""","""0mg""","""0.7g""","""67μg""","""0.32mg""","""—"""
"""36.9%""","""35.1%""","""0.5g""","""2μg""","""1mg""","""675""","""80%""","""10.0μg""","""14.0mg""","""36mg""","""1.00μg""","""""","""0.04mg""","""89.4%""","""524mg""","""6g""","""""","""1226kJ""","""1mg""","""64mg""","""56""","""3.2g""","""0.16mg""","""6.2mg""","""0.27mg""","""26.9g""","""67.8g""","""3mg""","""51mg""","""2.3mg""","""枣(干)""","""""","""0mg""","""1.6g""","""27μg""","""0.39mg""","""17.4%"""
"""—""","""—""","""1.1g""","""""","""0.23mg""","""676""","""81%""","""""","""""","""24mg""","""1.00μg""","""""","""0.04mg""","""—""","""65mg""","""""","""""","""1365kJ""","""0.40mg""","""23mg""","""56""","""1.2g""","""0.50mg""","""7.4mg""","""0.36mg""","""19.3g""","""76.7g""","""—""","""""","""1.5mg""","""枣（金丝小枣）""","""""","""""","""1.7g""","""""","""0.34mg""","""—"""
"""—""","""—""","""0.3g""","""7μg""","""0.44mg""","""677""","""98%""","""40.0μg""","""0mg""","""32mg""","""1μg""","""""","""0mg""","""—""","""478mg""","""3g""","""""","""1014kJ""","""2.10mg""","""108mg""","""56""","""2g""","""0mg""","""6.3mg""","""0.21mg""","""39.0g""","""57.3g""","""2mg""","""63mg""","""1.2mg""","""黑枣(无核)[乌枣]""","""""","""0mg""","""1.7g""","""39μg""","""1mg""","""—"""
"""—""","""—""","""0.2g""","""0μg""","""0.43mg""","""678""","""91%""","""1μg""","""0mg""","""20mg""","""1.20μg""","""""","""0.05mg""","""—""","""444mg""","""1g""","""""","""642kJ""","""0.40mg""","""75mg""","""56""","""2g""","""0.04mg""","""1mg""","""0.10mg""","""61.7g""","""35.7g""","""0mg""","""45mg""","""1.4mg""","""酒枣""","""""","""0mg""","""0.8g""","""62μg""","""0.20mg""","""—"""
"""—""","""—""","""0.2g""","""0μg""","""0.25mg""","""679""","""100%""","""1μg""","""55.0mg""","""19mg""","""1.00μg""","""""","""0.01mg""","""—""","""284mg""","""6g""","""""","""1464kJ""","""0.40mg""","""59mg""","""56""","""1.3g""","""0.10mg""","""25.1mg""","""0.07mg""","""13.4g""","""84.4g""","""0mg""","""22mg""","""4mg""","""蜜枣""","""""","""0mg""","""0.7g""","""13μg""","""0.20mg""","""—"""
"""—""","""—""","""0.1g""","""5μg""","""0.33mg""","""680""","""100%""","""30.0μg""","""104.0mg""","""7mg""","""2.20μg""","""""","""0mg""","""—""","""104mg""","""3g""","""""","""1413kJ""","""0.40mg""","""24mg""","""56""","""1.0g""","""0.14mg""","""16mg""","""0.10mg""","""16.6g""","""81.9g""","""0mg""","""11mg""","""2.4mg""","""蜜枣(无核)""","""""","""0mg""","""0.4g""","""17μg""","""0.13mg""","""—"""
"""—""","""—""","""0.2g""","""0.0μg""","""0.19mg""","""681""","""93%""","""Tr""","""243.0mg""","""17mg""","""0.10μg""","""6.7μg""","""0.08mg""","""—""","""195mg""","""3.80g""","""""","""476kJ""","""0.51mg""","""16mg""","""56""","""1.8g""","""0.09mg""","""33.0mg""","""0.08mg""","""69.5g""","""27.8g""","""0.20mg""","""29mg""","""0.2mg""","""冬枣""","""""","""—""","""0.7g""","""""","""0.13mg""","""—"""
"""—""","""—""","""2g""","""0μg""","""1mg""","""682""","""52%""","""3μg""","""900.0mg""","""96mg""","""1.30μg""","""""","""0.01mg""","""—""","""84mg""","""11g""","""""","""1361kJ""","""1mg""","""435mg""","""56""","""4g""","""0.02mg""","""4mg""","""0.34mg""","""18.3g""","""73.3g""","""0mg""","""95mg""","""7mg""","""酸枣""","""""","""0mg""","""3.4g""","""18μg""","""1mg""","""—"""
"""—""","""—""","""0.2g""","""35μg""","""0.23mg""","""683""","""80%""","""210.0μg""","""10.0mg""","""12mg""","""0.20μg""","""""","""0.02mg""","""—""","""232mg""","""0g""","""""","""200kJ""","""1mg""","""11mg""","""56""","""1.1g""","""0.02mg""","""8.0mg""","""0.10mg""","""88.0g""","""10.2g""","""2mg""","""27mg""","""0.4mg""","""樱桃""","""""","""0mg""","""0.5g""","""88μg""","""0.07mg""","""—"""
"""—""","""—""","""0.2g""","""8μg""","""0.18mg""","""684""","""86%""","""50.0μg""","""25.0mg""","""8mg""","""0.20μg""","""""","""0.04mg""","""—""","""104mg""","""0g""","""""","""191kJ""","""0.20mg""","""5mg""","""57""","""0.5g""","""0.02mg""","""1.3mg""","""0.09mg""","""88.7g""","""10.3g""","""1mg""","""13mg""","""0.4mg""","""葡萄(均值)""","""""","""0mg""","""0.3g""","""89μg""","""0.06mg""","""—"""
"""—""","""—""","""0.2g""","""0μg""","""0.17mg""","""685""","""96%""","""0μg""","""5.0mg""","""8mg""","""0μg""","""""","""0.03mg""","""—""","""119mg""","""2g""","""""","""196kJ""","""0mg""","""17mg""","""57""","""0.4g""","""0.02mg""","""2mg""","""0.17mg""","""88.5g""","""10.7g""","""2mg""","""13mg""","""0.3mg""","""红玫瑰葡萄""","""""","""0mg""","""0.2g""","""88μg""","""0.08mg""","""—"""
"""—""","""—""","""0.2g""","""""","""0.14mg""","""686""","""84%""","""30.0μg""","""4.0mg""","""6mg""","""0.50μg""","""""","""0.03mg""","""—""","""128mg""","""""","""""","""218kJ""","""0.10mg""","""7mg""","""57""","""0.4g""","""0.01mg""","""2.0mg""","""0.10mg""","""87.0g""","""12.0g""","""—""","""17mg""","""0.6mg""","""葡萄(巨峰)""","""""","""""","""0.4g""","""""","""0.04mg""","""—"""
"""—""","""—""","""0.4g""","""""","""""","""687""","""84%""","""50.0μg""","""""","""""","""""","""""","""""","""—""","""""","""""","""""","""178kJ""","""0.80mg""","""""","""57""","""0.5g""","""0.03mg""","""""","""""","""89.6g""","""9.1g""","""—""","""""","""""","""葡萄(马奶子)""","""""","""""","""0.4g""","""""","""""","""—"""
"""—""","""—""","""0.4g""","""""","""0.03mg""","""688""","""86%""","""20.0μg""","""4.0mg""","""4mg""","""0.10μg""","""""","""0.02mg""","""—""","""126mg""","""""","""""","""227kJ""","""0.20mg""","""8mg""","""57""","""0.4g""","""0.02mg""","""2.4mg""","""0.18mg""","""86.9g""","""12.1g""","""—""","""14mg""","""0.1mg""","""葡萄(玫瑰香)""","""""","""""","""0.2g""","""""","""0.04mg""","""—"""
"""—""","""—""","""0.4g""","""0μg""","""0.18mg""","""689""","""100%""","""2μg""","""5.0mg""","""45mg""","""3μg""","""""","""0.09mg""","""—""","""995mg""","""2g""","""""","""1475kJ""","""0mg""","""52mg""","""57""","""2.5g""","""0mg""","""19.1mg""","""0.48mg""","""11.6g""","""83.4g""","""0mg""","""90mg""","""9.1mg""","""葡萄干""","""""","""0mg""","""2.1g""","""12μg""","""0.39mg""","""—"""
"""—""","""—""","""0.2g""","""0μg""","""0.19mg""","""690""","""57%""","""1μg""","""9.0mg""","""16mg""","""0μg""","""""","""0.05mg""","""—""","""231mg""","""5g""","""""","""349kJ""","""0mg""","""9mg""","""57""","""1.4g""","""0.03mg""","""1mg""","""0.14mg""","""79.1g""","""18.7g""","""5mg""","""71mg""","""0.3mg""","""石榴(均值)""","""""","""0mg""","""0.6g""","""79μg""","""0.17mg""","""—"""
"""—""","""—""","""0.1g""","""20μg""","""0.08mg""","""691""","""87%""","""120.0μg""","""30.0mg""","""19mg""","""0.20μg""","""""","""0.02mg""","""—""","""151mg""","""1g""","""""","""325kJ""","""0.30mg""","""9mg""","""57""","""0.4g""","""0.02mg""","""1mg""","""0.06mg""","""80.6g""","""18.5g""","""1mg""","""23mg""","""0.2mg""","""柿""","""""","""0mg""","""0.4g""","""81μg""","""0.50mg""","""—"""
"""—""","""—""","""0.2g""","""48μg""","""0.23mg""","""692""","""97%""","""290.0μg""","""0mg""","""21mg""","""1μg""","""""","""0.01mg""","""—""","""339mg""","""3g""","""""","""1106kJ""","""0.50mg""","""54mg""","""57""","""2g""","""0mg""","""6.4mg""","""0.14mg""","""33.8g""","""62.8g""","""1mg""","""55mg""","""3mg""","""柿饼""","""""","""0mg""","""1.4g""","""34μg""","""0.31mg""","""—"""
"""—""","""—""","""0.4g""","""5μg""","""0.26mg""","""693""","""100%""","""30.0μg""","""0mg""","""0mg""","""6μg""","""""","""0.02mg""","""—""","""32mg""","""4g""","""""","""278kJ""","""0mg""","""37mg""","""57""","""2g""","""0.06mg""","""2.0mg""","""0.07mg""","""82.8g""","""13.8g""","""10mg""","""33mg""","""0.4mg""","""桑葚(均值)""","""""","""0mg""","""1.3g""","""83μg""","""0.28mg""","""—"""
"""—""","""—""","""0.3g""","""5μg""","""0.27mg""","""694""","""100%""","""30.0μg""","""0mg""","""0mg""","""5μg""","""""","""0.02mg""","""—""","""33mg""","""5g""","""""","""295kJ""","""0mg""","""43mg""","""57""","""2g""","""0.06mg""","""2.0mg""","""0.08mg""","""81.8g""","""14.9g""","""7mg""","""0mg""","""0.4mg""","""桑葚(白)""","""""","""0mg""","""1.2g""","""82μg""","""0.26mg""","""—"""
"""—""","""—""","""0.4g""","""3μg""","""0.25mg""","""695""","""100%""","""20.0μg""","""0mg""","""0mg""","""6.50μg""","""""","""0mg""","""—""","""32mg""","""3g""","""""","""261kJ""","""0mg""","""30mg""","""57""","""2g""","""0.05mg""","""2mg""","""0.06mg""","""83.7g""","""12.9g""","""13mg""","""33mg""","""0.3mg""","""桑葚(红)""","""""","""0mg""","""1.4g""","""84μg""","""0.29mg""","""—"""
"""—""","""—""","""1g""","""0μg""","""0.12mg""","""696""","""100%""","""0μg""","""28.0mg""","""10mg""","""0μg""","""""","""0.04mg""","""—""","""198mg""","""2g""","""""","""209kJ""","""0.30mg""","""25mg""","""57""","""1g""","""0.03mg""","""1.0mg""","""0.07mg""","""87.9g""","""10.1g""","""0mg""","""27mg""","""0.3mg""","""醋栗[灯笼果]""","""""","""0mg""","""0.5g""","""88μg""","""0.14mg""","""—"""
"""—""","""—""","""0.4g""","""0μg""","""0.27mg""","""697""","""""","""1μg""","""181.0mg""","""24mg""","""0μg""","""""","""0.05mg""","""—""","""322mg""","""2g""","""""","""299kJ""","""0.30mg""","""55mg""","""57""","""1.4g""","""0.05mg""","""2.0mg""","""0.09mg""","""82.0g""","""15.3g""","""0mg""","""59mg""","""2mg""","""黑醋栗[黑加仑]""","""""","""0mg""","""0.9g""","""82μg""","""0.26mg""","""—"""
"""—""","""—""","""2g""","""640μg""","""1.16mg""","""698""","""87%""","""3840.0μg""","""204.0mg""","""33mg""","""3μg""","""""","""0.05mg""","""—""","""359mg""","""1g""","""""","""515kJ""","""0.40mg""","""104mg""","""57""","""1g""","""0.21mg""","""28.0mg""","""1mg""","""71.0g""","""25.5g""","""0mg""","""54mg""","""9mg""","""沙棘""","""""","""0mg""","""0.8g""","""71μg""","""1mg""","""—"""
"""—""","""—""","""0.1g""","""5μg""","""1.42mg""","""699""","""100%""","""30.0μg""","""2.0mg""","""17mg""","""1μg""","""""","""0.03mg""","""—""","""212mg""","""3g""","""""","""301kJ""","""0.10mg""","""67mg""","""57""","""2g""","""0.02mg""","""6mg""","""0.01mg""","""81.3g""","""16.0g""","""2mg""","""18mg""","""0.1mg""","""无花果""","""""","""0mg""","""1.1g""","""81μg""","""0.17mg""","""—"""
"""—""","""—""","""1g""","""22μg""","""1mg""","""700""","""83%""","""130.0μg""","""62.0mg""","""12mg""","""0.30μg""","""""","""0.05mg""","""—""","""144mg""","""3g""","""""","""282kJ""","""0.30mg""","""27mg""","""57""","""1g""","""0.02mg""","""10.0mg""","""2mg""","""83.4g""","""14.5g""","""2mg""","""26mg""","""1.2mg""","""中华猕猴桃[毛叶猕猴桃]""","""""","""0mg""","""0.7g""","""83μg""","""1mg""","""—"""
"""—""","""—""","""0.2g""","""5μg""","""0.14mg""","""701""","""97%""","""30.0μg""","""47.0mg""","""12mg""","""1μg""","""""","""0.02mg""","""—""","""131mg""","""1g""","""""","""145kJ""","""0.30mg""","""18mg""","""57""","""1.0g""","""0.03mg""","""4.2mg""","""0.04mg""","""91.3g""","""7.1g""","""1mg""","""27mg""","""2mg""","""草莓[洋莓，凤阳草莓]""","""""","""0mg""","""0.4g""","""91μg""","""0.49mg""","""—"""
"""—""","""—""","""0.2g""","""0.0μg""","""0.06mg""","""702""","""86%""","""9.0μg""","""Tr""","""5mg""","""0.10μg""","""2.0μg""","""0.02mg""","""—""","""186mg""","""0.90g""","""""","""229kJ""","""0.07mg""","""2mg""","""57""","""0.4g""","""0.01mg""","""4.4mg""","""0.04mg""","""85.6g""","""13.1g""","""0.03mg""","""20mg""","""0.2mg""","""红提子葡萄""","""""","""—""","""0.7g""","""""","""0.04mg""","""—"""
"""18.1%""","""70.2%""","""4.3g""","""—""","""0.80mg""","""703""","""100%""","""—""","""5.2mg""","""96mg""","""—""","""—""","""0.13mg""","""100.0%""","""898mg""","""13.30g""","""""","""1422kJ""","""0.79mg""","""363mg""","""57""","""3.6g""","""0.07mg""","""10.0mg""","""—""","""11.5g""","""77.7g""","""—""","""67mg""","""4.5mg""","""无花果(干)""","""""","""—""","""2.9g""","""""","""—""","""11.7%"""
"""—""","""—""","""0.2g""","""27μg""","""0.14mg""","""704""","""74%""","""160.0μg""","""33.0mg""","""14mg""","""0.30μg""","""""","""0.05mg""","""—""","""159mg""","""1g""","""""","""210kJ""","""0.30mg""","""20mg""","""58""","""1g""","""0.04mg""","""1.2mg""","""0.03mg""","""87.4g""","""11.1g""","""1mg""","""22mg""","""0.4mg""","""橙""","""""","""0mg""","""0.5g""","""87μg""","""0.05mg""","""—"""
"""—""","""—""","""0.2g""","""148μg""","""0.08mg""","""705""","""77%""","""890.0μg""","""28.0mg""","""11mg""","""0.30μg""","""""","""0.08mg""","""—""","""154mg""","""0g""","""""","""222kJ""","""0.40mg""","""35mg""","""58""","""1g""","""0.04mg""","""1.4mg""","""0.04mg""","""86.9g""","""12g""","""1mg""","""18mg""","""0.2mg""","""柑桔(均值)""","""""","""0mg""","""0.3g""","""87μg""","""0.14mg""","""—"""
"""—""","""—""","""0.2g""","""""","""0.21mg""","""706""","""89%""","""370.0μg""","""35.0mg""","""20mg""","""0.60μg""","""""","""0.04mg""","""—""","""144mg""","""""","""""","""257kJ""","""0.30mg""","""56mg""","""58""","""1.0g""","""0.03mg""","""3.0mg""","""0.07mg""","""84.7g""","""13.7g""","""—""","""20mg""","""1.0mg""","""桔(金桔)[金枣]""","""""","""""","""0.4g""","""""","""0.25mg""","""—"""
"""—""","""—""","""0.2g""","""87μg""","""0.10mg""","""707""","""77%""","""520.0μg""","""19.0mg""","""45mg""","""0.10μg""","""""","""0.02mg""","""—""","""54mg""","""1g""","""""","""193kJ""","""0.20mg""","""45mg""","""58""","""1g""","""0.03mg""","""0mg""","""0.10mg""","""88.5g""","""10.3g""","""0mg""","""25mg""","""1.3mg""","""芦柑""","""""","""0mg""","""0.4g""","""88μg""","""0.03mg""","""—"""
"""—""","""—""","""0.4g""","""277μg""","""0.10mg""","""708""","""76%""","""1660.0μg""","""19.0mg""","""16mg""","""0.40μg""","""""","""0.05mg""","""—""","""177mg""","""1g""","""""","""203kJ""","""0.20mg""","""19mg""","""58""","""1g""","""0.04mg""","""1.3mg""","""0.07mg""","""88.2g""","""10.3g""","""0mg""","""18mg""","""0.2mg""","""蜜桔""","""""","""0mg""","""0.3g""","""88μg""","""0.05mg""","""—"""
"""—""","""—""","""0.2g""","""410μg""","""0.09mg""","""709""","""81%""","""2460.0μg""","""0mg""","""29mg""","""0.50μg""","""""","""0.25mg""","""—""","""124mg""","""1g""","""""","""176kJ""","""1mg""","""72mg""","""58""","""1.1g""","""0.03mg""","""2.1mg""","""0.04mg""","""89.5g""","""8.8g""","""1mg""","""16mg""","""0.2mg""","""小叶桔""","""""","""0mg""","""0.4g""","""90μg""","""0.09mg""","""—"""
"""—""","""—""","""0.4g""","""43μg""","""0.21mg""","""710""","""100%""","""260.0μg""","""0mg""","""17mg""","""1.50μg""","""""","""0.03mg""","""—""","""4mg""","""4g""","""""","""1604kJ""","""1mg""","""125mg""","""58""","""1g""","""0.19mg""","""486mg""","""0.06mg""","""5.4g""","""92.9g""","""0mg""","""6mg""","""1mg""","""桔饼""","""""","""0mg""","""0.7g""","""5μg""","""0mg""","""—"""
"""—""","""—""","""0.2g""","""2μg""","""0.40mg""","""711""","""69%""","""10.0μg""","""23.0mg""","""4mg""","""1μg""","""""","""0mg""","""—""","""119mg""","""0g""","""""","""183kJ""","""0.30mg""","""4mg""","""58""","""1g""","""0.03mg""","""3.0mg""","""0.18mg""","""89.0g""","""9.5g""","""0mg""","""24mg""","""0.3mg""","""柚[文旦]""","""""","""0mg""","""0.5g""","""89μg""","""0.08mg""","""—"""
"""—""","""—""","""1.2g""","""0μg""","""1mg""","""712""","""66%""","""0μg""","""22.0mg""","""37mg""","""0.50μg""","""""","""0.05mg""","""—""","""209mg""","""1g""","""""","""169kJ""","""1mg""","""101mg""","""58""","""1.1g""","""0.02mg""","""1.1mg""","""0.14mg""","""91.0g""","""6.2g""","""1mg""","""22mg""","""1mg""","""柠檬""","""""","""0mg""","""0.5g""","""91μg""","""0.05mg""","""—"""
"""—""","""—""","""0.3g""","""—""","""0.10mg""","""713""","""73%""","""—""","""38.0mg""","""9mg""","""—""","""—""","""0.05mg""","""—""","""60mg""","""1.20g""","""""","""145kJ""","""0.20mg""","""21mg""","""58""","""0.7g""","""0.01mg""","""7.0mg""","""—""","""90.9g""","""7.8g""","""—""","""17mg""","""0.1mg""","""葡萄柚(台湾)[西柚]""","""""","""—""","""0.3g""","""""","""—""","""—"""
"""—""","""—""","""0.1g""","""0.0μg""","""0.01mg""","""714""","""65%""","""65.0μg""","""36.0mg""","""10mg""","""0.00μg""","""Tr""","""0.05mg""","""—""","""180mg""","""1.80g""","""""","""169kJ""","""0.18mg""","""5mg""","""58""","""0.7g""","""0.02mg""","""4.1mg""","""0.02mg""","""88.8g""","""10.0g""","""0.20mg""","""16mg""","""0.3mg""","""葡萄柚(以色列)[西柚]""","""""","""—""","""0.4g""","""""","""0.02mg""","""—"""
"""—""","""—""","""0.1g""","""0μg""","""0.16mg""","""715""","""68%""","""1μg""","""0mg""","""29mg""","""1μg""","""""","""0.02mg""","""—""","""330mg""","""3g""","""""","""515kJ""","""1mg""","""6mg""","""59""","""1.2g""","""0.02mg""","""1.3mg""","""0.10mg""","""68.9g""","""28.9g""","""0mg""","""18mg""","""0.3mg""","""芭蕉[甘蕉，板蕉，牙蕉]""","""""","""0mg""","""0.9g""","""69μg""","""1mg""","""—"""
"""—""","""—""","""0.1g""","""3μg""","""0.14mg""","""716""","""68%""","""20.0μg""","""18.0mg""","""8mg""","""0.20μg""","""""","""0.04mg""","""—""","""113mg""","""1g""","""""","""196kJ""","""0.20mg""","""12mg""","""59""","""0.5g""","""0.02mg""","""1mg""","""0.07mg""","""88.4g""","""10.8g""","""0mg""","""9mg""","""1mg""","""菠萝[凤梨，地菠萝]""","""""","""0mg""","""0.2g""","""88μg""","""1.04mg""","""—"""
"""—""","""—""","""0.3g""","""3μg""","""0.12mg""","""717""","""43%""","""18.0μg""","""9.0mg""","""24mg""","""4.20μg""","""""","""0.06mg""","""—""","""330mg""","""1g""","""""","""451kJ""","""1mg""","""9mg""","""59""","""0.2g""","""0.05mg""","""11.4mg""","""0.12mg""","""73.2g""","""25.7g""","""1mg""","""18mg""","""0.5mg""","""菠萝蜜[木菠萝]""","""""","""0mg""","""0.6g""","""73μg""","""0.18mg""","""—"""
"""—""","""—""","""0.1g""","""483μg""","""0mg""","""718""","""100%""","""2900.0μg""","""2585.0mg""","""0mg""","""0μg""","""""","""0.05mg""","""—""","""0mg""","""4g""","""""","""303kJ""","""0.00mg""","""68mg""","""59""","""1g""","""0.03mg""","""0mg""","""0mg""","""81.0g""","""16.9g""","""0mg""","""13mg""","""3mg""","""刺梨[茨梨，木梨子]""","""""","""0mg""","""1.3g""","""81μg""","""0mg""","""—"""
"""—""","""—""","""0.4g""","""0μg""","""0.21mg""","""719""","""97%""","""0μg""","""68.0mg""","""10mg""","""2μg""","""""","""0.02mg""","""—""","""235mg""","""6g""","""""","""275kJ""","""0.30mg""","""13mg""","""59""","""1.1g""","""0.05mg""","""3.3mg""","""0.08mg""","""83.9g""","""14.2g""","""0mg""","""16mg""","""0.2mg""","""番石榴[鸡矢果，番桃]""","""""","""0mg""","""0.4g""","""84μg""","""0.11mg""","""—"""
"""—""","""—""","""0.1g""","""3μg""","""0.40mg""","""720""","""50%""","""20.0μg""","""43.0mg""","""10mg""","""1μg""","""""","""0.01mg""","""—""","""248mg""","""0g""","""""","""306kJ""","""1.30mg""","""6mg""","""59""","""1.2g""","""0.14mg""","""4mg""","""0.10mg""","""81.4g""","""16.6g""","""0mg""","""30mg""","""0.2mg""","""桂圆""","""""","""0mg""","""0.7g""","""81μg""","""0.07mg""","""—"""
"""—""","""—""","""0.2g""","""0μg""","""1mg""","""721""","""37%""","""3μg""","""12.0mg""","""81mg""","""12.40μg""","""""","""0mg""","""—""","""1348mg""","""2g""","""""","""1194kJ""","""1.30mg""","""38mg""","""59""","""5.0g""","""0.39mg""","""3.3mg""","""1.28mg""","""26.9g""","""64.8g""","""0mg""","""206mg""","""1mg""","""桂圆(干)""","""""","""0mg""","""3.1g""","""27μg""","""0.30mg""","""—"""
"""—""","""—""","""0.2g""","""2μg""","""0.17mg""","""722""","""73%""","""10.0μg""","""41.0mg""","""12mg""","""0.10μg""","""""","""0.10mg""","""—""","""151mg""","""0g""","""""","""305kJ""","""1.10mg""","""2mg""","""59""","""1g""","""0.04mg""","""2mg""","""0.16mg""","""81.9g""","""16.6g""","""0mg""","""24mg""","""0.4mg""","""荔枝""","""""","""0mg""","""0.4g""","""82μg""","""0.09mg""","""—"""
"""—""","""—""","""0.2g""","""150μg""","""0.09mg""","""723""","""60%""","""897.0μg""","""23.0mg""","""14mg""","""1.40μg""","""""","""0.01mg""","""—""","""138mg""","""1g""","""""","""159kJ""","""0.30mg""","""0mg""","""59""","""1g""","""0.04mg""","""3mg""","""0.06mg""","""90.6g""","""8.3g""","""1mg""","""11mg""","""0.2mg""","""芒果[抹猛果，望果]""","""""","""0mg""","""0.3g""","""91μg""","""0.20mg""","""—"""
"""—""","""—""","""0.1g""","""145μg""","""0.25mg""","""724""","""86%""","""870.0μg""","""43.0mg""","""9mg""","""2μg""","""""","""0.01mg""","""—""","""18mg""","""1g""","""""","""129kJ""","""0.30mg""","""17mg""","""59""","""0.4g""","""0.02mg""","""28.0mg""","""0.03mg""","""92.2g""","""7.0g""","""0mg""","""12mg""","""0.2mg""","""木瓜[番木瓜]""","""""","""0mg""","""0.3g""","""92μg""","""0.05mg""","""—"""
"""—""","""—""","""1g""","""8μg""","""0.09mg""","""725""","""88%""","""50.0μg""","""12.0mg""","""11mg""","""2μg""","""""","""0mg""","""—""","""100mg""","""4g""","""""","""397kJ""","""0.30mg""","""13mg""","""59""","""1g""","""0.25mg""","""7.1mg""","""0.04mg""","""77.1g""","""21.2g""","""0mg""","""7mg""","""0.2mg""","""人参果""","""""","""0mg""","""0.4g""","""77μg""","""0.13mg""","""—"""
"""—""","""—""","""0.2g""","""10μg""","""0.18mg""","""726""","""59%""","""60.0μg""","""8.0mg""","""43mg""","""1μg""","""""","""0.02mg""","""—""","""256mg""","""1g""","""""","""405kJ""","""1mg""","""7mg""","""59""","""1.4g""","""0.04mg""","""1mg""","""0.14mg""","""75.8g""","""22.0g""","""0mg""","""28mg""","""0.4mg""","""香蕉[甘蕉]""","""""","""0mg""","""0.6g""","""76μg""","""1mg""","""—"""
"""—""","""—""","""0.2g""","""7μg""","""0.14mg""","""727""","""82%""","""40.0μg""","""9.0mg""","""10mg""","""0.30μg""","""""","""0.01mg""","""—""","""149mg""","""1g""","""""","""135kJ""","""0.30mg""","""14mg""","""59""","""1g""","""0.05mg""","""1mg""","""0.02mg""","""92.0g""","""6.7g""","""1mg""","""8mg""","""1.0mg""","""杨梅[树梅，山杨梅]""","""""","""0mg""","""0.3g""","""92μg""","""1mg""","""—"""
"""—""","""—""","""0.2g""","""3μg""","""0.39mg""","""728""","""88%""","""20.0μg""","""7.0mg""","""10mg""","""1μg""","""""","""0.02mg""","""—""","""128mg""","""1g""","""""","""143kJ""","""1mg""","""4mg""","""59""","""1g""","""0.03mg""","""1.4mg""","""0.04mg""","""91.4g""","""7.4g""","""0mg""","""18mg""","""0.4mg""","""杨桃""","""""","""0mg""","""0.4g""","""91μg""","""0.36mg""","""—"""
"""9.5%""","""2.7%""","""12.1g""","""0μg""","""1mg""","""729""","""33%""","""1μg""","""6.0mg""","""65mg""","""0μg""","""""","""0.01mg""","""100.2%""","""475mg""","""5g""","""""","""1048kJ""","""0.50mg""","""2mg""","""59""","""4.0g""","""0.01mg""","""56mg""","""0.19mg""","""51.8g""","""31.3g""","""0mg""","""90mg""","""2mg""","""椰子""","""""","""0mg""","""0.8g""","""52μg""","""0.06mg""","""88.0%"""
"""—""","""—""","""0.2g""","""0μg""","""0.21mg""","""730""","""62%""","""0μg""","""8.0mg""","""10mg""","""1μg""","""""","""0.01mg""","""—""","""122mg""","""1g""","""""","""179kJ""","""0.30mg""","""17mg""","""59""","""1g""","""0.03mg""","""4.0mg""","""0.06mg""","""89.3g""","""9.3g""","""0mg""","""8mg""","""1.1mg""","""枇杷""","""""","""0mg""","""0.4g""","""89μg""","""0.34mg""","""—"""
"""—""","""—""","""0.2g""","""22μg""","""0.25mg""","""731""","""80%""","""130.0μg""","""3.0mg""","""10mg""","""0.40μg""","""""","""0.01mg""","""—""","""23mg""","""4g""","""""","""278kJ""","""1mg""","""49mg""","""59""","""1g""","""0.01mg""","""0mg""","""0mg""","""83.1g""","""15.1g""","""0mg""","""18mg""","""0.2mg""","""橄榄(白榄)""","""""","""0mg""","""0.8g""","""83μg""","""0.48mg""","""—"""
"""—""","""—""","""0.1g""","""8μg""","""0.10mg""","""732""","""80%""","""50.0μg""","""62.0mg""","""8mg""","""1.10μg""","""""","""0mg""","""—""","""15mg""","""3g""","""""","""220kJ""","""0.50mg""","""6mg""","""59""","""0.3g""","""0.01mg""","""0mg""","""0mg""","""86.6g""","""12.4g""","""0mg""","""9mg""","""0.2mg""","""余柑子[油柑子]""","""""","""0mg""","""0.6g""","""87μg""","""1mg""","""—"""
"""—""","""—""","""1.2g""","""0.0μg""","""0.24mg""","""733""","""79%""","""Tr""","""35.0mg""","""12mg""","""0.10μg""","""1.3μg""","""0.01mg""","""—""","""13mg""","""1.50g""","""""","""345kJ""","""0.31mg""","""11mg""","""59""","""1.0g""","""0.04mg""","""2.3mg""","""0.21mg""","""80.0g""","""17.5g""","""0.00mg""","""20mg""","""0.3mg""","""红毛丹""","""""","""—""","""0.3g""","""""","""0.35mg""","""—"""
"""—""","""—""","""0.2g""","""0.0μg""","""0.29mg""","""734""","""69%""","""Tr""","""3.0mg""","""30mg""","""0.00μg""","""0.4μg""","""0.03mg""","""—""","""20mg""","""2.00g""","""""","""234kJ""","""0.22mg""","""7mg""","""59""","""1.1g""","""0.02mg""","""2.7mg""","""0.04mg""","""84.8g""","""13.3g""","""0.10mg""","""35mg""","""0.3mg""","""火龙果[仙蜜果、红龙果]""","""""","""—""","""0.6g""","""""","""0.19mg""","""—"""
"""—""","""—""","""3.3g""","""0.0μg""","""0.16mg""","""735""","""37%""","""20.0μg""","""2.8mg""","""27mg""","""3.30μg""","""5.6μg""","""0.20mg""","""—""","""261mg""","""1.70g""","""""","""632kJ""","""1.19mg""","""4mg""","""59""","""2.6g""","""0.13mg""","""2.9mg""","""0.12mg""","""64.5g""","""28.3g""","""2.30mg""","""38mg""","""0.3mg""","""榴莲""","""""","""—""","""1.3g""","""""","""0.22mg""","""—"""
"""—""","""—""","""0.1g""","""7μg""","""0mg""","""736""","""55%""","""40.0μg""","""14.0mg""","""0mg""","""0μg""","""""","""0.02mg""","""—""","""0mg""","""1g""","""""","""104kJ""","""1mg""","""24mg""","""60""","""1g""","""0.03mg""","""0mg""","""0mg""","""93.2g""","""5.3g""","""0mg""","""13mg""","""1mg""","""白兰瓜""","""""","""0mg""","""0.8g""","""93μg""","""0mg""","""—"""
"""—""","""—""","""0.1g""","""""","""0.13mg""","""737""","""71%""","""920.0μg""","""12.0mg""","""19mg""","""1.10μg""","""""","""""","""—""","""190mg""","""""","""""","""147kJ""","""""","""4mg""","""60""","""0.5g""","""0.01mg""","""26.7mg""","""0.01mg""","""91.0g""","""7.9g""","""—""","""19mg""","""""","""哈密瓜""","""""","""""","""0.5g""","""""","""0.01mg""","""—"""
"""—""","""—""","""0.1g""","""5μg""","""0.09mg""","""738""","""78%""","""30.0μg""","""15.0mg""","""11mg""","""0.40μg""","""""","""0.02mg""","""—""","""139mg""","""0g""","""""","""116kJ""","""0.30mg""","""14mg""","""60""","""0.4g""","""0.03mg""","""9mg""","""0.04mg""","""92.9g""","""6.2g""","""0mg""","""17mg""","""1mg""","""甜瓜[香瓜]""","""""","""0mg""","""0.4g""","""93μg""","""0.04mg""","""—"""
"""—""","""—""","""0.1g""","""75μg""","""0.10mg""","""739""","""56%""","""450.0μg""","""6.0mg""","""8mg""","""0.20μg""","""""","""0.02mg""","""—""","""87mg""","""0g""","""""","""113kJ""","""0.20mg""","""8mg""","""60""","""1g""","""0.03mg""","""3.2mg""","""0.05mg""","""93.3g""","""6g""","""0mg""","""9mg""","""0.3mg""","""西瓜(均值)""","""""","""0mg""","""0.2g""","""93μg""","""0.05mg""","""—"""
"""—""","""—""","""1.3g""","""0μg""","""1mg""","""740""","""67%""","""3μg""","""0mg""","""0mg""","""14.50μg""","""""","""0mg""","""—""","""17mg""","""0g""","""""","""1507kJ""","""0mg""","""54mg""","""61""","""13.2g""","""0.10mg""","""18mg""","""0.45mg""","""9.9g""","""73g""","""25mg""","""23mg""","""0.2mg""","""白果(干)[银杏]""","""""","""0mg""","""3.0g""","""10μg""","""2.03mg""","""—"""
"""—""","""—""","""0.3g""","""0μg""","""1mg""","""741""","""97%""","""1μg""","""16.0mg""","""27mg""","""10.50μg""","""""","""0.31mg""","""—""","""400mg""","""2g""","""""","""718kJ""","""1mg""","""18mg""","""61""","""5g""","""0.16mg""","""12mg""","""0.27mg""","""57.0g""","""36.7g""","""0mg""","""68mg""","""2mg""","""菠萝蜜子""","""""","""0mg""","""1.1g""","""57μg""","""0.30mg""","""—"""
"""—""","""—""","""30g""","""0μg""","""0mg""","""742""","""43%""","""1μg""","""10.0mg""","""0mg""","""0μg""","""""","""0.07mg""","""—""","""0mg""","""4g""","""""","""1428kJ""","""1.40mg""","""0mg""","""61""","""13g""","""0.14mg""","""0mg""","""0mg""","""49.8g""","""6.1g""","""41mg""","""0mg""","""0mg""","""核桃(鲜)""","""""","""0mg""","""1.4g""","""50μg""","""0mg""","""—"""
"""15.7%""","""76.2%""","""59g""","""5μg""","""2.17mg""","""743""","""43%""","""30.0μg""","""1.0mg""","""131mg""","""5μg""","""""","""0.15mg""","""100.4%""","""385mg""","""10g""","""""","""2754kJ""","""1mg""","""56mg""","""61""","""15g""","""0.14mg""","""6.4mg""","""1.17mg""","""5.2g""","""19.1g""","""43mg""","""294mg""","""3mg""","""核桃(干)[胡桃]""","""""","""0mg""","""2.0g""","""5μg""","""3.44mg""","""8.5%"""
"""—""","""—""","""50.4g""","""5μg""","""6.42mg""","""744""","""24%""","""30.0μg""","""0mg""","""306mg""","""1μg""","""""","""0.16mg""","""—""","""237mg""","""7g""","""""","""2616kJ""","""0.50mg""","""57mg""","""61""","""18.0g""","""0.09mg""","""251mg""","""2.14mg""","""2.2g""","""26.2g""","""66mg""","""521mg""","""7mg""","""山核桃(干)""","""""","""0mg""","""3.2g""","""2μg""","""8.16mg""","""—"""
"""74.2%""","""17.9%""","""51g""","""0μg""","""13mg""","""745""","""30%""","""4μg""","""0mg""","""5mg""","""0μg""","""""","""0.02mg""","""99.7%""","""241mg""","""8g""","""""","""2602kJ""","""1.00mg""","""133mg""","""61""","""8g""","""0.09mg""","""430.3mg""","""0.45mg""","""2.2g""","""34.6g""","""14mg""","""222mg""","""5.4mg""","""山核桃(熟)[小核桃]""","""""","""0mg""","""4.5g""","""2μg""","""0.15mg""","""7.4%"""
"""30.1%""","""55.5%""","""1g""","""32μg""","""1mg""","""746""","""80%""","""190.0μg""","""24.0mg""","""50mg""","""1.10μg""","""""","""0.14mg""","""100.1%""","""442mg""","""2g""","""""","""815kJ""","""1mg""","""17mg""","""61""","""4.2g""","""0.17mg""","""14mg""","""0.40mg""","""52.0g""","""42.2g""","""5mg""","""89mg""","""1.1mg""","""栗子(鲜)[板栗]""","""""","""0mg""","""0.9g""","""52μg""","""2mg""","""14.5%"""
"""—""","""—""","""2g""","""5μg""","""1.32mg""","""747""","""73%""","""30.0μg""","""25.0mg""","""56mg""","""0μg""","""""","""0.08mg""","""—""","""0mg""","""1g""","""""","""1486kJ""","""1mg""","""0mg""","""61""","""5.3g""","""0.15mg""","""8.5mg""","""1.34mg""","""13.4g""","""78.4g""","""11mg""","""0mg""","""1.2mg""","""栗子(干)""","""""","""0mg""","""1.2g""","""13μg""","""1.14mg""","""—"""
"""—""","""—""","""2g""","""40μg""","""0mg""","""748""","""78%""","""240.0μg""","""36.0mg""","""0mg""","""0μg""","""""","""0.19mg""","""—""","""0mg""","""1g""","""""","""919kJ""","""1.20mg""","""15mg""","""61""","""5g""","""0.13mg""","""0mg""","""0mg""","""46.6g""","""46.0g""","""0mg""","""91mg""","""2mg""","""栗子(熟)[板栗]""","""""","""0mg""","""1.1g""","""47μg""","""0mg""","""—"""
"""—""","""—""","""63g""","""7μg""","""9.02mg""","""749""","""32%""","""40.0μg""","""0mg""","""567mg""","""1μg""","""""","""0.41mg""","""—""","""184mg""","""12g""","""""","""2853kJ""","""4mg""","""3mg""","""61""","""13g""","""0.09mg""","""0mg""","""3mg""","""3.0g""","""19.0g""","""34mg""","""620mg""","""6mg""","""松子(生)""","""""","""0mg""","""2.8g""","""3μg""","""10.35mg""","""—"""
"""39.7%""","""47.0%""","""58.5g""","""5μg""","""5.49mg""","""750""","""31%""","""30.0μg""","""0mg""","""186mg""","""1μg""","""""","""0mg""","""100.0%""","""612mg""","""12g""","""""","""2768kJ""","""4mg""","""161mg""","""61""","""14.1g""","""0.11mg""","""3.0mg""","""1.21mg""","""3.6g""","""21.4g""","""25mg""","""227mg""","""5.2mg""","""松子(炒)""","""""","""0mg""","""2.4g""","""4μg""","""7.40mg""","""13.3%"""
"""39.7%""","""47.0%""","""71g""","""2μg""","""5mg""","""751""","""100%""","""10.0μg""","""0mg""","""116mg""","""1μg""","""""","""0.19mg""","""100.0%""","""502mg""","""10g""","""""","""3047kJ""","""4.00mg""","""78mg""","""61""","""13.4g""","""0.25mg""","""10.1mg""","""1mg""","""0.8g""","""12.2g""","""33mg""","""569mg""","""4.3mg""","""松子仁""","""""","""0mg""","""3.0g""","""1μg""","""6.01mg""","""13.3%"""
"""—""","""—""","""45.4g""","""0μg""","""4.30mg""","""752""","""100%""","""3μg""","""26.0mg""","""178mg""","""16μg""","""""","""0.08mg""","""—""","""106mg""","""8g""","""""","""2469kJ""","""0mg""","""97mg""","""61""","""22.5g""","""1mg""","""8.3mg""","""1mg""","""5.6g""","""23.9g""","""19mg""","""27mg""","""2.2mg""","""杏仁""","""""","""0mg""","""2.6g""","""6μg""","""1mg""","""—"""
"""—""","""—""","""43g""","""0μg""","""4.06mg""","""753""","""100%""","""3μg""","""26.0mg""","""0mg""","""27.10μg""","""""","""0.02mg""","""—""","""169mg""","""18g""","""""","""2398kJ""","""0mg""","""49mg""","""61""","""20g""","""2mg""","""0mg""","""1mg""","""6.2g""","""27.8g""","""0mg""","""4mg""","""1.2mg""","""杏仁(大)""","""""","""0mg""","""3.2g""","""6μg""","""1mg""","""—"""
"""—""","""—""","""51.0g""","""17μg""","""0mg""","""754""","""91%""","""100.0μg""","""0mg""","""0mg""","""0μg""","""""","""0.15mg""","""—""","""0mg""","""9g""","""""","""2642kJ""","""2.50mg""","""141mg""","""61""","""26g""","""1mg""","""0mg""","""0mg""","""2.1g""","""18.7g""","""0mg""","""202mg""","""4mg""","""杏仁(炒)""","""""","""0mg""","""2.5g""","""2μg""","""0mg""","""—"""
"""—""","""—""","""2.0g""","""0μg""","""0mg""","""755""","""70%""","""1μg""","""7.0mg""","""0mg""","""0μg""","""""","""0.03mg""","""—""","""0mg""","""1g""","""""","""1001kJ""","""0mg""","""112mg""","""61""","""4.0g""","""0mg""","""0mg""","""0mg""","""42.3g""","""50.5g""","""0mg""","""64mg""","""6mg""","""橡实[橡子，青冈子]""","""""","""0mg""","""1.2g""","""42μg""","""0mg""","""—"""
"""—""","""—""","""37g""","""8μg""","""4.30mg""","""756""","""100%""","""49.0μg""","""0mg""","""153mg""","""34.00μg""","""""","""0.27mg""","""—""","""503mg""","""10.4g""","""""","""2359kJ""","""1.30mg""","""26mg""","""61""","""17.3g""","""0.13mg""","""251.3mg""","""1.43mg""","""2.4g""","""41.6g""","""3mg""","""395mg""","""5mg""","""腰果""","""""","""0mg""","""2.0g""","""2μg""","""2mg""","""—"""
"""—""","""—""","""45g""","""8μg""","""6mg""","""757""","""27%""","""50.0μg""","""0mg""","""420mg""","""1μg""","""""","""1mg""","""—""","""1244mg""","""10g""","""""","""2411kJ""","""2.50mg""","""104mg""","""61""","""20.0g""","""0.14mg""","""5mg""","""3.03mg""","""7.4g""","""24.3g""","""36mg""","""422mg""","""6.4mg""","""榛子(干)""","""""","""0mg""","""3.5g""","""7μg""","""15mg""","""—"""
"""23.7%""","""53.4%""","""50.3g""","""12μg""","""4mg""","""758""","""21%""","""70.0μg""","""0mg""","""502mg""","""2.40μg""","""""","""0.21mg""","""98.9%""","""686mg""","""8g""","""""","""2602kJ""","""10mg""","""815mg""","""61""","""30.5g""","""0.22mg""","""153.0mg""","""2.00mg""","""2.3g""","""13.1g""","""25mg""","""423mg""","""5.1mg""","""榛子(炒)""","""""","""0mg""","""3.8g""","""2μg""","""18.47mg""","""20.8%"""
"""66.7%""","""17.5%""","""53.0g""","""0.0μg""","""3.11mg""","""759""","""82%""","""—""","""—""","""118mg""","""6.50μg""","""37.9μg""","""0.45mg""","""100.0%""","""735mg""","""8.20g""","""""","""2610kJ""","""1.05mg""","""108mg""","""61""","""20.6g""","""0.10mg""","""756.4mg""","""0.83mg""","""0.8g""","""21.9g""","""2.80mg""","""468mg""","""4.4mg""","""开心果(熟)""","""""","""—""","""3.7g""","""""","""1.69mg""","""15.8%"""
"""—""","""—""","""31g""","""0μg""","""5mg""","""760""","""98%""","""4μg""","""0mg""","""389mg""","""0μg""","""""","""0.29mg""","""—""","""408mg""","""30g""","""""","""2132kJ""","""1.00mg""","""228mg""","""62""","""19.1g""","""0.28mg""","""49mg""","""2mg""","""6.9g""","""39.5g""","""13mg""","""577mg""","""20mg""","""胡麻籽""","""""","""0mg""","""3.8g""","""7μg""","""3mg""","""—"""
"""38.6%""","""38.6%""","""25.4g""","""2μg""","""2mg""","""761""","""53%""","""10.0μg""","""14.0mg""","""110mg""","""4.50μg""","""""","""0mg""","""97.7%""","""390mg""","""8g""","""""","""1365kJ""","""14.10mg""","""8mg""","""62""","""12.0g""","""0.04mg""","""4mg""","""1mg""","""48.3g""","""13.0g""","""3mg""","""250mg""","""3.4mg""","""花生(鲜)[落花生，长生果]""","""""","""0mg""","""1.3g""","""48μg""","""1mg""","""19.8%"""
"""38.6%""","""38.6%""","""48.0g""","""10μg""","""2.03mg""","""762""","""71%""","""60.0μg""","""0mg""","""171mg""","""4μg""","""""","""0.13mg""","""98.4%""","""563mg""","""6g""","""""","""2550kJ""","""19mg""","""47mg""","""62""","""22g""","""0.12mg""","""35mg""","""1mg""","""4.1g""","""23.8g""","""13mg""","""326mg""","""2mg""","""花生(炒)""","""""","""0mg""","""2.4g""","""4μg""","""1.44mg""","""19.8%"""
"""38.6%""","""38.6%""","""44.3g""","""5μg""","""2.50mg""","""763""","""100%""","""30.0μg""","""2.0mg""","""178mg""","""4μg""","""""","""1mg""","""98.3%""","""587mg""","""6g""","""""","""2430kJ""","""18mg""","""39mg""","""62""","""25g""","""0.13mg""","""4mg""","""1mg""","""6.9g""","""21.7g""","""18mg""","""324mg""","""2.1mg""","""花生仁(生)""","""""","""0mg""","""2.3g""","""7μg""","""1.25mg""","""19.8%"""
"""38.6%""","""38.6%""","""44.4g""","""0μg""","""3mg""","""764""","""100%""","""4μg""","""0mg""","""176mg""","""7.10μg""","""""","""0.12mg""","""98.3%""","""674mg""","""4g""","""""","""2486kJ""","""19mg""","""284mg""","""62""","""24g""","""0.10mg""","""445.1mg""","""1mg""","""1.8g""","""25.7g""","""15mg""","""315mg""","""7mg""","""花生仁(炒)""","""""","""0mg""","""4.2g""","""2μg""","""2mg""","""19.8%"""
"""—""","""—""","""50g""","""5μg""","""6.03mg""","""765""","""50%""","""30.0μg""","""0mg""","""264mg""","""1.20μg""","""""","""0.36mg""","""—""","""562mg""","""6g""","""""","""2577kJ""","""5mg""","""72mg""","""62""","""24g""","""0.20mg""","""6mg""","""3mg""","""2.4g""","""19.1g""","""35mg""","""238mg""","""6mg""","""葵花子(生)""","""""","""0mg""","""4.7g""","""2μg""","""2mg""","""—"""
"""20.1%""","""65.4%""","""53g""","""5μg""","""6mg""","""766""","""52%""","""30.0μg""","""0mg""","""267mg""","""2.00μg""","""""","""0.43mg""","""99.4%""","""491mg""","""5g""","""""","""2632kJ""","""5mg""","""72mg""","""62""","""23g""","""0.26mg""","""1322.0mg""","""2mg""","""2.0g""","""17.3g""","""26mg""","""564mg""","""6.1mg""","""葵花子(炒)""","""""","""0mg""","""5.3g""","""2μg""","""2mg""","""13.4%"""
"""13.5%""","""77.2%""","""53.4g""","""0μg""","""0.50mg""","""767""","""100%""","""3μg""","""0mg""","""287mg""","""6μg""","""""","""2mg""","""99.8%""","""547mg""","""4g""","""""","""2584kJ""","""4.50mg""","""115mg""","""62""","""19.1g""","""0.16mg""","""5.0mg""","""1mg""","""7.8g""","""16.7g""","""79mg""","""604mg""","""3mg""","""葵花子仁""","""""","""0mg""","""3.0g""","""8μg""","""1.07mg""","""8.9%"""
"""18.5%""","""33.8%""","""2.0g""","""0μg""","""3mg""","""768""","""100%""","""4μg""","""5.0mg""","""242mg""","""3.40μg""","""""","""0.16mg""","""97.4%""","""846mg""","""3g""","""""","""1509kJ""","""4.20mg""","""97mg""","""62""","""17.2g""","""0.08mg""","""5.1mg""","""1.33mg""","""9.5g""","""67.2g""","""3mg""","""550mg""","""4mg""","""莲子(干)""","""""","""0mg""","""4.1g""","""10μg""","""8.23mg""","""45.1%"""
"""37.4%""","""45.0%""","""46.1g""","""0μg""","""7.12mg""","""769""","""68%""","""6μg""","""0mg""","""376mg""","""27.00μg""","""""","""0.08mg""","""100.4%""","""672mg""","""4g""","""""","""2452kJ""","""3.30mg""","""37mg""","""62""","""36.0g""","""0.16mg""","""16mg""","""1.44mg""","""4.1g""","""7.9g""","""27mg""","""0mg""","""6.5mg""","""南瓜子(炒)[白瓜子]""","""""","""0mg""","""5.9g""","""4μg""","""4mg""","""18.0%"""
"""—""","""—""","""48.1g""","""0μg""","""3mg""","""770""","""100%""","""5μg""","""0mg""","""2mg""","""3μg""","""""","""0.23mg""","""—""","""102mg""","""5g""","""""","""2427kJ""","""2mg""","""16mg""","""62""","""33.2g""","""0.09mg""","""21mg""","""1.11mg""","""9.2g""","""4.9g""","""13mg""","""1159mg""","""2mg""","""南瓜子仁""","""""","""0mg""","""4.6g""","""9μg""","""1mg""","""—"""
"""12.3%""","""67.0%""","""45g""","""0μg""","""7mg""","""771""","""43%""","""4μg""","""0mg""","""448mg""","""23.40μg""","""""","""0.04mg""","""97.6%""","""612mg""","""4g""","""""","""2455kJ""","""3.40mg""","""28mg""","""62""","""33g""","""0.08mg""","""188mg""","""2mg""","""4.3g""","""14.2g""","""1mg""","""765mg""","""8.2mg""","""西瓜子(炒)""","""""","""0mg""","""4.0g""","""4μg""","""2mg""","""16.5%"""
"""9.5%""","""76.9%""","""46g""","""0μg""","""0.39mg""","""772""","""100%""","""4μg""","""0mg""","""1mg""","""11.00μg""","""""","""0.20mg""","""99.8%""","""186mg""","""5g""","""""","""2395kJ""","""1.40mg""","""0mg""","""62""","""32.4g""","""0.08mg""","""9.4mg""","""0.04mg""","""9.2g""","""8.6g""","""27mg""","""818mg""","""5mg""","""西瓜子仁""","""""","""0mg""","""3.9g""","""9μg""","""1.21mg""","""13.2%"""
"""—""","""—""","""40g""","""0μg""","""4.21mg""","""773""","""100%""","""5μg""","""0mg""","""202mg""","""4.10μg""","""""","""0.36mg""","""—""","""266mg""","""10g""","""""","""2314kJ""","""4mg""","""620mg""","""62""","""18.4g""","""0.26mg""","""32.2mg""","""1.41mg""","""5.3g""","""31.5g""","""38mg""","""513mg""","""14.1mg""","""芝麻籽(白)""","""""","""0mg""","""5.2g""","""5μg""","""1.17mg""","""—"""
"""37.5%""","""47.3%""","""46.1g""","""0μg""","""6.13mg""","""774""","""100%""","""5μg""","""0mg""","""290mg""","""5μg""","""""","""1mg""","""99.4%""","""358mg""","""14g""","""""","""2438kJ""","""6mg""","""780mg""","""62""","""19.1g""","""0.25mg""","""8.3mg""","""2mg""","""5.7g""","""24.0g""","""50mg""","""516mg""","""23mg""","""芝麻籽(黑)""","""""","""0mg""","""5.1g""","""6μg""","""18mg""","""14.2%"""
"""—""","""—""","""0.2g""","""0μg""","""0mg""","""775""","""47%""","""0μg""","""6.0mg""","""0mg""","""0μg""","""""","""0.40mg""","""—""","""0mg""","""0g""","""""","""618kJ""","""2.50mg""","""9mg""","""62""","""4.4g""","""0.08mg""","""0mg""","""0mg""","""63.4g""","""31.5g""","""0mg""","""110mg""","""0.4mg""","""芡实米(鲜)[鸡头米]""","""""","""0mg""","""0.5g""","""63μg""","""0mg""","""—"""
"""57.0%""","""24.1%""","""46.3g""","""0.0μg""","""3.61mg""","""776""","""72%""","""47.0μg""","""—""","""200mg""","""2.20μg""","""9.4μg""","""0.25mg""","""100.5%""","""541mg""","""""","""商品名：美味花生""","""2522kJ""","""12.13mg""","""79mg""","""62""","""26.4g""","""0.08mg""","""79.4mg""","""1.23mg""","""2.5g""","""21.2g""","""7.78mg""","""376mg""","""2.1mg""","""花生(烤，勤俭牌)""","""""","""—""","""3.6g""","""""","""1.56mg""","""19.4%"""
"""59.0%""","""12.4%""","""22.3g""","""0.0μg""","""2.61mg""","""777""","""71%""","""518.0μg""","""—""","""51mg""","""5.40μg""","""14.7μg""","""0.20mg""","""100.1%""","""344mg""","""""","""""","""2058kJ""","""10.00mg""","""23mg""","""62""","""16.6g""","""0.08mg""","""171.1mg""","""0.34mg""","""3.1g""","""55.9g""","""—""","""299mg""","""2.6mg""","""花生(烤，密日兴牌)""","""""","""—""","""2.1g""","""""","""—""","""28.7%"""
"""—""","""—""","""47.1g""","""—""","""3.16mg""","""778""","""100%""","""—""","""—""","""84mg""","""—""","""—""","""0.30mg""","""—""","""551mg""","""""","""""","""2566kJ""","""—""","""20mg""","""62""","""22.2g""","""0.08mg""","""207.8mg""","""0.56mg""","""1.3g""","""26.2g""","""—""","""474mg""","""1.6mg""","""花生仁(油炸)""","""""","""—""","""3.2g""","""""","""—""","""—"""
"""—""","""—""","""37.0g""","""18.0μg""","""2.06mg""","""779""","""100%""","""1μg""","""0mg""","""16mg""","""12.00μg""","""""","""0.22mg""","""—""","""204mg""","""0g""","""""","""1653kJ""","""4mg""","""6mg""","""63""","""13.2g""","""0.16mg""","""59.4mg""","""0.06mg""","""46.8g""","""2.4g""","""0mg""","""162mg""","""2mg""","""猪肉(肥瘦)(均值)""","""""","""80mg""","""0.6g""","""47μg""","""0.03mg""","""—"""
"""—""","""—""","""89g""","""29.0μg""","""1mg""","""780""","""100%""","""0μg""","""0mg""","""2mg""","""8μg""","""""","""0.08mg""","""—""","""23mg""","""0g""","""""","""3376kJ""","""1mg""","""3mg""","""63""","""2.4g""","""0.05mg""","""20mg""","""0.05mg""","""8.8g""","""0.0g""","""0mg""","""18mg""","""1.0mg""","""猪肉(肥)""","""""","""109mg""","""0.2g""","""9μg""","""0.03mg""","""—"""
"""45.6%""","""11.6%""","""31g""","""16.0μg""","""1mg""","""781""","""97%""","""1μg""","""0mg""","""12mg""","""3μg""","""""","""0.26mg""","""95.6%""","""178mg""","""0g""","""""","""1406kJ""","""3mg""","""5mg""","""63""","""15g""","""0.11mg""","""58mg""","""0.13mg""","""54.0g""","""Tr""","""1mg""","""130mg""","""1.0mg""","""猪肉(后臀尖)""","""""","""87mg""","""0.6g""","""54μg""","""0mg""","""36.8%"""
"""45.6%""","""11.6%""","""28.0g""","""8.0μg""","""2mg""","""782""","""73%""","""1μg""","""0mg""","""12mg""","""7μg""","""""","""0.37mg""","""95.4%""","""188mg""","""0g""","""""","""1339kJ""","""3mg""","""6mg""","""63""","""17.0g""","""0.18mg""","""77mg""","""0.19mg""","""57.6g""","""Tr""","""0mg""","""142mg""","""1.0mg""","""猪肉(后肘)""","""""","""79mg""","""0.6g""","""58μg""","""0.01mg""","""36.8%"""
"""45.6%""","""11.6%""","""59.0g""","""10.0μg""","""2mg""","""783""","""96%""","""1μg""","""0mg""","""17mg""","""4μg""","""""","""0.09mg""","""97.0%""","""214mg""","""0g""","""""","""2377kJ""","""2.40mg""","""6mg""","""63""","""9.3g""","""0.04mg""","""80.0mg""","""0.05mg""","""31.1g""","""0.0g""","""0mg""","""96mg""","""1.0mg""","""猪肉(肋条肉)""","""""","""109mg""","""0.6g""","""31μg""","""0.02mg""","""36.8%"""
"""45.6%""","""11.6%""","""8g""","""5.0μg""","""2.30mg""","""784""","""100%""","""1μg""","""0mg""","""28mg""","""5.20μg""","""""","""0.47mg""","""94.4%""","""317mg""","""0g""","""""","""649kJ""","""5.20mg""","""6mg""","""63""","""20.2g""","""0.12mg""","""43.2mg""","""0.16mg""","""70.3g""","""1g""","""1mg""","""184mg""","""2mg""","""猪肉(里脊)""","""""","""55mg""","""0.9g""","""70μg""","""0.03mg""","""36.8%"""
"""58.1%""","""6.1%""","""35.3g""","""39.0μg""","""1mg""","""785""","""85%""","""0μg""","""0mg""","""5mg""","""2.20μg""","""""","""0.14mg""","""100.0%""","""53mg""","""0g""","""""","""1460kJ""","""2.00mg""","""5mg""","""63""","""8g""","""0.06mg""","""37mg""","""0.13mg""","""56.8g""","""0.0g""","""0mg""","""67mg""","""1mg""","""猪肉(奶脯)[软五花，猪夹心]""","""""","""98mg""","""0.2g""","""57μg""","""0mg""","""35.8%"""
"""45.6%""","""11.6%""","""31g""","""10.0μg""","""2.20mg""","""786""","""79%""","""1μg""","""0mg""","""15mg""","""6.00μg""","""""","""0.36mg""","""95.6%""","""168mg""","""0g""","""""","""1418kJ""","""3.10mg""","""6mg""","""63""","""14g""","""0.15mg""","""52.0mg""","""0.12mg""","""53.0g""","""2.2g""","""0mg""","""120mg""","""1.3mg""","""猪肉(奶面)[硬五花]""","""""","""77mg""","""0.6g""","""53μg""","""0.01mg""","""36.8%"""
"""70.2%""","""14.8%""","""23g""","""16.0μg""","""2.07mg""","""787""","""77%""","""1μg""","""0mg""","""16mg""","""32.50μg""","""""","""0.28mg""","""99.9%""","""137mg""","""0g""","""""","""1201kJ""","""3.40mg""","""5mg""","""63""","""17.3g""","""0.13mg""","""122.3mg""","""0.22mg""","""56.2g""","""3g""","""1mg""","""181mg""","""4mg""","""猪肉(前肘)""","""""","""79mg""","""0.7g""","""56μg""","""0mg""","""14.9%"""
"""—""","""—""","""6.2g""","""44.0μg""","""3mg""","""788""","""100%""","""1μg""","""0mg""","""25mg""","""10μg""","""""","""1mg""","""—""","""305mg""","""0g""","""""","""600kJ""","""5.30mg""","""6mg""","""63""","""20.3g""","""0.10mg""","""58mg""","""0.11mg""","""71.0g""","""2g""","""0mg""","""189mg""","""3.0mg""","""猪肉(瘦)""","""""","""81mg""","""1.0g""","""71μg""","""0.03mg""","""—"""
"""45.6%""","""11.6%""","""13g""","""3.0μg""","""2.18mg""","""789""","""100%""","""1μg""","""0mg""","""25mg""","""13.40μg""","""""","""1mg""","""94.6%""","""295mg""","""0g""","""""","""795kJ""","""5mg""","""6mg""","""63""","""18g""","""0.24mg""","""63.0mg""","""0.14mg""","""67.6g""","""1g""","""0mg""","""185mg""","""1mg""","""猪肉(腿)""","""""","""79mg""","""0.9g""","""68μg""","""0.04mg""","""36.8%"""
"""42.2%""","""11.8%""","""19g""","""7.0μg""","""1mg""","""790""","""100%""","""1μg""","""0mg""","""8mg""","""17.00μg""","""""","""0.06mg""","""99.5%""","""44mg""","""0g""","""""","""820kJ""","""2mg""","""10mg""","""63""","""7g""","""0.11mg""","""116.3mg""","""0.06mg""","""73.6g""","""0.0g""","""0mg""","""56mg""","""1.0mg""","""猪大肠""","""""","""137mg""","""0.8g""","""74μg""","""0.07mg""","""45.4%"""
"""—""","""—""","""20.4g""","""12.0μg""","""2mg""","""791""","""68%""","""1μg""","""0mg""","""17mg""","""10.30μg""","""""","""1mg""","""—""","""274mg""","""0g""","""""","""1105kJ""","""5.30mg""","""8mg""","""63""","""18.3g""","""0.15mg""","""44.5mg""","""0.12mg""","""58.8g""","""2g""","""0mg""","""125mg""","""1mg""","""猪大排""","""""","""165mg""","""0.8g""","""59μg""","""0.05mg""","""—"""
"""—""","""—""","""11.1g""","""0μg""","""0.35mg""","""792""","""100%""","""0μg""","""0mg""","""3mg""","""4.00μg""","""""","""0.05mg""","""—""","""58mg""","""0g""","""""","""736kJ""","""4mg""","""6mg""","""63""","""19.1g""","""0.12mg""","""68.2mg""","""0mg""","""69.4g""","""Tr""","""1mg""","""28mg""","""1.3mg""","""猪耳""","""""","""92mg""","""0.4g""","""69μg""","""0.01mg""","""—"""
"""45.6%""","""11.6%""","""19g""","""3.0μg""","""1.14mg""","""793""","""60%""","""0μg""","""0mg""","""5mg""","""6μg""","""""","""0.05mg""","""94.9%""","""54mg""","""0g""","""""","""1088kJ""","""2mg""","""33mg""","""63""","""23g""","""0.10mg""","""101.0mg""","""0.09mg""","""58.2g""","""Tr""","""0mg""","""33mg""","""1.1mg""","""猪蹄""","""""","""192mg""","""0.4g""","""58μg""","""0.01mg""","""36.8%"""
"""—""","""—""","""23.1g""","""5.0μg""","""3.36mg""","""794""","""72%""","""1μg""","""0mg""","""14mg""","""11.00μg""","""""","""0.30mg""","""—""","""230mg""","""0g""","""""","""1163kJ""","""4.50mg""","""14mg""","""63""","""17g""","""0.16mg""","""63mg""","""0.17mg""","""58.1g""","""1g""","""0mg""","""135mg""","""1.4mg""","""猪小排""","""""","""146mg""","""1.4g""","""58μg""","""0.02mg""","""—"""
"""39.4%""","""8.6%""","""5.1g""","""3.0μg""","""2mg""","""795""","""96%""","""1μg""","""0mg""","""12mg""","""13μg""","""""","""0.07mg""","""99.0%""","""171mg""","""0g""","""""","""460kJ""","""4mg""","""11mg""","""63""","""15.2g""","""0.16mg""","""75.1mg""","""0.10mg""","""78.2g""","""1g""","""0mg""","""124mg""","""2.4mg""","""猪肚""","""""","""165mg""","""0.8g""","""78μg""","""0.12mg""","""51.0%"""
"""42.5%""","""11.9%""","""4g""","""10.0μg""","""1.21mg""","""796""","""97%""","""1μg""","""0mg""","""10mg""","""11μg""","""""","""0.04mg""","""96.8%""","""210mg""","""0g""","""""","""353kJ""","""2mg""","""6mg""","""63""","""12.2g""","""0.18mg""","""81.4mg""","""0.08mg""","""83.1g""","""0.1g""","""0mg""","""165mg""","""5.3mg""","""猪肺""","""""","""290mg""","""0.7g""","""83μg""","""0.04mg""","""42.3%"""
"""27.3%""","""26.0%""","""4g""","""4972.0μg""","""6mg""","""797""","""99%""","""2μg""","""20.0mg""","""24mg""","""19.20μg""","""""","""0.21mg""","""96.6%""","""235mg""","""0g""","""""","""543kJ""","""15.00mg""","""6mg""","""63""","""19.3g""","""2.08mg""","""69mg""","""1mg""","""70.7g""","""5.0g""","""1mg""","""310mg""","""23mg""","""猪肝""","""""","""288mg""","""1.5g""","""71μg""","""0.26mg""","""43.2%"""
"""49.6%""","""6.6%""","""10g""","""0μg""","""1mg""","""798""","""100%""","""2μg""","""0mg""","""10mg""","""13μg""","""""","""0.11mg""","""99.9%""","""259mg""","""0g""","""""","""548kJ""","""3mg""","""30mg""","""63""","""11g""","""0.19mg""","""131mg""","""0.32mg""","""78.0g""","""Tr""","""1mg""","""294mg""","""2mg""","""猪脑""","""""","""2571mg""","""1.6g""","""78μg""","""0.03mg""","""43.7%"""
"""49.3%""","""12.4%""","""18.1g""","""15.0μg""","""2.12mg""","""799""","""94%""","""1μg""","""0mg""","""14mg""","""12μg""","""""","""0.13mg""","""99.4%""","""216mg""","""0g""","""""","""975kJ""","""5mg""","""13mg""","""63""","""16g""","""0.30mg""","""79.4mg""","""0.18mg""","""63.7g""","""2g""","""1mg""","""163mg""","""3mg""","""猪舌[口条]""","""""","""158mg""","""0.8g""","""64μg""","""0.04mg""","""37.6%"""
"""33.1%""","""21.6%""","""3.2g""","""41.0μg""","""3mg""","""800""","""93%""","""1μg""","""13.0mg""","""22mg""","""112μg""","""""","""0.31mg""","""96.8%""","""217mg""","""0g""","""""","""404kJ""","""8.00mg""","""12mg""","""63""","""15.4g""","""1.14mg""","""134.2mg""","""1mg""","""78.8g""","""1.4g""","""0mg""","""215mg""","""6.1mg""","""猪肾[猪腰子]""","""""","""354mg""","""1.2g""","""79μg""","""0.16mg""","""42.0%"""
"""29.9%""","""22.9%""","""2.0g""","""6.0μg""","""3mg""","""801""","""100%""","""1μg""","""0mg""","""16mg""","""7.20μg""","""""","""0.12mg""","""96.7%""","""142mg""","""0g""","""""","""273kJ""","""3.10mg""","""7mg""","""63""","""10.0g""","""0.11mg""","""205mg""","""0.12mg""","""85.4g""","""2g""","""0mg""","""95mg""","""2.0mg""","""猪小肠""","""""","""183mg""","""0.9g""","""85μg""","""0.13mg""","""43.8%"""
"""38.4%""","""20.8%""","""5.3g""","""13.0μg""","""2mg""","""802""","""97%""","""1μg""","""4.0mg""","""17mg""","""15μg""","""""","""0.19mg""","""99.3%""","""260mg""","""0g""","""""","""498kJ""","""7mg""","""12mg""","""63""","""17g""","""0.48mg""","""71.2mg""","""0.37mg""","""76.0g""","""1.1g""","""1mg""","""189mg""","""4.3mg""","""猪心""","""""","""151mg""","""1.0g""","""76μg""","""0.05mg""","""40.1%"""
"""29.2%""","""17.7%""","""0.3g""","""0μg""","""0.28mg""","""803""","""100%""","""1μg""","""0mg""","""5mg""","""8μg""","""""","""0.03mg""","""96.3%""","""56mg""","""0g""","""""","""234kJ""","""0.30mg""","""4mg""","""63""","""12.2g""","""0.04mg""","""56.0mg""","""0.10mg""","""85.8g""","""1g""","""0mg""","""16mg""","""9mg""","""猪血""","""""","""51mg""","""0.8g""","""86μg""","""0.03mg""","""49.4%"""
"""57.5%""","""10.8%""","""17g""","""16.0μg""","""2.42mg""","""804""","""100%""","""2μg""","""0mg""","""28mg""","""8.40μg""","""""","""1mg""","""101.2%""","""430mg""","""0g""","""""","""1167kJ""","""7.00mg""","""8mg""","""63""","""24g""","""0.23mg""","""819mg""","""0.10mg""","""49.2g""","""8g""","""1mg""","""218mg""","""3mg""","""叉烧肉""","""""","""68mg""","""2.2g""","""49μg""","""0.20mg""","""32.9%"""
"""54.9%""","""8.0%""","""9.0g""","""0μg""","""2.26mg""","""805""","""100%""","""3μg""","""0mg""","""3mg""","""6μg""","""""","""1mg""","""99.9%""","""294mg""","""0g""","""""","""757kJ""","""4.50mg""","""2mg""","""63""","""22.3g""","""0.11mg""","""51.2mg""","""0.03mg""","""63.1g""","""3g""","""0mg""","""228mg""","""2.4mg""","""腊肉(培根)""","""""","""46mg""","""3.0g""","""63μg""","""0.05mg""","""37.0%"""
"""—""","""—""","""49g""","""96.0μg""","""3.49mg""","""806""","""100%""","""5μg""","""0mg""","""35mg""","""24μg""","""""","""0mg""","""—""","""416mg""","""0g""","""""","""2084kJ""","""0mg""","""22mg""","""63""","""12g""","""0mg""","""764mg""","""0.08mg""","""31.1g""","""3g""","""6mg""","""249mg""","""8mg""","""腊肉(生)""","""""","""123mg""","""5.4g""","""31μg""","""0.05mg""","""—"""
"""56.4%""","""9.8%""","""16g""","""0μg""","""1.39mg""","""807""","""100%""","""3μg""","""0mg""","""18mg""","""4.30μg""","""""","""0.24mg""","""101.1%""","""146mg""","""0g""","""""","""958kJ""","""11.10mg""","""57mg""","""63""","""9.4g""","""0.05mg""","""982mg""","""0.08mg""","""59.9g""","""12.0g""","""0mg""","""81mg""","""1mg""","""午餐肉""","""""","""56mg""","""2.8g""","""60μg""","""0.06mg""","""34.9%"""
"""45.6%""","""11.6%""","""36.0g""","""20.0μg""","""2.04mg""","""808""","""100%""","""8μg""","""0mg""","""30mg""","""13.00μg""","""""","""1mg""","""95.8%""","""387mg""","""0g""","""""","""1632kJ""","""4mg""","""10mg""","""63""","""16.5g""","""0.21mg""","""196mg""","""0.11mg""","""40.4g""","""Tr""","""0mg""","""112mg""","""3mg""","""咸肉""","""""","""72mg""","""8.4g""","""40μg""","""0.08mg""","""36.8%"""
"""40.7%""","""11.1%""","""8.3g""","""4200.0μg""","""0.35mg""","""809""","""100%""","""3μg""","""0mg""","""12mg""","""29μg""","""""","""0.36mg""","""100.0%""","""188mg""","""0g""","""""","""851kJ""","""0mg""","""68mg""","""63""","""26.4g""","""0.42mg""","""675mg""","""0.39mg""","""56.4g""","""6g""","""0mg""","""153mg""","""2.0mg""","""猪肝(卤煮)""","""""","""469mg""","""3.3g""","""56μg""","""0.27mg""","""48.2%"""
"""62.5%""","""8.9%""","""17.0g""","""0μg""","""1mg""","""810""","""43%""","""0μg""","""0mg""","""3mg""","""4.20μg""","""""","""0.13mg""","""100.0%""","""18mg""","""0g""","""""","""1088kJ""","""3mg""","""32mg""","""63""","""24g""","""0.04mg""","""363.2mg""","""0.08mg""","""55.8g""","""3.2g""","""0mg""","""52mg""","""2.4mg""","""猪蹄(熟)""","""""","""86mg""","""0.4g""","""56μg""","""0mg""","""28.6%"""
"""46.5%""","""23.4%""","""12g""","""44.0μg""","""4.28mg""","""811""","""100%""","""6μg""","""0mg""","""55mg""","""9μg""","""""","""0.04mg""","""97.0%""","""313mg""","""0g""","""""","""1668kJ""","""3.30mg""","""41mg""","""63""","""23.4g""","""0.13mg""","""469.0mg""","""0.13mg""","""9.4g""","""50g""","""10mg""","""162mg""","""6.4mg""","""猪肉松(均值)""","""""","""111mg""","""6.0g""","""9μg""","""1mg""","""26.9%"""
"""50.7%""","""8.8%""","""23g""","""20.0μg""","""1.27mg""","""812""","""100%""","""4μg""","""0mg""","""7mg""","""6μg""","""""","""1mg""","""99.9%""","""161mg""","""0g""","""""","""1163kJ""","""11mg""","""26mg""","""63""","""12.5g""","""0.06mg""","""1143.2mg""","""0.11mg""","""55.1g""","""6g""","""0mg""","""85mg""","""2.2mg""","""蛋清肠""","""""","""122mg""","""3.8g""","""55μg""","""0.02mg""","""40.4%"""
"""49.0%""","""10.4%""","""23.3g""","""0μg""","""1.40mg""","""813""","""100%""","""3μg""","""0mg""","""7mg""","""4μg""","""""","""0.12mg""","""99.4%""","""163mg""","""0g""","""""","""1184kJ""","""13mg""","""18mg""","""63""","""12.4g""","""0.09mg""","""618.0mg""","""0.11mg""","""55.8g""","""6g""","""0mg""","""121mg""","""4mg""","""风干肠""","""""","""47mg""","""2.6g""","""56μg""","""0.03mg""","""39.9%"""
"""49.0%""","""10.4%""","""37.3g""","""0μg""","""3mg""","""814""","""100%""","""5μg""","""0mg""","""24mg""","""7.00μg""","""""","""0.42mg""","""99.5%""","""356mg""","""0g""","""""","""1812kJ""","""6mg""","""5mg""","""63""","""18.0g""","""0.07mg""","""1478mg""","""0.07mg""","""33.5g""","""6.4g""","""0mg""","""173mg""","""3mg""","""广东香肠""","""""","""94mg""","""4.8g""","""34μg""","""0.04mg""","""39.9%"""
"""49.0%""","""10.4%""","""10.4g""","""5.0μg""","""3.22mg""","""815""","""100%""","""3μg""","""0mg""","""22mg""","""9.20μg""","""""","""0.26mg""","""99.4%""","""217mg""","""0g""","""""","""888kJ""","""2.30mg""","""9mg""","""63""","""14.0g""","""0.43mg""","""771.2mg""","""0.36mg""","""57.4g""","""16g""","""1mg""","""187mg""","""4.5mg""","""火腿肠""","""""","""57mg""","""2.6g""","""57μg""","""0.14mg""","""39.9%"""
"""49.0%""","""10.4%""","""48.3g""","""0μg""","""2.48mg""","""816""","""100%""","""6μg""","""0mg""","""13mg""","""9μg""","""""","""0.04mg""","""99.6%""","""100mg""","""0g""","""""","""2443kJ""","""4mg""","""24mg""","""63""","""22.0g""","""0.12mg""","""1420.0mg""","""0.07mg""","""8.4g""","""15.3g""","""0mg""","""69mg""","""3.2mg""","""腊肠""","""""","""88mg""","""6.0g""","""8μg""","""0.16mg""","""39.9%"""
"""49.0%""","""10.4%""","""25.4g""","""5.0μg""","""2mg""","""817""","""100%""","""2μg""","""0mg""","""9mg""","""4μg""","""""","""0.06mg""","""99.5%""","""92mg""","""0g""","""""","""1293kJ""","""1.00mg""","""13mg""","""63""","""8g""","""0.15mg""","""562mg""","""0.04mg""","""52.5g""","""13g""","""0mg""","""74mg""","""2mg""","""蒜肠""","""""","""51mg""","""1.9g""","""52μg""","""0.18mg""","""39.9%"""
"""49.0%""","""10.4%""","""41g""","""0μg""","""8mg""","""818""","""100%""","""5μg""","""0mg""","""52mg""","""9μg""","""""","""0.48mg""","""99.6%""","""453mg""","""0g""","""""","""2125kJ""","""4.40mg""","""14mg""","""63""","""24.1g""","""0.11mg""","""2309.2mg""","""0.31mg""","""19.2g""","""11.2g""","""1mg""","""198mg""","""6mg""","""香肠""","""""","""82mg""","""4.8g""","""19μg""","""0.36mg""","""39.9%"""
"""49.0%""","""10.4%""","""26.3g""","""0μg""","""1.24mg""","""819""","""100%""","""3μg""","""0mg""","""5mg""","""7.10μg""","""""","""0.16mg""","""99.5%""","""132mg""","""0g""","""""","""1234kJ""","""13.40mg""","""20mg""","""63""","""11.3g""","""0.07mg""","""648.2mg""","""0.09mg""","""56.4g""","""3.2g""","""0mg""","""170mg""","""1.1mg""","""小泥肠""","""""","""59mg""","""2.8g""","""56μg""","""0.07mg""","""39.9%"""
"""40.4%""","""41.7%""","""0.5g""","""4.0μg""","""2.36mg""","""820""","""100%""","""5μg""","""0mg""","""23mg""","""3.00μg""","""""","""0.01mg""","""100.2%""","""57mg""","""0g""","""""","""767kJ""","""0.10mg""","""36mg""","""63""","""9.3g""","""0.31mg""","""294.4mg""","""0.50mg""","""50.5g""","""35g""","""0mg""","""19mg""","""5mg""","""午餐肚""","""""","""0mg""","""5.0g""","""50μg""","""0.15mg""","""18.1%"""
"""52.6%""","""10.1%""","""27.4g""","""46.0μg""","""2.16mg""","""821""","""100%""","""4μg""","""0mg""","""20mg""","""3.00μg""","""""","""0.28mg""","""99.5%""","""220mg""","""0g""","""""","""1381kJ""","""9mg""","""3mg""","""63""","""16.0g""","""0.09mg""","""1087mg""","""0.08mg""","""47.9g""","""5g""","""1mg""","""90mg""","""2.2mg""","""火腿""","""""","""120mg""","""3.8g""","""48μg""","""0.04mg""","""36.7%"""
"""55.0%""","""10.3%""","""28.0g""","""20.0μg""","""2.26mg""","""822""","""100%""","""7μg""","""0mg""","""23mg""","""13.00μg""","""""","""1mg""","""97.6%""","""389mg""","""0g""","""""","""1331kJ""","""5mg""","""9mg""","""63""","""16.4g""","""0.18mg""","""233.4mg""","""0.10mg""","""48.7g""","""0.1g""","""0mg""","""125mg""","""2.1mg""","""金华火腿""","""""","""98mg""","""6.8g""","""49μg""","""0.05mg""","""31.6%"""
"""43.1%""","""4.6%""","""4.2g""","""7.0μg""","""5mg""","""823""","""99%""","""1μg""","""0mg""","""20mg""","""6.40μg""","""""","""0.04mg""","""99.5%""","""216mg""","""0g""","""""","""528kJ""","""6mg""","""23mg""","""64""","""20g""","""0.14mg""","""84.2mg""","""0.18mg""","""72.8g""","""2.0g""","""1mg""","""168mg""","""3.3mg""","""牛肉(肥瘦)(均值)""","""""","""84mg""","""1.1g""","""73μg""","""0.04mg""","""51.8%"""
"""43.1%""","""4.6%""","""5.4g""","""7.0μg""","""4.05mg""","""824""","""100%""","""1μg""","""0mg""","""14mg""","""2.40μg""","""""","""0.06mg""","""99.5%""","""217mg""","""0g""","""""","""516kJ""","""3.10mg""","""19mg""","""64""","""19g""","""0.13mg""","""67mg""","""0.07mg""","""75.1g""","""Tr""","""0mg""","""120mg""","""3mg""","""牛肉(腑肋)""","""""","""71mg""","""1.0g""","""75μg""","""0.06mg""","""51.8%"""
"""43.1%""","""4.6%""","""2.0g""","""3.0μg""","""4.07mg""","""825""","""100%""","""1μg""","""0mg""","""21mg""","""5.00μg""","""""","""0.04mg""","""99.5%""","""197mg""","""0g""","""""","""448kJ""","""6.10mg""","""5mg""","""64""","""21g""","""0.14mg""","""45.4mg""","""0.11mg""","""74.9g""","""1.1g""","""1mg""","""210mg""","""3.3mg""","""牛肉(后腿)""","""""","""74mg""","""1.1g""","""75μg""","""0.02mg""","""51.8%"""
"""43.1%""","""4.6%""","""1.0g""","""3.0μg""","""4mg""","""826""","""94%""","""1μg""","""0mg""","""20mg""","""4μg""","""""","""0.03mg""","""99.5%""","""182mg""","""0g""","""""","""416kJ""","""5mg""","""5mg""","""64""","""20.1g""","""0.15mg""","""85.3mg""","""0.10mg""","""75.6g""","""2.2g""","""1mg""","""195mg""","""4.2mg""","""牛肉(后腱)""","""""","""54mg""","""1.1g""","""76μg""","""0.04mg""","""51.8%"""
"""43.1%""","""4.6%""","""1g""","""4.0μg""","""7mg""","""827""","""100%""","""1μg""","""0mg""","""29mg""","""3μg""","""""","""0.05mg""","""99.5%""","""140mg""","""0g""","""""","""451kJ""","""7.20mg""","""3mg""","""64""","""22.2g""","""0.15mg""","""75.1mg""","""0.11mg""","""73.2g""","""2.4g""","""1mg""","""241mg""","""4.4mg""","""牛肉(里脊)""","""""","""63mg""","""1.3g""","""73μg""","""0mg""","""51.8%"""
"""43.1%""","""4.6%""","""2g""","""3.0μg""","""4.50mg""","""828""","""100%""","""1μg""","""0mg""","""20mg""","""4μg""","""""","""0.04mg""","""99.5%""","""176mg""","""0g""","""""","""442kJ""","""5mg""","""5mg""","""64""","""19.2g""","""0.16mg""","""70mg""","""0.11mg""","""74.9g""","""3g""","""1mg""","""181mg""","""3mg""","""牛肉(前腿)""","""""","""71mg""","""1.2g""","""75μg""","""0.05mg""","""51.8%"""
"""43.1%""","""4.6%""","""1.3g""","""2.0μg""","""8mg""","""829""","""95%""","""1μg""","""0mg""","""22mg""","""5.00μg""","""""","""0.04mg""","""99.5%""","""182mg""","""0g""","""""","""480kJ""","""5.00mg""","""5mg""","""64""","""20.3g""","""0.18mg""","""83.1mg""","""0.11mg""","""72.2g""","""5.1g""","""0mg""","""181mg""","""3.2mg""","""牛肉(前腱)""","""""","""80mg""","""1.1g""","""72μg""","""0mg""","""51.8%"""
"""43.1%""","""4.6%""","""2.3g""","""6.0μg""","""4mg""","""830""","""100%""","""1μg""","""0mg""","""21mg""","""11μg""","""""","""0.07mg""","""99.5%""","""284mg""","""0g""","""""","""449kJ""","""6.30mg""","""9mg""","""64""","""20.2g""","""0.13mg""","""54mg""","""0.16mg""","""75.2g""","""1.2g""","""0mg""","""172mg""","""3mg""","""牛肉(瘦)""","""""","""58mg""","""1.1g""","""75μg""","""0.04mg""","""51.8%"""
"""69.5%""","""Tr""","""0.5g""","""0μg""","""1mg""","""831""","""100%""","""1μg""","""0mg""","""10mg""","""2μg""","""""","""0.07mg""","""99.7%""","""23mg""","""0g""","""""","""642kJ""","""1mg""","""5mg""","""64""","""34.1g""","""0.13mg""","""154mg""","""0mg""","""62.0g""","""3g""","""0mg""","""150mg""","""3.2mg""","""牛蹄筋""","""""","""0mg""","""0.8g""","""62μg""","""0mg""","""30.2%"""
"""—""","""—""","""1g""","""0μg""","""1.05mg""","""832""","""100%""","""0μg""","""0mg""","""9mg""","""2.00μg""","""""","""0mg""","""—""","""4mg""","""0g""","""""","""496kJ""","""0mg""","""10mg""","""64""","""27.2g""","""0mg""","""32.0mg""","""0.01mg""","""71.8g""","""0.0g""","""0mg""","""18mg""","""3.0mg""","""牛鞭(泡发)""","""""","""0mg""","""0.1g""","""72μg""","""0.02mg""","""—"""
"""26.6%""","""2.4%""","""2.3g""","""0μg""","""1.05mg""","""833""","""100%""","""0μg""","""0mg""","""0mg""","""11μg""","""""","""0.03mg""","""92.4%""","""55mg""","""0g""","""""","""279kJ""","""1.20mg""","""12mg""","""64""","""11.0g""","""0.08mg""","""28.0mg""","""0.03mg""","""85.9g""","""0.4g""","""0mg""","""102mg""","""2.0mg""","""牛大肠""","""""","""124mg""","""0.4g""","""86μg""","""0mg""","""63.2%"""
"""43.3%""","""9.8%""","""2g""","""2.0μg""","""2.31mg""","""834""","""100%""","""1μg""","""0mg""","""17mg""","""9.10μg""","""""","""0.03mg""","""96.5%""","""162mg""","""0g""","""""","""306kJ""","""2.50mg""","""40mg""","""64""","""14.5g""","""0.13mg""","""61mg""","""0.07mg""","""83.4g""","""Tr""","""1mg""","""104mg""","""2mg""","""牛肚""","""""","""104mg""","""0.6g""","""83μg""","""0.21mg""","""43.4%"""
"""37.7%""","""8.3%""","""2.5g""","""12.0μg""","""3mg""","""835""","""100%""","""1μg""","""13.0mg""","""14mg""","""14μg""","""""","""0.04mg""","""96.4%""","""197mg""","""0g""","""""","""399kJ""","""3.40mg""","""8mg""","""64""","""16.5g""","""0.21mg""","""155mg""","""0.22mg""","""78.6g""","""2g""","""0mg""","""269mg""","""12mg""","""牛肺""","""""","""306mg""","""0.9g""","""79μg""","""0.16mg""","""50.3%"""
"""26.7%""","""17.5%""","""4g""","""20220.0μg""","""5.01mg""","""836""","""100%""","""1μg""","""9.0mg""","""22mg""","""12.00μg""","""""","""0.16mg""","""98.8%""","""185mg""","""0g""","""""","""586kJ""","""12mg""","""4mg""","""64""","""20g""","""1.30mg""","""45.0mg""","""1.34mg""","""68.7g""","""6.2g""","""0mg""","""252mg""","""7mg""","""牛肝""","""""","""297mg""","""1.4g""","""69μg""","""0.37mg""","""54.6%"""
"""45.3%""","""2.2%""","""11.0g""","""0μg""","""5mg""","""837""","""100%""","""1μg""","""0mg""","""20mg""","""20.30μg""","""""","""0.15mg""","""96.2%""","""300mg""","""0g""","""""","""623kJ""","""4.00mg""","""6mg""","""64""","""12.5g""","""0.25mg""","""186mg""","""0.28mg""","""75.1g""","""0.1g""","""0mg""","""435mg""","""5mg""","""牛脑""","""""","""2447mg""","""1.3g""","""75μg""","""0.08mg""","""48.5%"""
"""46.3%""","""4.0%""","""13.3g""","""8.0μg""","""3.39mg""","""838""","""100%""","""1μg""","""0mg""","""18mg""","""14μg""","""""","""0.10mg""","""97.4%""","""236mg""","""0g""","""""","""820kJ""","""4mg""","""6mg""","""64""","""17.0g""","""0.16mg""","""58.4mg""","""0.09mg""","""66.7g""","""2.0g""","""1mg""","""151mg""","""3.1mg""","""牛舌""","""""","""92mg""","""1.0g""","""67μg""","""0.03mg""","""46.7%"""
"""28.2%""","""14.5%""","""2.4g""","""88.0μg""","""2.17mg""","""839""","""89%""","""1μg""","""0mg""","""13mg""","""70.20μg""","""""","""0.24mg""","""99.0%""","""190mg""","""0g""","""""","""398kJ""","""8mg""","""8mg""","""64""","""16g""","""1mg""","""181mg""","""0.16mg""","""78.3g""","""3g""","""0mg""","""214mg""","""9.4mg""","""牛肾""","""""","""295mg""","""1.1g""","""78μg""","""0.06mg""","""56.3%"""
"""35.6%""","""14.0%""","""4g""","""17.0μg""","""2.41mg""","""840""","""100%""","""1μg""","""5.0mg""","""25mg""","""15μg""","""""","""0.26mg""","""100.8%""","""282mg""","""0g""","""""","""444kJ""","""7mg""","""4mg""","""64""","""15.4g""","""0.39mg""","""48mg""","""0.37mg""","""77.2g""","""3.1g""","""0mg""","""178mg""","""6mg""","""牛心""","""""","""115mg""","""0.8g""","""77μg""","""0.06mg""","""51.2%"""
"""42.3%""","""6.8%""","""12g""","""11.0μg""","""7.12mg""","""841""","""100%""","""3μg""","""0mg""","""27mg""","""4.40μg""","""""","""0.05mg""","""99.4%""","""148mg""","""0g""","""""","""1029kJ""","""4.40mg""","""20mg""","""64""","""31.4g""","""0.22mg""","""869.2mg""","""0.14mg""","""50.7g""","""3.2g""","""1mg""","""178mg""","""4.0mg""","""酱牛肉""","""""","""76mg""","""2.8g""","""51μg""","""0.25mg""","""50.3%"""
"""Tr""","""Tr""","""40.0g""","""0μg""","""7.26mg""","""842""","""100%""","""3μg""","""0mg""","""107mg""","""10μg""","""""","""0.06mg""","""100.0%""","""510mg""","""0g""","""""","""2301kJ""","""15.20mg""","""43mg""","""64""","""46g""","""0.26mg""","""412.4mg""","""0.29mg""","""9.3g""","""2g""","""0mg""","""464mg""","""16mg""","""牛肉干""","""""","""120mg""","""3.2g""","""9μg""","""0.19mg""","""100.0%"""
"""25.2%""","""57.3%""","""16g""","""90.0μg""","""1mg""","""843""","""100%""","""6μg""","""0mg""","""52mg""","""3μg""","""""","""0.04mg""","""100.0%""","""128mg""","""0g""","""""","""1871kJ""","""1mg""","""76mg""","""64""","""8.2g""","""0.11mg""","""1946mg""","""0.05mg""","""2.7g""","""68g""","""18mg""","""74mg""","""5mg""","""牛肉松""","""""","""169mg""","""5.7g""","""3μg""","""1mg""","""17.5%"""
"""38.3%""","""12.3%""","""14.1g""","""22.0μg""","""3.22mg""","""844""","""90%""","""1μg""","""0mg""","""20mg""","""32.20μg""","""""","""0.05mg""","""98.8%""","""232mg""","""0g""","""""","""849kJ""","""4.50mg""","""6mg""","""65""","""19.0g""","""0.14mg""","""81mg""","""1mg""","""65.7g""","""Tr""","""0mg""","""146mg""","""2.3mg""","""羊肉(肥瘦)(均值)""","""""","""92mg""","""1.2g""","""66μg""","""0.02mg""","""48.2%"""
"""38.3%""","""12.3%""","""3.4g""","""8.0μg""","""2.18mg""","""845""","""77%""","""1μg""","""0mg""","""20mg""","""4.50μg""","""""","""0.05mg""","""98.8%""","""143mg""","""0g""","""""","""462kJ""","""6.00mg""","""6mg""","""65""","""20g""","""0.19mg""","""60.0mg""","""0.16mg""","""75.8g""","""0.3g""","""0mg""","""182mg""","""3mg""","""羊肉(后腿)""","""""","""83mg""","""1.0g""","""76μg""","""0.08mg""","""48.2%"""
"""40.3%""","""7.4%""","""5g""","""6.0μg""","""3mg""","""846""","""74%""","""1μg""","""0mg""","""18mg""","""5μg""","""""","""0.06mg""","""99.1%""","""208mg""","""0g""","""""","""570kJ""","""4.00mg""","""8mg""","""65""","""21.3g""","""0.21mg""","""75.2mg""","""0.16mg""","""71.0g""","""2.2g""","""0mg""","""157mg""","""3mg""","""羊肉(颈)""","""""","""85mg""","""0.9g""","""71μg""","""0.10mg""","""51.4%"""
"""39.9%""","""11.1%""","""2g""","""5.0μg""","""2mg""","""847""","""100%""","""1μg""","""0mg""","""22mg""","""6μg""","""""","""0.06mg""","""99.0%""","""161mg""","""0g""","""""","""435kJ""","""6mg""","""8mg""","""65""","""20.5g""","""0.20mg""","""74.4mg""","""0.15mg""","""75.4g""","""2g""","""1mg""","""184mg""","""3mg""","""羊肉(里脊)""","""""","""107mg""","""0.9g""","""75μg""","""0.05mg""","""48.0%"""
"""38.3%""","""12.3%""","""3.2g""","""10.0μg""","""2.21mg""","""848""","""71%""","""1μg""","""0mg""","""18mg""","""5.40μg""","""""","""0.07mg""","""98.8%""","""108mg""","""0g""","""""","""462kJ""","""5.00mg""","""7mg""","""65""","""19g""","""0.21mg""","""74.4mg""","""0.15mg""","""75.7g""","""2g""","""0mg""","""181mg""","""2.4mg""","""羊肉(前腿)""","""""","""86mg""","""0.9g""","""76μg""","""0.06mg""","""48.2%"""
"""—""","""—""","""1.1g""","""0μg""","""1mg""","""849""","""100%""","""1μg""","""0mg""","""9mg""","""4μg""","""""","""0.08mg""","""—""","""151mg""","""0g""","""""","""420kJ""","""6mg""","""9mg""","""65""","""21.3g""","""0.14mg""","""42mg""","""0.16mg""","""75.3g""","""1.0g""","""0mg""","""101mg""","""4.5mg""","""羊肉(青羊)""","""""","""53mg""","""1.3g""","""75μg""","""0.05mg""","""—"""
"""—""","""—""","""4g""","""11.0μg""","""6.06mg""","""850""","""90%""","""1μg""","""0mg""","""22mg""","""7.20μg""","""""","""0.15mg""","""—""","""403mg""","""0g""","""""","""496kJ""","""5.20mg""","""9mg""","""65""","""20.5g""","""0.16mg""","""69.4mg""","""0.12mg""","""74.2g""","""0.2g""","""0mg""","""196mg""","""4mg""","""羊肉(瘦)""","""""","""60mg""","""1.2g""","""74μg""","""0.03mg""","""—"""
"""42.6%""","""6.0%""","""6.2g""","""11.0μg""","""2.20mg""","""851""","""81%""","""1μg""","""0mg""","""17mg""","""7μg""","""""","""0.04mg""","""98.8%""","""170mg""","""0g""","""""","""559kJ""","""4.40mg""","""7mg""","""65""","""19.4g""","""0.18mg""","""87mg""","""0.14mg""","""73.6g""","""Tr""","""0mg""","""150mg""","""3.0mg""","""羊肉(胸脯)""","""""","""89mg""","""0.9g""","""74μg""","""0.09mg""","""50.2%"""
"""7.6%""","""4.8%""","""24.5g""","""8.0μg""","""10.42mg""","""852""","""100%""","""1μg""","""0mg""","""50mg""","""8.20μg""","""""","""0.06mg""","""100.0%""","""744mg""","""0g""","""""","""1226kJ""","""5mg""","""135mg""","""65""","""9g""","""0.12mg""","""161mg""","""0.21mg""","""56.4g""","""9.4g""","""0mg""","""151mg""","""14mg""","""山羊肉(冻)""","""""","""81mg""","""1.0g""","""56μg""","""0.06mg""","""87.6%"""
"""—""","""—""","""2.4g""","""0μg""","""2mg""","""853""","""100%""","""0μg""","""0mg""","""5mg""","""4μg""","""""","""0mg""","""—""","""74mg""","""0g""","""""","""672kJ""","""1.20mg""","""16mg""","""65""","""34.3g""","""0.10mg""","""150mg""","""0.10mg""","""62.8g""","""0.0g""","""0mg""","""39mg""","""3.1mg""","""羊蹄筋(生)""","""""","""58mg""","""0.5g""","""63μg""","""0.12mg""","""—"""
"""33.4%""","""3.6%""","""2.4g""","""0μg""","""2.50mg""","""854""","""100%""","""1μg""","""0mg""","""17mg""","""14.10μg""","""""","""0mg""","""96.2%""","""117mg""","""0g""","""""","""317kJ""","""2mg""","""25mg""","""65""","""13.4g""","""0.14mg""","""79.0mg""","""1.46mg""","""83.4g""","""Tr""","""0mg""","""34mg""","""2mg""","""羊大肠""","""""","""150mg""","""0.8g""","""83μg""","""0.09mg""","""59.1%"""
"""48.3%""","""22.6%""","""3.4g""","""23.0μg""","""3mg""","""855""","""100%""","""1μg""","""0mg""","""16mg""","""10μg""","""""","""0.03mg""","""100.0%""","""101mg""","""0g""","""""","""364kJ""","""2mg""","""38mg""","""65""","""12.2g""","""0.17mg""","""66.0mg""","""0.10mg""","""81.7g""","""2g""","""0mg""","""133mg""","""1.4mg""","""羊肚""","""""","""124mg""","""0.9g""","""82μg""","""1mg""","""29.1%"""
"""30.8%""","""11.4%""","""2.4g""","""0μg""","""2mg""","""856""","""100%""","""1μg""","""0mg""","""8mg""","""9.30μg""","""""","""0.05mg""","""99.6%""","""139mg""","""0g""","""""","""407kJ""","""1.10mg""","""12mg""","""65""","""16.2g""","""0.14mg""","""146.2mg""","""0.19mg""","""77.7g""","""2.5g""","""1mg""","""172mg""","""8mg""","""羊肺""","""""","""319mg""","""1.2g""","""78μg""","""0.05mg""","""57.4%"""
"""42.6%""","""10.0%""","""4g""","""20972.0μg""","""3.45mg""","""857""","""100%""","""1μg""","""0mg""","""14mg""","""18μg""","""""","""0.21mg""","""100.0%""","""241mg""","""0g""","""""","""563kJ""","""22.10mg""","""8mg""","""65""","""18g""","""2mg""","""123.0mg""","""5mg""","""69.7g""","""7.4g""","""30mg""","""299mg""","""8mg""","""羊肝""","""""","""349mg""","""1.4g""","""70μg""","""0.26mg""","""47.4%"""
"""40.4%""","""21.0%""","""11g""","""0μg""","""1.24mg""","""858""","""100%""","""2μg""","""0mg""","""15mg""","""38.10μg""","""""","""0.17mg""","""100.1%""","""146mg""","""0g""","""""","""594kJ""","""4mg""","""61mg""","""65""","""11.3g""","""0.27mg""","""152mg""","""0mg""","""76.3g""","""0.1g""","""0mg""","""356mg""","""0mg""","""羊脑""","""""","""2004mg""","""1.6g""","""76μg""","""0mg""","""38.7%"""
"""45.1%""","""3.9%""","""14.2g""","""0μg""","""0mg""","""859""","""100%""","""1μg""","""0mg""","""0mg""","""0μg""","""""","""0mg""","""100.0%""","""0mg""","""0g""","""""","""941kJ""","""3.00mg""","""0mg""","""65""","""19.4g""","""0.23mg""","""0mg""","""0mg""","""60.9g""","""5g""","""0mg""","""0mg""","""0mg""","""羊舌""","""""","""148mg""","""0.7g""","""61μg""","""0mg""","""51.0%"""
"""41.9%""","""38.8%""","""3g""","""126.0μg""","""3mg""","""860""","""95%""","""1μg""","""0mg""","""18mg""","""59μg""","""""","""0.35mg""","""96.9%""","""115mg""","""0g""","""""","""403kJ""","""8.40mg""","""8mg""","""65""","""17g""","""2.01mg""","""193.3mg""","""0.32mg""","""78.2g""","""1.0g""","""0mg""","""233mg""","""6mg""","""羊肾""","""""","""289mg""","""1.4g""","""78μg""","""0.10mg""","""16.1%"""
"""39.4%""","""9.9%""","""6g""","""16.0μg""","""2.09mg""","""861""","""100%""","""1μg""","""0mg""","""17mg""","""17μg""","""""","""0.28mg""","""99.5%""","""200mg""","""0g""","""""","""473kJ""","""6mg""","""10mg""","""65""","""14g""","""0.40mg""","""101mg""","""0.26mg""","""77.7g""","""2.0g""","""2mg""","""172mg""","""4.0mg""","""羊心""","""""","""104mg""","""1.0g""","""78μg""","""0.04mg""","""50.2%"""
"""2.1%""","""17.0%""","""0.2g""","""0μg""","""1mg""","""862""","""100%""","""1μg""","""0mg""","""2mg""","""16μg""","""""","""0.04mg""","""100.0%""","""6mg""","""0g""","""""","""240kJ""","""0.20mg""","""22mg""","""65""","""7g""","""0.09mg""","""443.4mg""","""0.02mg""","""85.0g""","""7g""","""0mg""","""7mg""","""18.3mg""","""羊血""","""""","""92mg""","""1.1g""","""85μg""","""0.01mg""","""80.9%"""
"""—""","""—""","""11g""","""0μg""","""10mg""","""863""","""100%""","""4μg""","""0mg""","""29mg""","""45μg""","""""","""0.03mg""","""—""","""310mg""","""0g""","""""","""1031kJ""","""3.40mg""","""14mg""","""65""","""26.1g""","""0.50mg""","""8992mg""","""0.14mg""","""47.8g""","""12g""","""7mg""","""210mg""","""7mg""","""腊羊肉""","""""","""100mg""","""4.0g""","""48μg""","""0.11mg""","""—"""
"""44.8%""","""13.0%""","""10.3g""","""52.0μg""","""2.28mg""","""864""","""100%""","""3μg""","""0mg""","""45mg""","""3.40μg""","""""","""0.04mg""","""100.0%""","""205mg""","""0g""","""""","""864kJ""","""6.30mg""","""4mg""","""65""","""26.0g""","""0.15mg""","""485mg""","""0.13mg""","""58.7g""","""2.4g""","""1mg""","""254mg""","""8.5mg""","""羊肉串(烤)""","""""","""110mg""","""2.6g""","""59μg""","""0.34mg""","""42.2%"""
"""33.0%""","""41.3%""","""12g""","""40.0μg""","""4mg""","""865""","""100%""","""3μg""","""0mg""","""29mg""","""7μg""","""""","""0.04mg""","""100.0%""","""297mg""","""0g""","""""","""908kJ""","""5mg""","""38mg""","""65""","""18.3g""","""0.41mg""","""581mg""","""0.12mg""","""57.4g""","""10.0g""","""7mg""","""194mg""","""4.2mg""","""羊肉串(炸)""","""""","""109mg""","""2.8g""","""57μg""","""0.20mg""","""25.7%"""
"""43.5%""","""7.7%""","""14g""","""0μg""","""4mg""","""866""","""100%""","""3μg""","""0mg""","""38mg""","""3.20μg""","""""","""0.07mg""","""100.0%""","""134mg""","""0g""","""""","""1139kJ""","""8.30mg""","""43mg""","""65""","""25.4g""","""0.06mg""","""938mg""","""0.09mg""","""45.7g""","""12g""","""1mg""","""169mg""","""4.1mg""","""山羊肉(酱)""","""""","""92mg""","""3.4g""","""46μg""","""0.23mg""","""48.8%"""
"""38.7%""","""19.5%""","""3.2g""","""72.0μg""","""4.26mg""","""867""","""100%""","""1μg""","""0mg""","""7mg""","""6.10μg""","""""","""0.03mg""","""99.9%""","""325mg""","""0g""","""""","""491kJ""","""2.50mg""","""2mg""","""66""","""22g""","""0.16mg""","""47mg""","""0.23mg""","""73.8g""","""0.4g""","""3mg""","""178mg""","""4.3mg""","""驴肉(瘦)""","""""","""74mg""","""1.1g""","""74μg""","""0mg""","""41.7%"""
"""30.3%""","""26.8%""","""3g""","""0μg""","""5mg""","""868""","""100%""","""2μg""","""0mg""","""9mg""","""3.40μg""","""""","""0.02mg""","""102.2%""","""185mg""","""0g""","""""","""677kJ""","""1.40mg""","""8mg""","""66""","""34g""","""0.11mg""","""229mg""","""0.19mg""","""61.4g""","""Tr""","""0mg""","""197mg""","""4.2mg""","""驴肉(酱)""","""""","""116mg""","""2.1g""","""61μg""","""0.01mg""","""45.1%"""
"""61.7%""","""13.5%""","""2g""","""70.0μg""","""3mg""","""869""","""100%""","""2μg""","""0mg""","""31mg""","""1.10μg""","""""","""0.01mg""","""100.0%""","""219mg""","""0g""","""""","""640kJ""","""5.30mg""","""6mg""","""66""","""28g""","""0.27mg""","""307.0mg""","""0.17mg""","""63.1g""","""6g""","""1mg""","""179mg""","""5.4mg""","""驴肉(卤)""","""""","""95mg""","""1.5g""","""63μg""","""0.04mg""","""24.8%"""
"""46.7%""","""17.5%""","""14g""","""25.0μg""","""4.40mg""","""870""","""100%""","""2μg""","""0mg""","""30mg""","""29.00μg""","""""","""0mg""","""100.0%""","""114mg""","""0g""","""""","""962kJ""","""0mg""","""13mg""","""66""","""27.0g""","""0.10mg""","""207.4mg""","""0.29mg""","""57.7g""","""0.0g""","""0mg""","""170mg""","""8.3mg""","""驴肉(煮)""","""""","""0mg""","""1.8g""","""58μg""","""0.07mg""","""35.8%"""
"""36.6%""","""26.3%""","""5g""","""28.0μg""","""12.26mg""","""871""","""100%""","""1μg""","""0mg""","""41mg""","""4μg""","""""","""0.06mg""","""100.2%""","""526mg""","""0g""","""""","""514kJ""","""2.20mg""","""5mg""","""67""","""20.1g""","""0.25mg""","""116mg""","""0.15mg""","""74.1g""","""0.1g""","""1mg""","""367mg""","""5.1mg""","""马肉""","""""","""84mg""","""1.1g""","""74μg""","""0.03mg""","""37.3%"""
"""50.0%""","""22.4%""","""3g""","""32.0μg""","""5mg""","""872""","""100%""","""1μg""","""0mg""","""27mg""","""15.00μg""","""""","""0.22mg""","""98.3%""","""176mg""","""0g""","""""","""438kJ""","""3mg""","""25mg""","""67""","""19g""","""0.29mg""","""66.2mg""","""15mg""","""76.3g""","""1.0g""","""2mg""","""240mg""","""12mg""","""马心""","""""","""119mg""","""1.1g""","""76μg""","""0.03mg""","""25.9%"""
"""—""","""—""","""5g""","""17.0μg""","""3mg""","""873""","""100%""","""2μg""","""0mg""","""22mg""","""3μg""","""""","""0.01mg""","""—""","""171mg""","""0g""","""""","""717kJ""","""6.10mg""","""4mg""","""67""","""30.5g""","""0.27mg""","""237mg""","""0.17mg""","""61.9g""","""1.2g""","""0mg""","""193mg""","""6mg""","""马肉(卤)""","""""","""102mg""","""1.6g""","""62μg""","""0.04mg""","""—"""
"""47.1%""","""20.3%""","""5g""","""12.0μg""","""3.18mg""","""874""","""80%""","""1μg""","""0mg""","""14mg""","""15μg""","""""","""0.34mg""","""99.3%""","""140mg""","""0g""","""""","""486kJ""","""4mg""","""52mg""","""68""","""17g""","""0.20mg""","""47.4mg""","""0.14mg""","""76.0g""","""2g""","""1mg""","""107mg""","""3mg""","""狗肉""","""""","""62mg""","""0.8g""","""76μg""","""0.13mg""","""31.9%"""
"""26.2%""","""32.7%""","""2.2g""","""26.0μg""","""1.30mg""","""875""","""100%""","""1μg""","""0mg""","""15mg""","""11μg""","""""","""0.11mg""","""99.8%""","""284mg""","""0g""","""""","""432kJ""","""6mg""","""12mg""","""68""","""20g""","""0.10mg""","""45.1mg""","""0.12mg""","""76.2g""","""1g""","""0mg""","""165mg""","""2.0mg""","""兔肉""","""""","""59mg""","""1.0g""","""76μg""","""0.04mg""","""40.9%"""
"""41.3%""","""23.9%""","""9.4g""","""48.0μg""","""1.09mg""","""876""","""66%""","""1μg""","""0mg""","""19mg""","""12μg""","""""","""0.05mg""","""99.4%""","""251mg""","""0g""","""""","""699kJ""","""6mg""","""9mg""","""69""","""19.3g""","""0.09mg""","""63.3mg""","""0.07mg""","""69.0g""","""1.3g""","""1mg""","""156mg""","""1.4mg""","""鸡(均值)""","""""","""106mg""","""1.0g""","""69μg""","""0.03mg""","""34.2%"""
"""—""","""—""","""4.5g""","""64.0μg""","""1.06mg""","""877""","""58%""","""1μg""","""0mg""","""40mg""","""13μg""","""""","""0.09mg""","""—""","""276mg""","""0g""","""""","""520kJ""","""16mg""","""9mg""","""69""","""21g""","""0.08mg""","""74.1mg""","""0.10mg""","""73.5g""","""0.0g""","""2mg""","""141mg""","""2.1mg""","""鸡(土鸡，家养)""","""""","""106mg""","""1.2g""","""74μg""","""0.05mg""","""—"""
"""—""","""—""","""35.4g""","""226.0μg""","""1.10mg""","""878""","""74%""","""1μg""","""0mg""","""7mg""","""5.40μg""","""""","""0.07mg""","""—""","""123mg""","""0g""","""""","""1628kJ""","""13.10mg""","""37mg""","""69""","""17g""","""0.07mg""","""48mg""","""0.08mg""","""46.1g""","""1g""","""0mg""","""102mg""","""2mg""","""肉鸡(肥)""","""""","""106mg""","""0.9g""","""46μg""","""0.01mg""","""—"""
"""29.5%""","""8.3%""","""2.3g""","""""","""1.60mg""","""879""","""48%""","""""","""""","""51mg""","""7.70μg""","""""","""0.02mg""","""96.1%""","""323mg""","""""","""""","""469kJ""","""7.10mg""","""17mg""","""69""","""22.3g""","""0.20mg""","""64.0mg""","""0.26mg""","""73.9g""","""0.3g""","""—""","""210mg""","""2.3mg""","""鸡(乌骨鸡)""","""""","""106mg""","""1.2g""","""""","""0.05mg""","""58.2%"""
"""41.3%""","""23.9%""","""5.0g""","""16.0μg""","""1mg""","""880""","""100%""","""1μg""","""0mg""","""28mg""","""10.50μg""","""""","""0.07mg""","""99.4%""","""338mg""","""0g""","""""","""557kJ""","""11mg""","""3mg""","""69""","""19.4g""","""0.13mg""","""34.4mg""","""0.06mg""","""72.0g""","""2.5g""","""0mg""","""214mg""","""1mg""","""鸡胸脯肉""","""""","""82mg""","""1.1g""","""72μg""","""0.01mg""","""34.2%"""
"""49.0%""","""21.5%""","""12g""","""68.0μg""","""1.12mg""","""881""","""69%""","""1μg""","""0mg""","""17mg""","""11.00μg""","""""","""0.01mg""","""101.1%""","""205mg""","""0g""","""""","""812kJ""","""5.30mg""","""8mg""","""69""","""17.4g""","""0.11mg""","""51mg""","""0.05mg""","""65.4g""","""5g""","""0mg""","""161mg""","""1.3mg""","""鸡翅""","""""","""113mg""","""0.8g""","""65μg""","""0.03mg""","""30.6%"""
"""41.3%""","""23.9%""","""13.0g""","""44.0μg""","""1.12mg""","""882""","""69%""","""1μg""","""0mg""","""34mg""","""12.40μg""","""""","""0.02mg""","""99.4%""","""242mg""","""0g""","""""","""757kJ""","""6.00mg""","""6mg""","""69""","""16.0g""","""0.14mg""","""64.4mg""","""0.09mg""","""70.2g""","""Tr""","""0mg""","""172mg""","""2mg""","""鸡腿""","""""","""162mg""","""0.8g""","""70μg""","""0.03mg""","""34.2%"""
"""54.0%""","""21.9%""","""16.4g""","""37.0μg""","""1mg""","""883""","""60%""","""1μg""","""0mg""","""7mg""","""10.00μg""","""""","""0.01mg""","""100.7%""","""108mg""","""0g""","""""","""1063kJ""","""2.40mg""","""36mg""","""69""","""24g""","""0.13mg""","""169.0mg""","""0.05mg""","""56.4g""","""3g""","""0mg""","""76mg""","""1.4mg""","""鸡爪""","""""","""103mg""","""0.6g""","""56μg""","""0.03mg""","""24.8%"""
"""32.2%""","""17.0%""","""5g""","""10414.0μg""","""2.40mg""","""884""","""100%""","""1μg""","""0mg""","""16mg""","""39μg""","""""","""0.33mg""","""96.2%""","""222mg""","""0g""","""""","""507kJ""","""12mg""","""7mg""","""69""","""17g""","""1.10mg""","""92.0mg""","""0.32mg""","""74.4g""","""3g""","""2mg""","""263mg""","""12.0mg""","""鸡肝""","""""","""356mg""","""1.4g""","""74μg""","""0.24mg""","""46.9%"""
"""42.7%""","""28.8%""","""12g""","""910.0μg""","""2mg""","""885""","""100%""","""1μg""","""0mg""","""11mg""","""4.10μg""","""""","""0.46mg""","""100.1%""","""220mg""","""0g""","""""","""720kJ""","""12mg""","""54mg""","""69""","""16g""","""0.26mg""","""108.4mg""","""0.27mg""","""70.8g""","""1g""","""0mg""","""176mg""","""5mg""","""鸡心""","""""","""194mg""","""0.9g""","""71μg""","""0.04mg""","""28.6%"""
"""25.5%""","""13.8%""","""0.2g""","""56.0μg""","""0.45mg""","""886""","""100%""","""1μg""","""0mg""","""4mg""","""12.10μg""","""""","""0.05mg""","""95.7%""","""136mg""","""0g""","""""","""210kJ""","""0.10mg""","""10mg""","""69""","""8g""","""0.04mg""","""208.0mg""","""0.03mg""","""87.0g""","""4.1g""","""0mg""","""68mg""","""25.0mg""","""鸡血""","""""","""170mg""","""0.9g""","""87μg""","""0.03mg""","""56.4%"""
"""39.2%""","""21.7%""","""3g""","""36.0μg""","""3mg""","""887""","""100%""","""1μg""","""0mg""","""15mg""","""11μg""","""""","""0.04mg""","""100.3%""","""272mg""","""0g""","""""","""498kJ""","""3.40mg""","""7mg""","""69""","""19.2g""","""0.09mg""","""75mg""","""2.11mg""","""73.1g""","""4.0g""","""1mg""","""135mg""","""4.4mg""","""鸡肫[鸡胗]""","""""","""174mg""","""0.9g""","""73μg""","""0.06mg""","""39.4%"""
"""46.2%""","""21.9%""","""11.0g""","""32.0μg""","""3.23mg""","""888""","""66%""","""3μg""","""0mg""","""24mg""","""8.10μg""","""""","""0.02mg""","""100.0%""","""149mg""","""0g""","""""","""910kJ""","""9.20mg""","""31mg""","""69""","""30g""","""0.17mg""","""1001mg""","""0.05mg""","""56.0g""","""0.0g""","""0mg""","""157mg""","""3mg""","""扒鸡""","""""","""211mg""","""3.4g""","""56μg""","""0.01mg""","""31.9%"""
"""47.6%""","""24.0%""","""17g""","""37.0μg""","""1.38mg""","""889""","""73%""","""2μg""","""0mg""","""14mg""","""4μg""","""""","""0.05mg""","""98.4%""","""142mg""","""0g""","""""","""1004kJ""","""4mg""","""25mg""","""69""","""22.4g""","""0.19mg""","""472.3mg""","""0.10mg""","""59.0g""","""0.1g""","""0mg""","""136mg""","""2mg""","""烤鸡""","""""","""99mg""","""1.8g""","""59μg""","""0.11mg""","""26.8%"""
"""63.2%""","""2.6%""","""16.4g""","""90.0μg""","""1mg""","""890""","""100%""","""6μg""","""0mg""","""29mg""","""3.10μg""","""""","""0.03mg""","""99.4%""","""109mg""","""0g""","""""","""1848kJ""","""1.00mg""","""76mg""","""69""","""7.2g""","""0.11mg""","""1688mg""","""0.07mg""","""4.9g""","""66g""","""15mg""","""83mg""","""7.1mg""","""鸡肉松""","""""","""81mg""","""5.7g""","""5μg""","""1mg""","""33.5%"""
"""50.0%""","""19.5%""","""20g""","""52.0μg""","""1.33mg""","""891""","""68%""","""1μg""","""0mg""","""14mg""","""12.20μg""","""""","""0.08mg""","""99.8%""","""191mg""","""0g""","""""","""1004kJ""","""4.20mg""","""6mg""","""70""","""16g""","""0.22mg""","""69.0mg""","""0.21mg""","""63.9g""","""0.2g""","""0mg""","""122mg""","""2.2mg""","""鸭(均值)""","""""","""94mg""","""0.7g""","""64μg""","""0.06mg""","""30.2%"""
"""—""","""—""","""2g""","""0μg""","""1.17mg""","""892""","""100%""","""1μg""","""0mg""","""24mg""","""13μg""","""""","""0.01mg""","""—""","""126mg""","""0g""","""""","""379kJ""","""4.20mg""","""6mg""","""70""","""15.0g""","""0.07mg""","""60.2mg""","""0.27mg""","""78.6g""","""4.0g""","""2mg""","""86mg""","""4.1mg""","""鸭胸脯肉""","""""","""121mg""","""0.9g""","""79μg""","""0.01mg""","""—"""
"""—""","""—""","""6.1g""","""14.0μg""","""1mg""","""893""","""67%""","""0μg""","""0mg""","""5mg""","""10.00μg""","""""","""0.02mg""","""—""","""100mg""","""0g""","""""","""613kJ""","""2.40mg""","""20mg""","""70""","""16.5g""","""0.16mg""","""54mg""","""0mg""","""70.6g""","""6.3g""","""0mg""","""84mg""","""2.1mg""","""鸭翅""","""""","""49mg""","""0.5g""","""71μg""","""0mg""","""—"""
"""—""","""—""","""2g""","""11.0μg""","""1mg""","""894""","""59%""","""0μg""","""0mg""","""3mg""","""5.40μg""","""""","""0mg""","""—""","""28mg""","""0g""","""""","""633kJ""","""1.10mg""","""24mg""","""70""","""27g""","""0.17mg""","""61.1mg""","""0mg""","""64.7g""","""6.2g""","""0mg""","""91mg""","""1.3mg""","""鸭掌""","""""","""36mg""","""0.3g""","""65μg""","""0mg""","""—"""
"""53.7%""","""14.5%""","""8g""","""16.0μg""","""1.19mg""","""895""","""53%""","""1μg""","""0mg""","""13mg""","""25μg""","""""","""0.02mg""","""99.9%""","""136mg""","""0g""","""""","""540kJ""","""3.10mg""","""31mg""","""70""","""14.2g""","""0.22mg""","""32.0mg""","""0.18mg""","""77.0g""","""0.4g""","""0mg""","""166mg""","""2.3mg""","""鸭肠""","""""","""187mg""","""0.6g""","""77μg""","""0mg""","""31.7%"""
"""36.1%""","""14.8%""","""8g""","""1040.0μg""","""3.08mg""","""896""","""100%""","""1μg""","""18.0mg""","""18mg""","""57.30μg""","""""","""0.26mg""","""102.1%""","""230mg""","""0g""","""""","""536kJ""","""7mg""","""18mg""","""70""","""14.5g""","""1.05mg""","""87.2mg""","""1.31mg""","""76.3g""","""0.5g""","""1mg""","""283mg""","""23.1mg""","""鸭肝""","""""","""341mg""","""1.2g""","""76μg""","""0.28mg""","""51.2%"""
"""62.0%""","""18.9%""","""20g""","""35.0μg""","""1mg""","""897""","""61%""","""1μg""","""0mg""","""6mg""","""12.50μg""","""""","""0.01mg""","""99.8%""","""44mg""","""0g""","""""","""1025kJ""","""2mg""","""13mg""","""70""","""17g""","""0.21mg""","""82mg""","""0mg""","""62.6g""","""0.4g""","""0mg""","""94mg""","""2.2mg""","""鸭舌[鸭条]""","""""","""118mg""","""0.7g""","""63μg""","""0mg""","""18.8%"""
"""52.9%""","""16.3%""","""9g""","""24.0μg""","""1.38mg""","""898""","""100%""","""1μg""","""0mg""","""18mg""","""15.30μg""","""""","""0.14mg""","""100.0%""","""233mg""","""0g""","""""","""598kJ""","""8.00mg""","""20mg""","""70""","""13g""","""1mg""","""86.2mg""","""0.37mg""","""74.5g""","""3g""","""1mg""","""188mg""","""5.0mg""","""鸭心""","""""","""120mg""","""0.9g""","""74μg""","""0mg""","""30.8%"""
"""—""","""—""","""0.4g""","""0μg""","""0.50mg""","""899""","""100%""","""1μg""","""0mg""","""8mg""","""0μg""","""""","""0.06mg""","""—""","""166mg""","""0g""","""""","""457kJ""","""0mg""","""5mg""","""70""","""14g""","""0.06mg""","""174mg""","""0.06mg""","""72.6g""","""12.4g""","""0mg""","""87mg""","""30.5mg""","""鸭血(白鸭)""","""""","""95mg""","""1.0g""","""73μg""","""0.04mg""","""—"""
"""50.2%""","""14.8%""","""1.3g""","""6.0μg""","""3mg""","""900""","""93%""","""1μg""","""0mg""","""18mg""","""16.00μg""","""""","""0.04mg""","""99.5%""","""284mg""","""0g""","""""","""388kJ""","""4.40mg""","""12mg""","""70""","""18g""","""0.15mg""","""69.2mg""","""0.18mg""","""77.8g""","""2.1g""","""0mg""","""134mg""","""4.3mg""","""鸭肫""","""""","""153mg""","""0.9g""","""78μg""","""0.08mg""","""34.5%"""
"""54.2%""","""11.4%""","""38.4g""","""36.0μg""","""1.25mg""","""901""","""80%""","""1μg""","""0mg""","""13mg""","""10.30μg""","""""","""0.04mg""","""100.6%""","""247mg""","""0g""","""""","""1824kJ""","""4.50mg""","""35mg""","""70""","""17g""","""0.32mg""","""83.0mg""","""0.12mg""","""38.2g""","""6.0g""","""1mg""","""175mg""","""2.4mg""","""北京烤鸭""","""""","""0mg""","""0.8g""","""38μg""","""0mg""","""35.0%"""
"""53.0%""","""13.1%""","""18.4g""","""11.0μg""","""3mg""","""902""","""80%""","""3μg""","""0mg""","""13mg""","""16μg""","""""","""0.06mg""","""99.9%""","""236mg""","""0g""","""""","""1113kJ""","""4mg""","""14mg""","""70""","""19g""","""0.22mg""","""981.3mg""","""0.26mg""","""53.6g""","""6.3g""","""0mg""","""140mg""","""4.1mg""","""酱鸭""","""""","""107mg""","""2.8g""","""54μg""","""0.02mg""","""33.8%"""
"""50.0%""","""19.5%""","""26.1g""","""35.0μg""","""2.04mg""","""903""","""81%""","""3μg""","""0mg""","""14mg""","""15.40μg""","""""","""0.07mg""","""99.8%""","""218mg""","""0g""","""""","""1310kJ""","""2.50mg""","""10mg""","""70""","""17g""","""0.21mg""","""1558mg""","""0.32mg""","""51.7g""","""3g""","""0mg""","""112mg""","""1mg""","""盐水鸭(熟)""","""""","""81mg""","""2.8g""","""52μg""","""0.05mg""","""30.2%"""
"""54.0%""","""16.4%""","""20g""","""42.0μg""","""1.36mg""","""904""","""63%""","""1μg""","""0mg""","""18mg""","""18μg""","""""","""0.07mg""","""99.8%""","""232mg""","""0g""","""""","""1050kJ""","""5mg""","""4mg""","""71""","""18g""","""0.23mg""","""59mg""","""0.43mg""","""61.4g""","""0.0g""","""0mg""","""144mg""","""4mg""","""鹅""","""""","""74mg""","""0.8g""","""61μg""","""0.04mg""","""29.3%"""
"""21.2%""","""12.5%""","""3.4g""","""6100.0μg""","""4mg""","""905""","""100%""","""1μg""","""0mg""","""11mg""","""0μg""","""""","""0.27mg""","""97.3%""","""336mg""","""0g""","""""","""542kJ""","""0mg""","""2mg""","""71""","""15.2g""","""0.25mg""","""70.2mg""","""8mg""","""70.7g""","""9.3g""","""0mg""","""216mg""","""8mg""","""鹅肝""","""""","""285mg""","""1.4g""","""71μg""","""0.32mg""","""63.6%"""
"""—""","""—""","""2g""","""51.0μg""","""4.04mg""","""906""","""100%""","""1μg""","""0mg""","""9mg""","""0μg""","""""","""0.05mg""","""—""","""410mg""","""0g""","""""","""422kJ""","""0mg""","""2mg""","""71""","""20g""","""0.06mg""","""58.2mg""","""0.14mg""","""76.3g""","""1.1g""","""0mg""","""112mg""","""5mg""","""鹅肫""","""""","""153mg""","""1.1g""","""76μg""","""0.05mg""","""—"""
"""52.1%""","""15.1%""","""22g""","""9.0μg""","""2.00mg""","""907""","""73%""","""2μg""","""0mg""","""7mg""","""8μg""","""""","""0.09mg""","""98.9%""","""22mg""","""0g""","""""","""1209kJ""","""4mg""","""91mg""","""71""","""20g""","""0.11mg""","""240.0mg""","""0.26mg""","""52.8g""","""4.2g""","""0mg""","""202mg""","""4mg""","""烧鹅""","""""","""116mg""","""1.8g""","""53μg""","""0.06mg""","""31.4%"""
"""43.8%""","""21.5%""","""1.2g""","""0μg""","""9.26mg""","""908""","""100%""","""1μg""","""0mg""","""49mg""","""16μg""","""""","""0.07mg""","""98.7%""","""708mg""","""0g""","""""","""384kJ""","""8.30mg""","""12mg""","""72""","""20.0g""","""0.06mg""","""168.4mg""","""0.45mg""","""77.8g""","""0.0g""","""0mg""","""470mg""","""5.2mg""","""火鸡腿""","""""","""58mg""","""1.0g""","""78μg""","""0.04mg""","""33.4%"""
"""—""","""—""","""0.2g""","""0μg""","""1mg""","""909""","""100%""","""1μg""","""0mg""","""31mg""","""10μg""","""""","""0.04mg""","""—""","""227mg""","""0g""","""""","""436kJ""","""16.20mg""","""39mg""","""72""","""22.4g""","""0.03mg""","""94mg""","""0mg""","""73.6g""","""3g""","""0mg""","""116mg""","""1.1mg""","""火鸡胸脯肉""","""""","""49mg""","""1.0g""","""74μg""","""0.03mg""","""—"""
"""48.9%""","""11.5%""","""6g""","""0μg""","""2mg""","""910""","""100%""","""1μg""","""0mg""","""18mg""","""36.00μg""","""""","""0.06mg""","""100.1%""","""244mg""","""0g""","""""","""600kJ""","""43.00mg""","""3mg""","""72""","""20.0g""","""1.21mg""","""129mg""","""0.02mg""","""69.9g""","""3.1g""","""1mg""","""225mg""","""21mg""","""火鸡肝""","""""","""294mg""","""1.4g""","""70μg""","""0.13mg""","""39.7%"""
"""—""","""—""","""0.3g""","""0μg""","""3mg""","""911""","""100%""","""1μg""","""0mg""","""24mg""","""16.30μg""","""""","""0.02mg""","""—""","""352mg""","""0g""","""""","""387kJ""","""8mg""","""44mg""","""72""","""19g""","""0.08mg""","""57.0mg""","""0mg""","""76.5g""","""3.2g""","""0mg""","""108mg""","""4mg""","""火鸡肫""","""""","""342mg""","""1.1g""","""76μg""","""0.03mg""","""—"""
"""61.5%""","""13.4%""","""14.2g""","""53.0μg""","""1mg""","""912""","""42%""","""1μg""","""0mg""","""27mg""","""11.10μg""","""""","""0.06mg""","""99.8%""","""334mg""","""0g""","""""","""841kJ""","""7mg""","""30mg""","""73""","""16.5g""","""0.20mg""","""64mg""","""0.24mg""","""66.6g""","""2g""","""1mg""","""136mg""","""4mg""","""鸽""","""""","""99mg""","""1.0g""","""67μg""","""0.05mg""","""24.9%"""
"""33.7%""","""26.9%""","""3.1g""","""40.0μg""","""1.19mg""","""913""","""58%""","""1μg""","""0mg""","""20mg""","""12μg""","""""","""0.04mg""","""99.5%""","""204mg""","""0g""","""""","""462kJ""","""6.30mg""","""48mg""","""73""","""20.2g""","""0.32mg""","""48.4mg""","""0.10mg""","""75.1g""","""0.2g""","""0mg""","""179mg""","""2.3mg""","""鹌鹑""","""""","""157mg""","""1.4g""","""75μg""","""0.08mg""","""38.9%"""
"""60.2%""","""23.4%""","""34.1g""","""46.0μg""","""2.40mg""","""914""","""56%""","""0.0μg""","""0.0mg""","""21mg""","""12.00μg""","""16.3μg""","""0.08mg""","""99.9%""","""163mg""","""""","""""","""1454kJ""","""2.48mg""","""866mg""","""73""","""11.3g""","""0.36mg""","""653.8mg""","""0.09mg""","""57.5g""","""Tr""","""0.54mg""","""573mg""","""2.0mg""","""乳鸽""","""""","""—""","""1.5g""","""""","""0.04mg""","""16.3%"""
"""62.9%""","""14.4%""","""20.8g""","""—""","""6.33mg""","""915""","""82%""","""—""","""0.0mg""","""61mg""","""24.40μg""","""61.1μg""","""0.04mg""","""99.7%""","""385mg""","""""","""""","""1057kJ""","""3.27mg""","""1614mg""","""73""","""16.9g""","""0.36mg""","""1809.8mg""","""0.42mg""","""59.0g""","""Tr""","""—""","""1050mg""","""8.8mg""","""乳鸽(红烧)""","""""","""—""","""4.0g""","""""","""0.29mg""","""22.3%"""
"""36.3%""","""7.4%""","""3.2g""","""24.0μg""","""0.42mg""","""916""","""100%""","""""","""1.0mg""","""11mg""","""1.90μg""","""""","""0.03mg""","""97.6%""","""109mg""","""""","""""","""227kJ""","""0.10mg""","""104mg""","""74""","""3.0g""","""0.14mg""","""37.2mg""","""0.02mg""","""89.8g""","""3.4g""","""—""","""73mg""","""0.3mg""","""乳品（牛乳，均值)""","""""","""15mg""","""0.6g""","""""","""0.03mg""","""53.8%"""
"""26.8%""","""3.1%""","""3.2g""","""28.0μg""","""0.25mg""","""917""","""100%""","""—""","""Tr""","""8mg""","""1.70μg""","""3.5μg""","""0.02mg""","""96.6%""","""132mg""","""0.00g""","""商品名：100％纯牛奶""","""256kJ""","""0.13mg""","""85mg""","""74""","""3.1g""","""0.10mg""","""24.8mg""","""0.01mg""","""88.0g""","""5.0g""","""0.10mg""","""87mg""","""0.1mg""","""牛乳(光明牌)""","""""","""3mg""","""0.7g""","""""","""—""","""66.6%"""
"""29.9%""","""1.9%""","""3.8g""","""11.0μg""","""0.85mg""","""918""","""100%""","""—""","""Tr""","""12mg""","""1.10μg""","""Tr""","""0.02mg""","""96.8%""","""142mg""","""0.00g""","""商品名：纯牛奶（100％）""","""278kJ""","""0.13mg""","""104mg""","""74""","""3.3g""","""0.09mg""","""38.4mg""","""0.01mg""","""87.4g""","""4.8g""","""0.10mg""","""100mg""","""0.6mg""","""牛乳(乐百氏牌)""","""""","""4mg""","""0.7g""","""""","""0.01mg""","""64.9%"""
"""29.1%""","""2.0%""","""3.1g""","""14.0μg""","""0.67mg""","""919""","""100%""","""—""","""Tr""","""11mg""","""0.20μg""","""0.6μg""","""0.02mg""","""96.7%""","""166mg""","""0.00g""","""商品名：纯牛奶（100％）""","""256kJ""","""0.10mg""","""113mg""","""74""","""3.0g""","""0.08mg""","""68.2mg""","""0.01mg""","""87.9g""","""5.3g""","""0.00mg""","""99mg""","""0.4mg""","""牛乳(帕玛拉特牌)""","""""","""6mg""","""0.7g""","""""","""0.01mg""","""65.5%"""
"""29.2%""","""2.4%""","""3.9g""","""30.0μg""","""0.42mg""","""920""","""100%""","""—""","""Tr""","""10mg""","""1.70μg""","""2.3μg""","""0.02mg""","""97.7%""","""177mg""","""0.00g""","""商品名：纯牛奶""","""289kJ""","""0.13mg""","""88mg""","""74""","""3.4g""","""0.10mg""","""35.1mg""","""0.01mg""","""86.9g""","""5.1g""","""0.11mg""","""88mg""","""0.3mg""","""牛乳(三元牌)""","""""","""1mg""","""0.7g""","""""","""0.01mg""","""66.0%"""
"""18.1%""","""2.0%""","""3.2g""","""17.0μg""","""0.28mg""","""921""","""100%""","""—""","""Tr""","""9mg""","""0.60μg""","""1.2μg""","""0.03mg""","""100.0%""","""161mg""","""0.00g""","""商品名：100％纯牛奶""","""251kJ""","""0.08mg""","""91mg""","""74""","""2.9g""","""0.09mg""","""292.1mg""","""0.01mg""","""88.3g""","""4.9g""","""0.01mg""","""87mg""","""0.1mg""","""牛乳(完达山牌)""","""""","""7mg""","""0.7g""","""""","""—""","""79.9%"""
"""28.2%""","""2.9%""","""3.8g""","""11.0μg""","""0.46mg""","""922""","""100%""","""—""","""Tr""","""9mg""","""0.80μg""","""1.2μg""","""0.02mg""","""96.1%""","""145mg""","""0.00g""","""商品名：纯鲜牛奶（100％）""","""277kJ""","""0.11mg""","""82mg""","""74""","""2.9g""","""0.10mg""","""41.5mg""","""Tr""","""87.5g""","""5.1g""","""0.11mg""","""83mg""","""0.1mg""","""牛乳(龙丹牌)""","""""","""6mg""","""0.7g""","""""","""0.01mg""","""64.9%"""
"""33.0%""","""2.1%""","""3.7g""","""14.0μg""","""0.51mg""","""923""","""100%""","""—""","""Tr""","""11mg""","""1.10μg""","""1.4μg""","""0.02mg""","""98.0%""","""159mg""","""0.00g""","""商品名：纯鲜牛奶""","""280kJ""","""0.11mg""","""98mg""","""74""","""3.1g""","""0.11mg""","""48.9mg""","""Tr""","""87.2g""","""5.3g""","""0.10mg""","""94mg""","""0.2mg""","""牛乳(蒙牛牌)""","""""","""1mg""","""0.7g""","""""","""Tr""","""62.8%"""
"""31.4%""","""2.4%""","""3.8g""","""17.0μg""","""0.45mg""","""924""","""100%""","""—""","""Tr""","""11mg""","""1.20μg""","""1.5μg""","""0.02mg""","""98.3%""","""163mg""","""0.00g""","""商品名：纯鲜牛奶""","""278kJ""","""0.11mg""","""92mg""","""74""","""3.1g""","""0.11mg""","""46.1mg""","""Tr""","""87.4g""","""5.0g""","""0.10mg""","""59mg""","""0.3mg""","""牛乳(新南洋牌)""","""""","""5mg""","""0.7g""","""""","""0.02mg""","""64.4%"""
"""30.5%""","""2.1%""","""3.2g""","""15.0μg""","""0.58mg""","""925""","""100%""","""—""","""Tr""","""11mg""","""1.20μg""","""0.9μg""","""0.02mg""","""97.2%""","""181mg""","""0.00g""","""商品名：保鲜牛奶""","""254kJ""","""0.08mg""","""93mg""","""74""","""2.9g""","""0.13mg""","""62.1mg""","""0.01mg""","""88.1g""","""5.1g""","""0.10mg""","""99mg""","""0.4mg""","""牛乳(帕玛拉特)""","""""","""5mg""","""0.7g""","""""","""0.01mg""","""64.5%"""
"""30.3%""","""2.8%""","""3.7g""","""16.0μg""","""0.45mg""","""926""","""100%""","""—""","""Tr""","""12mg""","""1.50μg""","""—""","""0.02mg""","""100.1%""","""348mg""","""0.00g""","""商品名：保鲜纯牛奶""","""283kJ""","""0.08mg""","""110mg""","""74""","""3.2g""","""0.13mg""","""49.5mg""","""0.02mg""","""86.9g""","""5.4g""","""0.00mg""","""103mg""","""0.1mg""","""牛乳(伊利牌)""","""""","""—""","""0.8g""","""""","""—""","""67.0%"""
"""23.3%""","""Tr""","""1.3g""","""6.0μg""","""0.30mg""","""927""","""100%""","""—""","""Tr""","""8mg""","""1.50μg""","""3.6μg""","""0.03mg""","""100.0%""","""185mg""","""0.00g""","""""","""182kJ""","""0.07mg""","""66mg""","""74""","""2.9g""","""0.09mg""","""279.5mg""","""0.02mg""","""90.1g""","""5.0g""","""0.00mg""","""91mg""","""0.2mg""","""牛乳(部分脱脂，帕玛拉特)""","""""","""5mg""","""0.7g""","""""","""Tr""","""76.7%"""
"""32.7%""","""Tr""","""0.2g""","""Tr""","""0.54mg""","""928""","""100%""","""—""","""Tr""","""9mg""","""1.00μg""","""4.6μg""","""0.03mg""","""82.1%""","""204mg""","""0.00g""","""""","""138kJ""","""0.07mg""","""75mg""","""74""","""2.9g""","""0.08mg""","""117.2mg""","""0.01mg""","""91.4g""","""4.8g""","""0.00mg""","""96mg""","""0.3mg""","""牛乳(脱脂，帕玛拉特)""","""""","""2mg""","""0.7g""","""""","""—""","""49.4%"""
"""27.9%""","""2.1%""","""3.1g""","""15.0μg""","""1.10mg""","""929""","""100%""","""—""","""Tr""","""11mg""","""1.40μg""","""Tr""","""0.02mg""","""96.2%""","""171mg""","""0.00g""","""商品名：保鲜牛奶（加锌、钙）""","""251kJ""","""0.08mg""","""93mg""","""74""","""3.0g""","""0.11mg""","""62.1mg""","""Tr""","""88.2g""","""5.0g""","""0.10mg""","""103mg""","""1.0mg""","""牛乳(强化锌、钙，帕玛拉特)""","""""","""2mg""","""0.7g""","""""","""0.01mg""","""66.1%"""
"""24.1%""","""1.8%""","""3.0g""","""18.0μg""","""0.37mg""","""930""","""100%""","""—""","""Tr""","""9mg""","""1.30μg""","""Tr""","""0.02mg""","""91.8%""","""157mg""","""0.00g""","""""","""332kJ""","""0.09mg""","""78mg""","""74""","""2.7g""","""0.11mg""","""28.3mg""","""0.00mg""","""83.4g""","""10.3g""","""0.11mg""","""83mg""","""0.3mg""","""牛奶(草莓味，卡夫牌)""","""""","""4mg""","""0.6g""","""""","""0.01mg""","""65.7%"""
"""32.7%""","""2.4%""","""3.2g""","""17.0μg""","""0.31mg""","""931""","""100%""","""—""","""Tr""","""13mg""","""1.60μg""","""Tr""","""0.02mg""","""97.9%""","""154mg""","""0.00g""","""""","""336kJ""","""0.12mg""","""81mg""","""74""","""2.8g""","""0.11mg""","""31.4mg""","""0.02mg""","""83.3g""","""10.0g""","""0.10mg""","""92mg""","""0.5mg""","""牛奶(巧克力味，卡夫牌)""","""""","""5mg""","""0.7g""","""""","""0.02mg""","""62.7%"""
"""26.1%""","""1.5%""","""2.8g""","""18.0μg""","""0.37mg""","""932""","""100%""","""—""","""Tr""","""12mg""","""1.10μg""","""0.9μg""","""0.02mg""","""96.1%""","""165mg""","""0.00g""","""""","""311kJ""","""0.09mg""","""101mg""","""74""","""2.3g""","""0.08mg""","""36.3mg""","""0.03mg""","""84.4g""","""9.9g""","""0.21mg""","""75mg""","""0.5mg""","""牛奶(巧克力味，三元牌)""","""""","""1mg""","""0.6g""","""""","""0.03mg""","""68.4%"""
"""26.5%""","""1.4%""","""2.6g""","""30.0μg""","""1.53mg""","""933""","""100%""","""—""","""Tr""","""8mg""","""0.80μg""","""—""","""0.02mg""","""99.9%""","""140mg""","""0.00g""","""商品名：中国学生奶""","""278kJ""","""0.06mg""","""87mg""","""74""","""2.6g""","""0.14mg""","""47.3mg""","""Tr""","""86.1g""","""8.1g""","""0.00mg""","""78mg""","""0.1mg""","""学生奶""","""""","""—""","""0.6g""","""""","""Tr""","""72.0%"""
"""24.3%""","""4.0%""","""3.5g""","""84.0μg""","""0.29mg""","""934""","""100%""","""""","""""","""""","""1.80μg""","""""","""0.04mg""","""94.5%""","""135mg""","""""","""""","""247kJ""","""2.10mg""","""82mg""","""74""","""1.5g""","""0.12mg""","""20.6mg""","""0.04mg""","""88.9g""","""5.4g""","""—""","""98mg""","""0.5mg""","""乳品（鲜羊乳）""","""""","""31mg""","""0.7g""","""""","""""","""66.0%"""
"""29.4%""","""5.0%""","""23.4g""","""183.0μg""","""2.30mg""","""935""","""100%""","""6μg""","""0mg""","""81mg""","""7.40μg""","""""","""0.42mg""","""94.1%""","""841mg""","""0g""","""""","""2054kJ""","""0.40mg""","""495mg""","""75""","""22.5g""","""0.26mg""","""451mg""","""0.07mg""","""1.2g""","""47.4g""","""0mg""","""1018mg""","""1mg""","""全脂加糖奶粉""","""""","""0mg""","""5.5g""","""1μg""","""0.08mg""","""58.3%"""
"""29.4%""","""5.0%""","""19g""","""272.0μg""","""2.16mg""","""936""","""100%""","""5μg""","""7.0mg""","""73mg""","""8.00μg""","""""","""0.08mg""","""93.8%""","""541mg""","""0g""","""""","""1956kJ""","""0.50mg""","""659mg""","""75""","""20g""","""1mg""","""248mg""","""0.12mg""","""2.3g""","""54.0g""","""1mg""","""571mg""","""3mg""","""全脂速溶奶粉""","""""","""71mg""","""4.9g""","""2μg""","""0.05mg""","""58.3%"""
"""—""","""—""","""28.0g""","""—""","""—""","""937""","""100%""","""—""","""—""","""—""","""—""","""—""","""—""","""—""","""—""","""""","""""","""2161kJ""","""—""","""930mg""","""75""","""24.0g""","""1.10mg""","""—""","""—""","""—""","""42.2g""","""—""","""720mg""","""—""","""全脂奶粉(雀巢)""","""""","""—""","""5.8g""","""""","""—""","""—"""
"""33.0%""","""3.1%""","""29.6g""","""—""","""5.74mg""","""938""","""100%""","""3.0μg""","""—""","""92mg""","""1.40μg""","""30.2μg""","""0.23mg""","""96.6%""","""1500mg""","""""","""""","""2156kJ""","""0.60mg""","""667mg""","""75""","""25.4g""","""1.20mg""","""491.2mg""","""0.10mg""","""2.2g""","""37.0g""","""—""","""796mg""","""4.9mg""","""全脂奶粉(三鹿牌)""","""""","""58mg""","""5.8g""","""""","""0.09mg""","""59.2%"""
"""33.8%""","""4.0%""","""26.0g""","""—""","""3.97mg""","""939""","""100%""","""—""","""—""","""91mg""","""11.80μg""","""—""","""0.04mg""","""99.9%""","""209mg""","""""","""""","""2110kJ""","""0.09mg""","""750mg""","""75""","""22.0g""","""0.17mg""","""220.6mg""","""0.20mg""","""3.0g""","""45.5g""","""—""","""550mg""","""3.9mg""","""全脂奶粉(伊利牌)""","""""","""65mg""","""3.5g""","""""","""0.01mg""","""62.0%"""
"""31.8%""","""1.8%""","""21.1g""","""—""","""5.13mg""","""940""","""100%""","""—""","""—""","""67mg""","""1.20μg""","""—""","""0.11mg""","""95.8%""","""1589mg""","""""","""商品名：全脂加糖奶粉""","""2000kJ""","""0.90mg""","""589mg""","""75""","""21.2g""","""0.73mg""","""282.8mg""","""0.05mg""","""2.5g""","""50.5g""","""—""","""668mg""","""3.7mg""","""全脂甜奶粉(三鹿牌)""","""""","""32mg""","""4.7g""","""""","""0.09mg""","""61.1%"""
"""21.4%""","""2.0%""","""21.0g""","""—""","""2.63mg""","""941""","""100%""","""—""","""—""","""76mg""","""6.20μg""","""—""","""0.70mg""","""99.9%""","""1795mg""","""""","""""","""1998kJ""","""—""","""620mg""","""75""","""19.0g""","""—""","""184.1mg""","""0.19mg""","""3.2g""","""52.8g""","""—""","""460mg""","""4.3mg""","""全脂甜奶粉(伊利牌)""","""""","""28mg""","""4.0g""","""""","""0.05mg""","""76.5%"""
"""—""","""—""","""11.7g""","""—""","""7.00mg""","""942""","""100%""","""—""","""60.0mg""","""100mg""","""—""","""—""","""—""","""—""","""1325mg""","""""","""商品名：雀巢高钙高铁奶粉（低脂）""","""1934kJ""","""—""","""1745mg""","""75""","""27.0g""","""1.40mg""","""—""","""—""","""—""","""61.3g""","""—""","""1325mg""","""10.0mg""","""低脂奶粉(高钙高铁，雀巢)""","""""","""—""","""—""","""""","""—""","""—"""
"""25.4%""","""2.1%""","""11.0g""","""—""","""5.00mg""","""943""","""100%""","""—""","""65.0mg""","""35mg""","""8.40μg""","""—""","""0.30mg""","""100.0%""","""1338mg""","""""","""商品名：伊利高钙高铁低脂奶粉""","""1782kJ""","""—""","""1350mg""","""75""","""27.0g""","""1.60mg""","""406.9mg""","""0.20mg""","""3.1g""","""53.9g""","""—""","""950mg""","""12.0mg""","""低脂奶粉(高钙高铁，伊利牌)""","""""","""49mg""","""5.0g""","""""","""0.13mg""","""72.5%"""
"""—""","""—""","""13.0g""","""—""","""6.00mg""","""944""","""100%""","""—""","""40.0mg""","""50mg""","""—""","""—""","""0.80mg""","""—""","""800mg""","""""","""""","""1892kJ""","""—""","""1000mg""","""75""","""17.0g""","""1.00mg""","""350.0mg""","""—""","""4.0g""","""66.0g""","""—""","""480mg""","""9.0mg""","""高钙高铁奶粉(可淇牌)""","""""","""—""","""—""","""""","""—""","""—"""
"""—""","""—""","""11.1g""","""—""","""4.40mg""","""945""","""100%""","""—""","""51.0mg""","""55mg""","""—""","""28.0μg""","""0.40mg""","""—""","""730mg""","""""","""商品名：安儿健A+儿童成长奶粉。""","""1922kJ""","""5.20mg""","""730mg""","""75""","""17.9g""","""0.98mg""","""210.0mg""","""0.35mg""","""—""","""71.0g""","""—""","""450mg""","""8.1mg""","""儿童奶粉(安儿健A+，美赞臣)""","""""","""—""","""—""","""""","""0.04mg""","""—"""
"""—""","""—""","""9.0g""","""—""","""4.40mg""","""946""","""100%""","""170.0μg""","""38.0mg""","""60mg""","""10.00μg""","""90.0μg""","""0.50mg""","""—""","""1150mg""","""2.50g""","""商品名：适体健儿童营养奶粉。""","""1858kJ""","""6.60mg""","""500mg""","""75""","""16.0g""","""0.50mg""","""250.0mg""","""0.36mg""","""—""","""75.0g""","""—""","""500mg""","""6.3mg""","""儿童奶粉(适体健，美赞臣)""","""""","""—""","""—""","""""","""1.25mg""","""—"""
"""—""","""—""","""15.0g""","""—""","""5.40mg""","""947""","""100%""","""95.0μg""","""45.0mg""","""59mg""","""—""","""45.0μg""","""0.41mg""","""—""","""721mg""","""""","""商品名：惠氏S26金装学儿乐奶粉。""","""2000kJ""","""4.10mg""","""495mg""","""75""","""17.0g""","""0.72mg""","""248.0mg""","""0.20mg""","""—""","""68.0g""","""—""","""450mg""","""5.6mg""","""儿童奶粉(惠氏)""","""""","""—""","""—""","""""","""—""","""—"""
"""—""","""—""","""17.0g""","""—""","""6.00mg""","""948""","""100%""","""100.0μg""","""40.0mg""","""40mg""","""—""","""—""","""0.60mg""","""—""","""—""","""""","""商品名：可淇成长奶粉。""","""1972kJ""","""3.50mg""","""850mg""","""75""","""17.0g""","""0.60mg""","""—""","""—""","""4.0g""","""62.0g""","""—""","""425mg""","""9.0mg""","""儿童奶粉(可淇牌)""","""""","""—""","""—""","""""","""—""","""—"""
"""31.6%""","""13.3%""","""17.5g""","""—""","""12.20mg""","""949""","""100%""","""—""","""65.0mg""","""47mg""","""5.10μg""","""—""","""1.33mg""","""97.0%""","""1261mg""","""""","""商品名：三鹿助长奶粉。""","""1941kJ""","""7.80mg""","""756mg""","""75""","""18.3g""","""1.71mg""","""115.7mg""","""0.05mg""","""2.9g""","""57.8g""","""—""","""469mg""","""10.2mg""","""儿童奶粉(三鹿牌)""","""""","""37mg""","""3.5g""","""""","""0.12mg""","""51.5%"""
"""31.1%""","""15.1%""","""18.0g""","""—""","""6.00mg""","""950""","""100%""","""—""","""40.0mg""","""78mg""","""—""","""—""","""0.40mg""","""100.1%""","""800mg""","""""","""商品名：完达山3段配方奶粉。""","""2060kJ""","""3.60mg""","""800mg""","""75""","""17.0g""","""0.80mg""","""300.0mg""","""0.34mg""","""—""","""65.0g""","""—""","""550mg""","""8.0mg""","""儿童奶粉(完达山牌)""","""""","""—""","""—""","""""","""0.03mg""","""53.9%"""
"""—""","""—""","""6.8g""","""—""","""5.30mg""","""951""","""100%""","""85.0μg""","""102.0mg""","""130mg""","""—""","""53.0μg""","""0.65mg""","""—""","""772mg""","""""","""商品名：爱儿乐妈妈孕妇乳母奶粉（香草味）""","""1836kJ""","""7.70mg""","""407mg""","""75""","""16.0g""","""0.81mg""","""346.0mg""","""0.49mg""","""—""","""77.2g""","""—""","""386mg""","""8.1mg""","""孕妇乳母奶粉(惠氏)""","""""","""—""","""—""","""""","""0.81mg""","""—"""
"""—""","""—""","""3.9g""","""—""","""15.00mg""","""952""","""100%""","""—""","""24.0mg""","""75mg""","""—""","""60.0μg""","""0.67mg""","""—""","""1000mg""","""""","""商品名：安婴妈妈孕妇及授乳妇女营养奶粉""","""1778kJ""","""8.00mg""","""1700mg""","""75""","""23.3g""","""0.80mg""","""360.0mg""","""—""","""—""","""72.8g""","""—""","""650mg""","""7.1mg""","""孕妇乳母奶粉(美赞臣)""","""""","""—""","""—""","""""","""—""","""—"""
"""—""","""—""","""12.0g""","""—""","""6.00mg""","""953""","""100%""","""—""","""40.0mg""","""—""","""21.00μg""","""—""","""0.55mg""","""—""","""—""","""""","""""","""1872kJ""","""—""","""1000mg""","""75""","""18.0g""","""1.00mg""","""—""","""—""","""4.0g""","""66.0g""","""—""","""500mg""","""9.0mg""","""中老年奶粉(可淇牌)""","""""","""—""","""—""","""""","""—""","""—"""
"""—""","""—""","""14.4g""","""—""","""—""","""954""","""100%""","""—""","""—""","""100mg""","""—""","""—""","""0.23mg""","""—""","""1390mg""","""""","""""","""1864kJ""","""—""","""1740mg""","""75""","""30.0g""","""1.40mg""","""410.0mg""","""—""","""—""","""48.3g""","""—""","""890mg""","""—""","""中老年奶粉(雀巢)""","""""","""—""","""7.3g""","""""","""—""","""—"""
"""22.5%""","""Tr""","""5.8g""","""—""","""9.30mg""","""955""","""100%""","""—""","""45.8mg""","""78mg""","""21.50μg""","""54.2μg""","""1.33mg""","""85.4%""","""2526mg""","""""","""""","""1707kJ""","""5.90mg""","""1148mg""","""75""","""25.2g""","""1.71mg""","""175.4mg""","""0.13mg""","""2.9g""","""62.6g""","""—""","""774mg""","""9.2mg""","""中老年奶粉(三鹿牌)""","""""","""41mg""","""3.5g""","""""","""0.02mg""","""62.1%"""
"""—""","""—""","""10.0g""","""—""","""4.00mg""","""956""","""100%""","""100.0μg""","""60.0mg""","""75mg""","""—""","""60.0μg""","""1.00mg""","""—""","""—""","""""","""""","""1764kJ""","""16.60mg""","""800mg""","""75""","""22.0g""","""1.00mg""","""—""","""—""","""3.0g""","""60.0g""","""—""","""630mg""","""7.0mg""","""中老年奶粉(森永牌)""","""""","""—""","""5.0g""","""""","""—""","""—"""
"""30.5%""","""4.5%""","""25.2g""","""""","""""","""957""","""100%""","""""","""""","""""","""""","""""","""0.06mg""","""95.3%""","""""","""""","""""","""2085kJ""","""0.90mg""","""""","""75""","""18.8g""","""1.60mg""","""""","""""","""1.4g""","""49.0g""","""—""","""""","""""","""奶粉(全脂羊乳粉)""","""""","""75mg""","""5.6g""","""""","""""","""58.8%"""
"""34.5%""","""5.7%""","""2.7g""","""26.0μg""","""0.53mg""","""958""","""100%""","""""","""1.0mg""","""12mg""","""1.70μg""","""""","""0.03mg""","""97.3%""","""150mg""","""""","""""","""301kJ""","""0.20mg""","""118mg""","""76""","""2.5g""","""0.15mg""","""39.8mg""","""0.03mg""","""84.7g""","""9.3g""","""—""","""85mg""","""0.4mg""","""乳品（酸奶，均值)""","""""","""15mg""","""0.8g""","""""","""0.02mg""","""57.0%"""
"""34.5%""","""5.7%""","""0.4g""","""0μg""","""1mg""","""959""","""100%""","""1μg""","""1.0mg""","""10mg""","""1.50μg""","""""","""0.02mg""","""97.2%""","""156mg""","""0g""","""""","""241kJ""","""0.10mg""","""146mg""","""76""","""3.3g""","""0.10mg""","""28mg""","""0.01mg""","""85.5g""","""10.0g""","""0mg""","""91mg""","""0.1mg""","""酸奶(脱脂)""","""""","""18mg""","""0.8g""","""86μg""","""0.02mg""","""57.0%"""
"""16.2%""","""Tr""","""3.2g""","""—""","""0.63mg""","""960""","""100%""","""—""","""Tr""","""12mg""","""1.40μg""","""—""","""0.03mg""","""99.8%""","""272mg""","""""","""商品名：酸奶小超人。""","""372kJ""","""0.06mg""","""160mg""","""76""","""3.0g""","""0.14mg""","""69.6mg""","""0.01mg""","""81.2g""","""11.9g""","""—""","""168mg""","""1.6mg""","""酸奶(调味)""","""""","""—""","""0.7g""","""""","""0.03mg""","""83.6%"""
"""19.7%""","""Tr""","""2.9g""","""—""","""0.39mg""","""961""","""100%""","""—""","""1.0mg""","""8mg""","""1.20μg""","""—""","""0.03mg""","""100.0%""","""241mg""","""0.10g""","""商品名：果粒酸奶。""","""411kJ""","""0.08mg""","""61mg""","""76""","""3.3g""","""0.18mg""","""53.8mg""","""0.01mg""","""78.5g""","""14.6g""","""—""","""103mg""","""0.1mg""","""酸奶(果粒)""","""""","""—""","""0.7g""","""""","""0.02mg""","""80.3%"""
"""33.5%""","""8.4%""","""24g""","""152.0μg""","""7mg""","""962""","""100%""","""4μg""","""0mg""","""57mg""","""2μg""","""""","""0.06mg""","""99.9%""","""75mg""","""0g""","""""","""1372kJ""","""1mg""","""799mg""","""77""","""26g""","""1mg""","""585mg""","""0.13mg""","""43.5g""","""4g""","""1mg""","""326mg""","""2.4mg""","""奶酪[干酪]""","""""","""11mg""","""3.8g""","""44μg""","""0.16mg""","""58.0%"""
"""3.7%""","""1.1%""","""8g""","""0μg""","""2.48mg""","""963""","""100%""","""2μg""","""0mg""","""17mg""","""12μg""","""""","""0.01mg""","""93.5%""","""240mg""","""0g""","""""","""1287kJ""","""1mg""","""597mg""","""77""","""46.2g""","""1mg""","""90.2mg""","""0.34mg""","""31.9g""","""12.5g""","""0mg""","""657mg""","""3.1mg""","""奶豆腐(鲜)""","""""","""36mg""","""1.6g""","""32μg""","""0.09mg""","""88.2%"""
"""—""","""—""","""20.2g""","""220.0μg""","""0.90mg""","""964""","""100%""","""33.0μg""","""""","""20mg""","""""","""""","""0.04mg""","""—""","""95mg""","""""","""""","""1144kJ""","""0.20mg""","""360mg""","""77""","""15.6g""","""0.21mg""","""1440.0mg""","""0.07mg""","""56.5g""","""7.7g""","""—""","""280mg""","""0.2mg""","""乳酪（羊乳酪）""","""""","""70mg""","""""","""""","""""","""—"""
"""23.9%""","""2.6%""","""28.4g""","""290.0μg""","""2.35mg""","""965""","""100%""","""—""","""Tr""","""20mg""","""5.10μg""","""—""","""0.07mg""","""99.8%""","""315mg""","""0.00g""","""""","""1442kJ""","""Tr""","""445mg""","""77""","""16.5g""","""0.45mg""","""1598.0mg""","""0.02mg""","""43.0g""","""6.5g""","""0.00mg""","""389mg""","""0.2mg""","""奶酪(光明牌)""","""""","""—""","""5.6g""","""""","""0.01mg""","""73.2%"""
"""—""","""—""","""25.4g""","""55.0μg""","""5.03mg""","""966""","""100%""","""—""","""Tr""","""35mg""","""—""","""11.0μg""","""0.19mg""","""—""","""42mg""","""0.00g""","""""","""1608kJ""","""0.05mg""","""796mg""","""77""","""23.0g""","""0.30mg""","""531.8mg""","""0.06mg""","""31.7g""","""16.3g""","""—""","""307mg""","""2.2mg""","""奶酪(骑士牌)""","""""","""—""","""3.6g""","""""","""0.10mg""","""—"""
"""13.1%""","""Tr""","""11.6g""","""119.0μg""","""3.41mg""","""967""","""100%""","""—""","""Tr""","""29mg""","""6.80μg""","""—""","""0.06mg""","""99.6%""","""368mg""","""0.00g""","""""","""1011kJ""","""Tr""","""522mg""","""77""","""21.6g""","""0.49mg""","""1684.8mg""","""0.03mg""","""48.0g""","""12.6g""","""0.00mg""","""606mg""","""0.2mg""","""低脂奶酪""","""""","""37mg""","""6.2g""","""""","""0.02mg""","""86.5%"""
"""—""","""—""","""34.5g""","""—""","""4.10mg""","""968""","""100%""","""215.0μg""","""Tr""","""29mg""","""6.00μg""","""30.0μg""","""0.03mg""","""—""","""76mg""","""0.00g""","""""","""1756kJ""","""0.10mg""","""731mg""","""77""","""24.9g""","""0.41mg""","""687.0mg""","""0.05mg""","""37.3g""","""3.3g""","""—""","""500mg""","""0.3mg""","""硬质干酪""","""""","""100mg""","""—""","""""","""Tr""","""—"""
"""34.2%""","""19.0%""","""97.0g""","""297.0μg""","""0.09mg""","""969""","""100%""","""""","""""","""2mg""","""0.70μg""","""""","""""","""88.6%""","""226mg""","""""","""""","""3616kJ""","""0.00mg""","""14mg""","""78""","""0.7g""","""0.01mg""","""268.0mg""","""0.42mg""","""0.7g""","""0.9g""","""—""","""11mg""","""1.0mg""","""乳品（奶油）""","""""","""209mg""","""0.7g""","""""","""""","""35.3%"""
"""36.7%""","""5.5%""","""98.0g""","""0μg""","""0.11mg""","""970""","""100%""","""0μg""","""0mg""","""7mg""","""2μg""","""""","""0mg""","""99.1%""","""39mg""","""0g""","""""","""3715kJ""","""0mg""","""35mg""","""78""","""1.4g""","""0.02mg""","""40.3mg""","""0.01mg""","""0.5g""","""0.0g""","""0mg""","""8mg""","""1mg""","""黄油""","""""","""296mg""","""0.1g""","""0μg""","""0.05mg""","""56.2%"""
"""34.0%""","""11.3%""","""94.4g""","""426.0μg""","""0.12mg""","""971""","""100%""","""0μg""","""0mg""","""2mg""","""1μg""","""""","""0mg""","""96.8%""","""188mg""","""0g""","""""","""3598kJ""","""0mg""","""128mg""","""78""","""2g""","""0.01mg""","""73.0mg""","""0.18mg""","""2.5g""","""1.1g""","""2mg""","""9mg""","""0.4mg""","""酥油""","""""","""227mg""","""0.5g""","""2μg""","""0mg""","""51.5%"""
"""33.5%""","""5.3%""","""9g""","""41.0μg""","""2mg""","""972""","""100%""","""2μg""","""2.0mg""","""24mg""","""3.30μg""","""""","""0.03mg""","""101.2%""","""309mg""","""0g""","""""","""1400kJ""","""0.30mg""","""242mg""","""79""","""8.0g""","""0.16mg""","""212mg""","""0.04mg""","""26.2g""","""55.4g""","""0mg""","""200mg""","""0.4mg""","""炼乳(甜，罐头)""","""""","""36mg""","""1.7g""","""26μg""","""0.04mg""","""62.4%"""
"""—""","""—""","""43g""","""0μg""","""2.22mg""","""973""","""100%""","""2μg""","""0mg""","""28mg""","""5μg""","""""","""0.02mg""","""—""","""4mg""","""0g""","""""","""1925kJ""","""0.20mg""","""818mg""","""79""","""12.2g""","""0.23mg""","""2.3mg""","""0.10mg""","""36.9g""","""6.3g""","""0mg""","""308mg""","""1.3mg""","""奶皮子""","""""","""78mg""","""1.7g""","""37μg""","""0.02mg""","""—"""
"""—""","""—""","""20.2g""","""75.0μg""","""3.00mg""","""974""","""100%""","""4μg""","""5.0mg""","""32mg""","""12.10μg""","""""","""0.05mg""","""—""","""356mg""","""0g""","""""","""1982kJ""","""2mg""","""269mg""","""79""","""13.3g""","""0.20mg""","""180mg""","""0.06mg""","""3.7g""","""59.3g""","""0mg""","""427mg""","""2mg""","""奶片""","""""","""65mg""","""3.5g""","""4μg""","""0mg""","""—"""
"""33.9%""","""4.0%""","""10.0g""","""105.0μg""","""1.04mg""","""975""","""100%""","""—""","""Tr""","""21mg""","""18.70μg""","""13.7μg""","""0.07mg""","""100.0%""","""308mg""","""0.00g""","""商品名：鹰唛炼乳""","""1601kJ""","""0.21mg""","""334mg""","""79""","""7.5g""","""0.41mg""","""88.6mg""","""0.12mg""","""15.9g""","""64.9g""","""0.30mg""","""243mg""","""0.2mg""","""全脂甜炼乳(雀巢)""","""""","""7mg""","""1.7g""","""""","""0.06mg""","""62.1%"""
"""39.3%""","""6.7%""","""10.0g""","""68.0μg""","""1.15mg""","""976""","""100%""","""—""","""Tr""","""23mg""","""7.90μg""","""8.9μg""","""0.08mg""","""100.0%""","""428mg""","""0.00g""","""""","""1577kJ""","""0.22mg""","""317mg""","""79""","""8.2g""","""0.32mg""","""103.9mg""","""0.03mg""","""17.1g""","""62.8g""","""0.00mg""","""246mg""","""0.2mg""","""全脂甜炼乳(燕山牌)""","""""","""3mg""","""1.9g""","""""","""0.05mg""","""54.0%"""
"""—""","""—""","""0.2g""","""0.0μg""","""—""","""977""","""100%""","""0.0μg""","""2.0mg""","""—""","""—""","""—""","""0.10mg""","""—""","""520mg""","""0.00g""","""""","""1169kJ""","""0.20mg""","""330mg""","""79""","""10.3g""","""0.50mg""","""180.0mg""","""—""","""29.0g""","""58.0g""","""—""","""300mg""","""0.3mg""","""脱脂甜炼乳""","""""","""—""","""2.5g""","""""","""—""","""—"""
"""—""","""—""","""8.8g""","""234.0μg""","""1.10mg""","""978""","""88%""","""""","""""","""10mg""","""14.30μg""","""""","""0.11mg""","""—""","""154mg""","""""","""""","""599kJ""","""0.20mg""","""56mg""","""80""","""13.3g""","""0.27mg""","""131.5mg""","""0.15mg""","""74.1g""","""2.8g""","""—""","""130mg""","""2.0mg""","""蛋（鸡蛋，均值)""","""""","""585mg""","""1.0g""","""""","""0.04mg""","""—"""
"""45.9%""","""15.6%""","""9.0g""","""310.0μg""","""1.00mg""","""979""","""87%""","""1μg""","""0mg""","""14mg""","""17μg""","""""","""0.09mg""","""97.8%""","""98mg""","""0g""","""""","""577kJ""","""0.20mg""","""48mg""","""80""","""13g""","""0.31mg""","""95mg""","""0.06mg""","""75.8g""","""2g""","""1mg""","""176mg""","""2.0mg""","""鸡蛋(白皮)""","""""","""585mg""","""1.0g""","""76μg""","""0.03mg""","""36.1%"""
"""45.9%""","""15.6%""","""11.1g""","""194.0μg""","""1.01mg""","""980""","""88%""","""1μg""","""0mg""","""11mg""","""15.00μg""","""""","""0.13mg""","""97.8%""","""121mg""","""0g""","""""","""653kJ""","""0.20mg""","""44mg""","""80""","""13g""","""0.32mg""","""126mg""","""0.07mg""","""73.8g""","""1.3g""","""2mg""","""182mg""","""2.3mg""","""鸡蛋(红皮)""","""""","""585mg""","""1.0g""","""74μg""","""0.04mg""","""36.1%"""
"""15.0%""","""5.2%""","""6.4g""","""199.0μg""","""1.28mg""","""981""","""88%""","""1μg""","""0mg""","""5mg""","""12μg""","""""","""0.12mg""","""98.2%""","""244mg""","""0g""","""""","""577kJ""","""0mg""","""76mg""","""80""","""14.4g""","""0.19mg""","""174.0mg""","""0.32mg""","""72.6g""","""6g""","""1mg""","""33mg""","""2mg""","""鸡蛋(土鸡)""","""""","""1338mg""","""1.0g""","""73μg""","""0.06mg""","""78.0%"""
"""—""","""—""","""0.1g""","""0μg""","""0.02mg""","""982""","""100%""","""1μg""","""0mg""","""15mg""","""7.00μg""","""""","""0.04mg""","""—""","""132mg""","""0g""","""""","""254kJ""","""0.20mg""","""9mg""","""80""","""12g""","""0.31mg""","""79.4mg""","""0.05mg""","""84.4g""","""3.1g""","""0mg""","""18mg""","""2mg""","""鸡蛋白""","""""","""0mg""","""0.8g""","""84μg""","""0.02mg""","""—"""
"""42.5%""","""18.6%""","""0.1g""","""0μg""","""0.01mg""","""983""","""100%""","""1μg""","""0mg""","""10mg""","""3.00μg""","""""","""0mg""","""100.1%""","""109mg""","""0g""","""""","""187kJ""","""0.10mg""","""9mg""","""80""","""10g""","""0.31mg""","""165.1mg""","""0.01mg""","""88.4g""","""1.0g""","""0mg""","""17mg""","""0mg""","""鸡蛋白(乌骨鸡)""","""""","""0mg""","""0.7g""","""88μg""","""0.01mg""","""39.0%"""
"""—""","""—""","""28.2g""","""438.0μg""","""3.79mg""","""984""","""100%""","""""","""""","""41mg""","""27.00μg""","""""","""0.33mg""","""—""","""95mg""","""""","""""","""1360kJ""","""0.10mg""","""112mg""","""80""","""15.2g""","""0.29mg""","""54.9mg""","""0.28mg""","""51.5g""","""3.4g""","""—""","""240mg""","""6.5mg""","""蛋黄（鸡蛋黄）""","""""","""1510mg""","""1.7g""","""""","""0.06mg""","""—"""
"""47.9%""","""16.4%""","""20g""","""179.0μg""","""3.10mg""","""985""","""100%""","""1μg""","""0mg""","""16mg""","""23μg""","""""","""0.07mg""","""102.3%""","""105mg""","""0g""","""""","""1100kJ""","""0.10mg""","""107mg""","""80""","""15.2g""","""0.36mg""","""57.2mg""","""1mg""","""57.8g""","""6g""","""8mg""","""216mg""","""0.5mg""","""鸡蛋黄(乌骨鸡)""","""""","""2057mg""","""1.4g""","""58μg""","""0.04mg""","""38.0%"""
"""41.1%""","""5.9%""","""10.6g""","""310.0μg""","""2.73mg""","""986""","""83%""","""""","""""","""8mg""","""44.30μg""","""""","""0.02mg""","""93.3%""","""148mg""","""""","""""","""742kJ""","""0.20mg""","""26mg""","""80""","""14.8g""","""0.13mg""","""""","""0.12mg""","""66.4g""","""5.8g""","""—""","""263mg""","""3.9mg""","""蛋（松花蛋，鸡蛋)""","""""","""595mg""","""2.4g""","""""","""0.06mg""","""45.6%"""
"""—""","""—""","""13.2g""","""161.0μg""","""1.64mg""","""987""","""87%""","""—""","""—""","""—""","""29.00μg""","""—""","""0.04mg""","""—""","""66mg""","""""","""""","""730kJ""","""0.87mg""","""204mg""","""80""","""14.2g""","""0.65mg""","""75.8mg""","""—""","""72.3g""","""Tr""","""—""","""155mg""","""1.8mg""","""毛蛋""","""""","""—""","""1.2g""","""""","""—""","""—"""
"""—""","""—""","""15.0g""","""—""","""—""","""988""","""100%""","""—""","""0.0mg""","""—""","""—""","""—""","""0.06mg""","""—""","""132mg""","""0.00g""","""""","""807kJ""","""0.10mg""","""55mg""","""80""","""13.5g""","""0.52mg""","""353.0mg""","""—""","""68.6g""","""1.3g""","""—""","""194mg""","""1.6mg""","""荷包蛋(油煎)""","""""","""—""","""1.6g""","""""","""—""","""—"""
"""—""","""—""","""11.7g""","""160.0μg""","""—""","""989""","""100%""","""21.0μg""","""0.0mg""","""—""","""—""","""—""","""0.06mg""","""—""","""100mg""","""0.00g""","""""","""645kJ""","""0.10mg""","""55mg""","""80""","""12.3g""","""0.40mg""","""110.0mg""","""—""","""74.9g""","""0.2g""","""—""","""200mg""","""2.2mg""","""荷包蛋(煮)""","""""","""—""","""0.9g""","""""","""—""","""—"""
"""51.7%""","""10.2%""","""13.0g""","""261.0μg""","""1.67mg""","""990""","""87%""","""""","""""","""13mg""","""15.70μg""","""""","""0.17mg""","""97.1%""","""135mg""","""""","""""","""748kJ""","""0.20mg""","""62mg""","""81""","""12.6g""","""0.35mg""","""106.0mg""","""0.11mg""","""70.3g""","""3.1g""","""—""","""226mg""","""2.9mg""","""蛋（鸭蛋）""","""""","""565mg""","""1.0g""","""""","""0.04mg""","""34.9%"""
"""—""","""—""","""0g""","""23.0μg""","""0mg""","""991""","""100%""","""1μg""","""0mg""","""21mg""","""4.00μg""","""""","""0.01mg""","""—""","""84mg""","""0g""","""""","""199kJ""","""0.10mg""","""18mg""","""81""","""10g""","""0.07mg""","""71.2mg""","""0.08mg""","""87.7g""","""2g""","""0mg""","""0mg""","""0.1mg""","""鸭蛋白""","""""","""0mg""","""0.6g""","""88μg""","""0mg""","""—"""
"""56.9%""","""6.6%""","""34g""","""1980.0μg""","""3.09mg""","""992""","""100%""","""3μg""","""0mg""","""22mg""","""25.00μg""","""""","""0.28mg""","""93.4%""","""86mg""","""0g""","""""","""1582kJ""","""0mg""","""123mg""","""81""","""14.5g""","""1mg""","""30.1mg""","""0.16mg""","""44.9g""","""4.0g""","""13mg""","""55mg""","""5mg""","""鸭蛋黄""","""""","""1576mg""","""2.8g""","""45μg""","""0.10mg""","""27.7%"""
"""64.1%""","""1.4%""","""13.8g""","""116.0μg""","""0.25mg""","""993""","""87%""","""—""","""0.0mg""","""1mg""","""41.50μg""","""45.7μg""","""0.13mg""","""99.7%""","""119mg""","""0.00g""","""""","""1014kJ""","""Tr""","""118mg""","""81""","""12.7g""","""0.40mg""","""105.1mg""","""0.02mg""","""55.6g""","""16.9g""","""0.90mg""","""6mg""","""3.1mg""","""海鸭蛋""","""""","""—""","""1.0g""","""""","""0.06mg""","""34.2%"""
"""56.4%""","""13.0%""","""10.7g""","""215.0μg""","""1.48mg""","""994""","""90%""","""""","""""","""13mg""","""25.20μg""","""""","""0.06mg""","""100.6%""","""152mg""","""""","""""","""714kJ""","""0.10mg""","""63mg""","""81""","""14.2g""","""0.18mg""","""542.7mg""","""0.12mg""","""68.4g""","""4.5g""","""—""","""165mg""","""3.3mg""","""蛋（松花蛋，鸭蛋)[皮蛋]""","""""","""608mg""","""2.2g""","""""","""0.06mg""","""31.2%"""
"""51.7%""","""10.2%""","""13g""","""134.0μg""","""2mg""","""995""","""88%""","""7μg""","""0mg""","""30mg""","""24.00μg""","""""","""0.16mg""","""97.1%""","""184mg""","""0g""","""""","""795kJ""","""0.10mg""","""118mg""","""81""","""13g""","""0.33mg""","""2706.1mg""","""0.14mg""","""61.3g""","""6.3g""","""6mg""","""231mg""","""4mg""","""咸鸭蛋""","""""","""647mg""","""7.0g""","""61μg""","""0.10mg""","""34.9%"""
"""62.6%""","""Tr""","""13.5g""","""56.0μg""","""1.50mg""","""996""","""84%""","""—""","""0.0mg""","""22mg""","""32.80μg""","""30.0μg""","""0.15mg""","""99.9%""","""226mg""","""0.00g""","""""","""734kJ""","""0.04mg""","""52mg""","""81""","""13.8g""","""0.28mg""","""1131.0mg""","""0.20mg""","""70.0g""","""Tr""","""2.18mg""","""212mg""","""2.1mg""","""咸鸭蛋(煮)""","""""","""—""","""4.2g""","""""","""0.07mg""","""37.3%"""
"""55.8%""","""7.6%""","""15.6g""","""192.0μg""","""1.43mg""","""997""","""87%""","""""","""""","""12mg""","""27.20μg""","""""","""0.08mg""","""98.6%""","""74mg""","""""","""""","""814kJ""","""0.40mg""","""34mg""","""82""","""11.1g""","""0.30mg""","""90.6mg""","""0.09mg""","""69.3g""","""2.8g""","""—""","""130mg""","""4.1mg""","""蛋（鹅蛋）""","""""","""704mg""","""1.2g""","""""","""0.04mg""","""35.0%"""
"""—""","""—""","""0g""","""7.0μg""","""0.10mg""","""998""","""100%""","""1μg""","""0mg""","""9mg""","""8.00μg""","""""","""0.03mg""","""—""","""36mg""","""0g""","""""","""206kJ""","""0.30mg""","""4mg""","""82""","""9g""","""0.04mg""","""77.3mg""","""0.05mg""","""87.2g""","""3.2g""","""0mg""","""11mg""","""3mg""","""鹅蛋白""","""""","""0mg""","""0.7g""","""87μg""","""0mg""","""—"""
"""57.7%""","""7.8%""","""26.4g""","""1977.0μg""","""1.59mg""","""999""","""100%""","""""","""""","""10mg""","""26.00μg""","""""","""0.06mg""","""98.7%""","""""","""""","""""","""1346kJ""","""0.60mg""","""13mg""","""82""","""15.5g""","""0.59mg""","""24.4mg""","""0.25mg""","""50.1g""","""6.2g""","""—""","""51mg""","""2.8mg""","""蛋黄（鹅蛋黄）""","""""","""1696mg""","""1.8g""","""""","""""","""32.8%"""
"""—""","""—""","""13.6g""","""171.0μg""","""—""","""1000""","""85%""","""18.0μg""","""0.0mg""","""—""","""—""","""—""","""0.06mg""","""—""","""76mg""","""0.00g""","""""","""736kJ""","""0.10mg""","""41mg""","""82""","""12.7g""","""0.32mg""","""45.0mg""","""—""","""71.9g""","""1.0g""","""—""","""70mg""","""2.5mg""","""鹅蛋(煮)""","""""","""—""","""0.8g""","""""","""—""","""—"""
"""44.1%""","""11.1%""","""11.1g""","""337.0μg""","""1.61mg""","""1001""","""86%""","""""","""""","""11mg""","""25.50μg""","""""","""0.11mg""","""99.4%""","""138mg""","""""","""""","""664kJ""","""0.10mg""","""47mg""","""83""","""12.8g""","""0.49mg""","""106.6mg""","""0.09mg""","""73.0g""","""2.1g""","""—""","""180mg""","""3.2mg""","""蛋（鹌鹑蛋）""","""""","""515mg""","""1.0g""","""""","""0.04mg""","""44.1%"""
"""3.9%""","""15.6%""","""3.3g""","""11.0μg""","""3.22mg""","""1002""","""59%""","""2μg""","""0mg""","""13mg""","""12.00μg""","""""","""0mg""","""95.7%""","""331mg""","""0g""","""""","""432kJ""","""2mg""","""58mg""","""84""","""17g""","""0.07mg""","""68.0mg""","""0.16mg""","""76.8g""","""2g""","""1mg""","""224mg""","""2mg""","""白条鱼(裸鱼)""","""""","""129mg""","""1.7g""","""77μg""","""0.03mg""","""76.2%"""
"""39.4%""","""23.6%""","""5.2g""","""11.0μg""","""1mg""","""1003""","""58%""","""1μg""","""0mg""","""31mg""","""7μg""","""""","""0.04mg""","""90.2%""","""312mg""","""0g""","""""","""475kJ""","""3mg""","""38mg""","""84""","""17g""","""0.11mg""","""46.0mg""","""0.05mg""","""77.3g""","""Tr""","""2mg""","""203mg""","""1mg""","""草鱼[白鲩，草包鱼]""","""""","""86mg""","""1.1g""","""77μg""","""0.05mg""","""26.8%"""
"""—""","""—""","""4.1g""","""12.0μg""","""1mg""","""1004""","""59%""","""1μg""","""0mg""","""2mg""","""79μg""","""""","""0.02mg""","""—""","""291mg""","""0g""","""""","""459kJ""","""5mg""","""59mg""","""84""","""18.1g""","""0.08mg""","""87.0mg""","""0.02mg""","""76.5g""","""Tr""","""2mg""","""186mg""","""6.4mg""","""赤眼鳟[金目鱼]""","""""","""76mg""","""1.3g""","""76μg""","""1mg""","""—"""
"""52.7%""","""4.8%""","""4.3g""","""11.0μg""","""1mg""","""1005""","""54%""","""1μg""","""0mg""","""23mg""","""21.50μg""","""""","""0.02mg""","""99.6%""","""194mg""","""0g""","""""","""477kJ""","""1.30mg""","""139mg""","""84""","""18g""","""0.07mg""","""158.4mg""","""0.06mg""","""76.0g""","""1.2g""","""1mg""","""109mg""","""0.2mg""","""感鱼[猴鱼]""","""""","""58mg""","""1.0g""","""76μg""","""0.03mg""","""42.1%"""
"""46.5%""","""16.8%""","""8.0g""","""8.0μg""","""1mg""","""1006""","""50%""","""1μg""","""0mg""","""20mg""","""34.20μg""","""""","""0.05mg""","""96.3%""","""78mg""","""0g""","""""","""611kJ""","""4.30mg""","""18mg""","""84""","""15.4g""","""0.11mg""","""46mg""","""0.04mg""","""72.6g""","""3.1g""","""0mg""","""129mg""","""1mg""","""胡子鲇[塘虱(鱼)]""","""""","""53mg""","""0.9g""","""73μg""","""0.02mg""","""32.8%"""
"""54.2%""","""15.8%""","""3g""","""0μg""","""1.48mg""","""1007""","""52%""","""1μg""","""0mg""","""19mg""","""16.10μg""","""""","""0.01mg""","""99.2%""","""202mg""","""0g""","""""","""523kJ""","""4mg""","""59mg""","""84""","""18g""","""0.06mg""","""250.4mg""","""0.08mg""","""71.6g""","""7.1g""","""1mg""","""166mg""","""6.4mg""","""黄颡鱼[戈牙鱼，黄鳍鱼]""","""""","""90mg""","""0.8g""","""72μg""","""0.10mg""","""29.2%"""
"""44.4%""","""16.0%""","""1.4g""","""50.0μg""","""1.97mg""","""1008""","""67%""","""""","""""","""18mg""","""34.60μg""","""""","""0.06mg""","""91.9%""","""263mg""","""""","""""","""378kJ""","""3.70mg""","""42mg""","""84""","""18.0g""","""0.98mg""","""70.2mg""","""0.05mg""","""78.0g""","""1.2g""","""—""","""206mg""","""2.5mg""","""鱼（黄鳝）[鳝鱼]""","""""","""126mg""","""1.4g""","""""","""2.22mg""","""31.4%"""
"""36.7%""","""27.8%""","""1g""","""0μg""","""2mg""","""1009""","""88%""","""1μg""","""0mg""","""0mg""","""36.40μg""","""""","""0.04mg""","""89.9%""","""278mg""","""0g""","""""","""291kJ""","""2mg""","""57mg""","""84""","""15.4g""","""2.08mg""","""131.0mg""","""0.02mg""","""83.2g""","""Tr""","""1mg""","""81mg""","""3mg""","""黄鳝丝""","""""","""77mg""","""0.6g""","""83μg""","""8.25mg""","""25.3%"""
"""—""","""—""","""3.3g""","""0μg""","""1.32mg""","""1010""","""80%""","""1μg""","""0mg""","""14mg""","""0μg""","""""","""0.05mg""","""—""","""375mg""","""0g""","""""","""578kJ""","""0mg""","""27mg""","""84""","""23g""","""0.02mg""","""48.3mg""","""0.06mg""","""68.6g""","""4.1g""","""0mg""","""192mg""","""1mg""","""尖嘴白""","""""","""73mg""","""1.3g""","""69μg""","""0.04mg""","""—"""
"""—""","""—""","""4.2g""","""0μg""","""2mg""","""1011""","""56%""","""1μg""","""0mg""","""26mg""","""0μg""","""""","""0.01mg""","""—""","""270mg""","""0g""","""""","""565kJ""","""2.40mg""","""103mg""","""84""","""20g""","""0.04mg""","""48mg""","""0.05mg""","""70.3g""","""4.5g""","""0mg""","""247mg""","""2.0mg""","""口头鱼""","""""","""0mg""","""1.4g""","""70μg""","""0mg""","""—"""
"""45.7%""","""20.6%""","""4.1g""","""25.0μg""","""2.08mg""","""1012""","""54%""","""1μg""","""0mg""","""33mg""","""15.40μg""","""""","""0.03mg""","""94.4%""","""334mg""","""0g""","""""","""459kJ""","""3mg""","""50mg""","""84""","""18g""","""0.09mg""","""54mg""","""0.06mg""","""76.7g""","""0.5g""","""1mg""","""204mg""","""1.0mg""","""鲤鱼[鲤拐子]""","""""","""84mg""","""1.1g""","""77μg""","""0.05mg""","""27.9%"""
"""39.8%""","""13.7%""","""2g""","""0μg""","""1mg""","""1013""","""55%""","""1μg""","""0mg""","""36mg""","""23μg""","""""","""0.11mg""","""99.9%""","""289mg""","""0g""","""""","""416kJ""","""3.30mg""","""12mg""","""84""","""18.4g""","""0.17mg""","""20mg""","""0.05mg""","""76.0g""","""3g""","""2mg""","""161mg""","""1mg""","""罗非鱼""","""""","""78mg""","""1.3g""","""76μg""","""0.09mg""","""46.4%"""
"""34.3%""","""11.0%""","""4.2g""","""42.0μg""","""1mg""","""1014""","""63%""","""2μg""","""0mg""","""32mg""","""38μg""","""""","""0.03mg""","""85.4%""","""325mg""","""0g""","""""","""497kJ""","""3mg""","""31mg""","""84""","""20.1g""","""0.07mg""","""47.4mg""","""0.06mg""","""73.9g""","""Tr""","""1mg""","""184mg""","""1mg""","""青鱼[青皮鱼，青鳞鱼，青混]""","""""","""108mg""","""2.4g""","""74μg""","""0.04mg""","""39.5%"""
"""29.2%""","""27.4%""","""1.2g""","""26.0μg""","""1mg""","""1015""","""57%""","""2μg""","""0mg""","""33mg""","""25μg""","""""","""0.02mg""","""88.4%""","""313mg""","""0g""","""""","""359kJ""","""2.50mg""","""152mg""","""84""","""18.5g""","""0.14mg""","""49mg""","""0.05mg""","""78.7g""","""Tr""","""1mg""","""232mg""","""1mg""","""乌鳢[黑鱼，石斑鱼，生鱼]""","""""","""91mg""","""1.6g""","""79μg""","""0.06mg""","""31.7%"""
"""29.9%""","""41.1%""","""4.0g""","""""","""0.16mg""","""1016""","""100%""","""""","""""","""25mg""","""9.50μg""","""""","""0.03mg""","""98.4%""","""246mg""","""""","""""","""440kJ""","""0.20mg""","""46mg""","""84""","""17.2g""","""0.05mg""","""8.6mg""","""""","""76.2g""","""Tr""","""—""","""22mg""","""0.9mg""","""鱼（银鱼）[面条鱼]""","""""","""361mg""","""2.6g""","""""","""0.07mg""","""27.3%"""
"""23.4%""","""14.7%""","""3.2g""","""10.0μg""","""1.28mg""","""1017""","""56%""","""2μg""","""0mg""","""15mg""","""24.10μg""","""""","""0mg""","""92.9%""","""372mg""","""0g""","""""","""523kJ""","""3mg""","""42mg""","""84""","""17.1g""","""0.05mg""","""42.0mg""","""0.19mg""","""71.3g""","""7g""","""1mg""","""229mg""","""1.2mg""","""湟鱼(裸鲤鱼)""","""""","""98mg""","""1.7g""","""71μg""","""0.04mg""","""54.8%"""
"""42.5%""","""17.3%""","""4g""","""0μg""","""1mg""","""1018""","""65%""","""1μg""","""0mg""","""22mg""","""27.50μg""","""""","""0.03mg""","""91.2%""","""351mg""","""0g""","""""","""431kJ""","""2.50mg""","""42mg""","""84""","""17.3g""","""0.10mg""","""50mg""","""0.09mg""","""78.0g""","""Tr""","""1mg""","""195mg""","""2.1mg""","""鲇鱼[胡子鲇，鲢胡，旺虾]""","""""","""163mg""","""1.1g""","""78μg""","""0.03mg""","""31.2%"""
"""65.1%""","""8.7%""","""6.1g""","""0μg""","""0mg""","""1019""","""63%""","""2μg""","""0mg""","""0mg""","""25μg""","""""","""0.01mg""","""95.6%""","""0mg""","""0g""","""""","""491kJ""","""1mg""","""0mg""","""84""","""16g""","""0.25mg""","""64mg""","""0.02mg""","""76.7g""","""Tr""","""2mg""","""270mg""","""0mg""","""鲒花""","""""","""34mg""","""1.6g""","""77μg""","""0.16mg""","""21.8%"""
"""39.0%""","""18.3%""","""4g""","""20.0μg""","""1.17mg""","""1020""","""61%""","""1μg""","""0mg""","""23mg""","""16μg""","""""","""0.03mg""","""88.9%""","""277mg""","""0g""","""""","""436kJ""","""2.50mg""","""53mg""","""84""","""18g""","""0.07mg""","""58mg""","""0.06mg""","""77.4g""","""Tr""","""1mg""","""190mg""","""1.4mg""","""鲢鱼[白鲢，胖子，连子鱼]""","""""","""99mg""","""1.2g""","""77μg""","""0.09mg""","""31.4%"""
"""43.1%""","""25.2%""","""3g""","""17.0μg""","""2mg""","""1021""","""54%""","""1μg""","""0mg""","""41mg""","""14.30μg""","""""","""0.04mg""","""97.2%""","""290mg""","""0g""","""""","""455kJ""","""2.50mg""","""79mg""","""84""","""17.1g""","""0.09mg""","""41.2mg""","""0.08mg""","""75.4g""","""4g""","""1mg""","""193mg""","""1.3mg""","""鲫鱼[喜头鱼，海附鱼]""","""""","""130mg""","""1.0g""","""75μg""","""0.06mg""","""28.9%"""
"""32.5%""","""28.6%""","""2.1g""","""125.0μg""","""1mg""","""1022""","""57%""","""1μg""","""0mg""","""22mg""","""48.10μg""","""""","""0.01mg""","""95.7%""","""317mg""","""0g""","""""","""402kJ""","""3.00mg""","""31mg""","""84""","""18.4g""","""0.04mg""","""40.1mg""","""0.04mg""","""77.7g""","""1g""","""2mg""","""176mg""","""1mg""","""鲮鱼[雪鲮]""","""""","""86mg""","""1.1g""","""78μg""","""0.02mg""","""34.5%"""
"""44.9%""","""18.9%""","""6.3g""","""28.0μg""","""1mg""","""1023""","""59%""","""1μg""","""0mg""","""17mg""","""12μg""","""""","""0.02mg""","""90.2%""","""215mg""","""0g""","""""","""565kJ""","""2mg""","""89mg""","""84""","""18.3g""","""0.07mg""","""41.1mg""","""0.07mg""","""73.1g""","""1.2g""","""1mg""","""188mg""","""1mg""","""鳊鱼[鲂鱼，武昌鱼]""","""""","""94mg""","""1.1g""","""73μg""","""0.05mg""","""26.0%"""
"""41.6%""","""18.2%""","""11g""","""0μg""","""1.15mg""","""1024""","""84%""","""1μg""","""0mg""","""34mg""","""34μg""","""""","""0.02mg""","""93.8%""","""207mg""","""0g""","""""","""757kJ""","""4mg""","""42mg""","""84""","""19g""","""0.02mg""","""59mg""","""0.18mg""","""67.1g""","""2.3g""","""4mg""","""248mg""","""2mg""","""鳗鲡[鳗鱼，河鳗]""","""""","""177mg""","""1.2g""","""67μg""","""0mg""","""33.7%"""
"""37.4%""","""20.7%""","""2.2g""","""34.0μg""","""1mg""","""1025""","""61%""","""1μg""","""0mg""","""26mg""","""19.50μg""","""""","""0.04mg""","""91.6%""","""229mg""","""0g""","""""","""421kJ""","""3mg""","""82mg""","""84""","""15.3g""","""0.11mg""","""61mg""","""0.07mg""","""76.5g""","""5g""","""3mg""","""180mg""","""1mg""","""鳙鱼[胖头鱼，摆佳鱼，花鲢鱼]""","""""","""112mg""","""1.3g""","""76μg""","""0.08mg""","""33.4%"""
"""39.5%""","""25.0%""","""4.2g""","""12.0μg""","""1.07mg""","""1026""","""61%""","""2μg""","""0mg""","""32mg""","""26.50μg""","""""","""0.02mg""","""95.1%""","""295mg""","""0g""","""""","""494kJ""","""6mg""","""63mg""","""84""","""20g""","""0.07mg""","""69mg""","""0.10mg""","""74.5g""","""Tr""","""1mg""","""217mg""","""1.0mg""","""鳜鱼[桂鱼，花鲫鱼]""","""""","""124mg""","""1.5g""","""74μg""","""0.03mg""","""30.5%"""
"""—""","""—""","""3g""","""206.0μg""","""4.30mg""","""1027""","""57%""","""2μg""","""0mg""","""45mg""","""20.40μg""","""""","""0.08mg""","""—""","""688mg""","""0g""","""""","""416kJ""","""0mg""","""34mg""","""84""","""19g""","""0mg""","""110.0mg""","""0.18mg""","""77.0g""","""0.2g""","""4mg""","""374mg""","""0mg""","""鳟鱼[红鳟鱼]""","""""","""102mg""","""1.6g""","""77μg""","""0.07mg""","""—"""
"""46.5%""","""15.6%""","""8.2g""","""0μg""","""1mg""","""1028""","""67%""","""1μg""","""0mg""","""28mg""","""21.00μg""","""""","""0.02mg""","""99.2%""","""382mg""","""0g""","""""","""628kJ""","""3.30mg""","""23mg""","""84""","""19.1g""","""0.08mg""","""153mg""","""0.04mg""","""71.5g""","""Tr""","""1mg""","""171mg""","""0.3mg""","""白姑鱼[白米子(鱼)]""","""""","""80mg""","""1.3g""","""72μg""","""0.02mg""","""37.1%"""
"""43.8%""","""24.6%""","""3.4g""","""1.0μg""","""1mg""","""1029""","""70%""","""1μg""","""0mg""","""30mg""","""25μg""","""""","""0.06mg""","""94.8%""","""215mg""","""0g""","""""","""522kJ""","""4mg""","""55mg""","""84""","""18.5g""","""0.11mg""","""82mg""","""0.11mg""","""72.0g""","""5g""","""0mg""","""191mg""","""2mg""","""参鱼[蓝圆参，边鱼]""","""""","""78mg""","""1.3g""","""72μg""","""0.05mg""","""26.3%"""
"""37.2%""","""12.8%""","""5g""","""29.0μg""","""1mg""","""1030""","""76%""","""1μg""","""0mg""","""43mg""","""37μg""","""""","""0.02mg""","""95.1%""","""280mg""","""0g""","""""","""535kJ""","""3mg""","""28mg""","""84""","""18g""","""0.06mg""","""150.1mg""","""0.08mg""","""73.3g""","""3.1g""","""1mg""","""191mg""","""1.2mg""","""带鱼[白带鱼，刀鱼]""","""""","""76mg""","""1.0g""","""73μg""","""0.17mg""","""44.9%"""
"""26.1%""","""29.7%""","""13g""","""5.0μg""","""1.20mg""","""1031""","""64%""","""1μg""","""0mg""","""46mg""","""80.40μg""","""""","""0.19mg""","""96.9%""","""228mg""","""0g""","""""","""799kJ""","""6.50mg""","""15mg""","""84""","""18g""","""0.12mg""","""65.0mg""","""0.07mg""","""66.9g""","""1.3g""","""0mg""","""324mg""","""2.2mg""","""堤鱼""","""""","""0mg""","""1.4g""","""67μg""","""0.03mg""","""40.8%"""
"""—""","""—""","""2.3g""","""11.0μg""","""1.10mg""","""1032""","""67%""","""2μg""","""0mg""","""51mg""","""29.50μg""","""""","""0.05mg""","""—""","""194mg""","""0g""","""""","""420kJ""","""4mg""","""95mg""","""84""","""17g""","""0.10mg""","""156.3mg""","""0.09mg""","""76.5g""","""3.0g""","""0mg""","""263mg""","""2.2mg""","""狗母鱼[大头狗母鱼]""","""""","""71mg""","""1.5g""","""76μg""","""0.02mg""","""—"""
"""—""","""—""","""14g""","""0μg""","""1mg""","""1033""","""60%""","""1μg""","""0mg""","""30mg""","""29μg""","""""","""0.02mg""","""—""","""133mg""","""0g""","""""","""862kJ""","""4.30mg""","""69mg""","""84""","""17.0g""","""0.02mg""","""16mg""","""0.19mg""","""64.3g""","""4g""","""1mg""","""193mg""","""2mg""","""海鲫鱼[九九鱼]""","""""","""70mg""","""1.4g""","""64μg""","""0.07mg""","""—"""
"""40.7%""","""23.4%""","""5.0g""","""22.0μg""","""1mg""","""1034""","""67%""","""1μg""","""0mg""","""27mg""","""26μg""","""""","""0.06mg""","""97.1%""","""266mg""","""0g""","""""","""513kJ""","""3.00mg""","""28mg""","""84""","""19g""","""0.07mg""","""96mg""","""0.07mg""","""74.6g""","""0.5g""","""2mg""","""159mg""","""1mg""","""海鳗[鲫勾]""","""""","""71mg""","""1.1g""","""75μg""","""0.03mg""","""32.9%"""
"""19.6%""","""37.8%""","""3g""","""6.0μg""","""3mg""","""1035""","""55%""","""1μg""","""0mg""","""45mg""","""59.40μg""","""""","""0.03mg""","""99.6%""","""308mg""","""0g""","""""","""442kJ""","""5mg""","""160mg""","""84""","""18.0g""","""0.07mg""","""164mg""","""0.22mg""","""76.1g""","""2g""","""1mg""","""297mg""","""1.2mg""","""红娘鱼[翼红娘鱼]""","""""","""120mg""","""1.2g""","""76μg""","""0.13mg""","""42.2%"""
"""46.6%""","""16.6%""","""7.0g""","""0μg""","""1mg""","""1036""","""63%""","""1μg""","""0mg""","""29mg""","""64μg""","""""","""0.04mg""","""95.2%""","""282mg""","""0g""","""""","""573kJ""","""4mg""","""94mg""","""84""","""18.4g""","""0.09mg""","""102mg""","""0.06mg""","""74.0g""","""Tr""","""1mg""","""196mg""","""1mg""","""黄姑鱼[黄婆鸡(鱼)]""","""""","""166mg""","""1.4g""","""74μg""","""0.04mg""","""31.8%"""
"""38.5%""","""16.3%""","""2.5g""","""10.0μg""","""1mg""","""1037""","""66%""","""1μg""","""0mg""","""39mg""","""43μg""","""""","""0.03mg""","""93.9%""","""260mg""","""0g""","""""","""407kJ""","""2mg""","""53mg""","""84""","""18g""","""0.10mg""","""120.3mg""","""0.04mg""","""77.7g""","""1g""","""1mg""","""174mg""","""1mg""","""黄鱼(大黄花鱼)""","""""","""86mg""","""1.3g""","""78μg""","""0.02mg""","""39.0%"""
"""38.7%""","""20.1%""","""3.0g""","""0μg""","""1mg""","""1038""","""63%""","""1μg""","""0mg""","""28mg""","""55.20μg""","""""","""0.04mg""","""96.3%""","""228mg""","""0g""","""""","""417kJ""","""2.30mg""","""78mg""","""84""","""18g""","""0.04mg""","""103.0mg""","""0.04mg""","""77.9g""","""0.1g""","""1mg""","""188mg""","""1mg""","""黄鱼(小黄花鱼)""","""""","""74mg""","""1.1g""","""78μg""","""0.05mg""","""37.4%"""
"""34.2%""","""12.0%""","""0.5g""","""10.0μg""","""0.37mg""","""1039""","""75%""","""3μg""","""0mg""","""24mg""","""31.40μg""","""""","""0.03mg""","""97.6%""","""227mg""","""0g""","""""","""343kJ""","""2.00mg""","""27mg""","""84""","""18.5g""","""0.07mg""","""160mg""","""0.08mg""","""77.8g""","""1g""","""0mg""","""157mg""","""0.3mg""","""黄鲂[赤虹，老板鱼]""","""""","""121mg""","""2.6g""","""78μg""","""0.09mg""","""51.4%"""
"""34.3%""","""14.5%""","""3g""","""20.0μg""","""1mg""","""1040""","""40%""","""1μg""","""0mg""","""29mg""","""48.30μg""","""""","""0.01mg""","""94.5%""","""300mg""","""0g""","""""","""424kJ""","""5mg""","""102mg""","""84""","""19g""","""0.03mg""","""118.0mg""","""0.04mg""","""77.1g""","""0.0g""","""1mg""","""128mg""","""1.4mg""","""金线鱼[红三鱼]""","""""","""54mg""","""1.4g""","""77μg""","""0.05mg""","""45.6%"""
"""25.7%""","""34.5%""","""1g""","""15.0μg""","""1.44mg""","""1041""","""52%""","""1μg""","""0mg""","""27mg""","""38.20μg""","""""","""0.02mg""","""98.2%""","""291mg""","""0g""","""""","""350kJ""","""3.00mg""","""54mg""","""84""","""18.1g""","""0.05mg""","""80.5mg""","""0.07mg""","""78.9g""","""1.2g""","""1mg""","""185mg""","""1mg""","""绿鳍马面豚[面包鱼，橡皮鱼]""","""""","""45mg""","""1.2g""","""79μg""","""0.10mg""","""38.0%"""
"""39.8%""","""19.5%""","""5.0g""","""25.0μg""","""1.08mg""","""1042""","""63%""","""1μg""","""0mg""","""36mg""","""45.10μg""","""""","""0.02mg""","""96.1%""","""299mg""","""0g""","""""","""506kJ""","""2.10mg""","""34mg""","""84""","""19g""","""0.06mg""","""106.1mg""","""0.10mg""","""74.8g""","""0.0g""","""1mg""","""164mg""","""2mg""","""梅童鱼[大头仔鱼，丁珠鱼]""","""""","""88mg""","""1.3g""","""75μg""","""0.09mg""","""36.7%"""
"""25.0%""","""31.4%""","""1.1g""","""0μg""","""0.16mg""","""1043""","""67%""","""1μg""","""0mg""","""30mg""","""49.00μg""","""""","""0.01mg""","""91.0%""","""136mg""","""0g""","""""","""377kJ""","""2.00mg""","""184mg""","""84""","""20g""","""0.03mg""","""92mg""","""0.02mg""","""78.0g""","""Tr""","""0mg""","""183mg""","""1.4mg""","""沙丁鱼[沙鲻]""","""""","""158mg""","""1.3g""","""78μg""","""0.07mg""","""34.5%"""
"""15.2%""","""44.6%""","""1g""","""12.0μg""","""1mg""","""1044""","""63%""","""1μg""","""0mg""","""40mg""","""21.30μg""","""""","""0.03mg""","""91.8%""","""211mg""","""0g""","""""","""355kJ""","""2.10mg""","""120mg""","""84""","""18.4g""","""0.04mg""","""174mg""","""0.11mg""","""78.5g""","""1.2g""","""0mg""","""220mg""","""2mg""","""沙钻鱼[多鳞喜，沙梭，麦穗鱼]""","""""","""120mg""","""1.3g""","""78μg""","""0.06mg""","""32.0%"""
"""40.5%""","""5.0%""","""1.4g""","""6.0μg""","""0.05mg""","""1045""","""68%""","""2μg""","""0mg""","""27mg""","""35μg""","""""","""0.03mg""","""89.1%""","""309mg""","""0g""","""""","""353kJ""","""2.10mg""","""57mg""","""84""","""18g""","""0.05mg""","""139mg""","""0.04mg""","""79.8g""","""Tr""","""1mg""","""168mg""","""2mg""","""舌鳎[花纹舌头，舌头鱼]""","""""","""82mg""","""1.5g""","""80μg""","""0.04mg""","""43.6%"""
"""35.7%""","""22.4%""","""9.0g""","""32.0μg""","""1.00mg""","""1046""","""74%""","""1μg""","""0mg""","""44mg""","""22.00μg""","""""","""0mg""","""96.3%""","""275mg""","""0g""","""""","""607kJ""","""3.00mg""","""13mg""","""84""","""16g""","""0.07mg""","""68mg""","""0.05mg""","""74.2g""","""Tr""","""1mg""","""158mg""","""2.1mg""","""油抒[香梭鱼]""","""""","""78mg""","""1.1g""","""74μg""","""0.06mg""","""38.0%"""
"""47.9%""","""29.6%""","""10.4g""","""0μg""","""2mg""","""1047""","""75%""","""2μg""","""0mg""","""30mg""","""37.20μg""","""""","""0.01mg""","""99.9%""","""336mg""","""0g""","""""","""753kJ""","""0mg""","""58mg""","""84""","""20.2g""","""0.02mg""","""73.3mg""","""0.02mg""","""66.5g""","""1.4g""","""3mg""","""197mg""","""1.2mg""","""颚针鱼[针量鱼]""","""""","""101mg""","""1.5g""","""66μg""","""0.06mg""","""22.4%"""
"""38.9%""","""13.0%""","""3.1g""","""19.0μg""","""1.39mg""","""1048""","""80%""","""1μg""","""0mg""","""50mg""","""52μg""","""""","""0.03mg""","""88.7%""","""370mg""","""0g""","""""","""511kJ""","""2.10mg""","""35mg""","""84""","""21.2g""","""0.04mg""","""74.2mg""","""0.37mg""","""72.5g""","""2.1g""","""1mg""","""130mg""","""1mg""","""鲅鱼[马鲛鱼，燕鲅鱼，巴鱼]""","""""","""75mg""","""1.1g""","""72μg""","""0.03mg""","""36.6%"""
"""—""","""—""","""3.2g""","""0μg""","""1mg""","""1049""","""68%""","""2μg""","""0mg""","""55mg""","""37.00μg""","""""","""0.11mg""","""—""","""317mg""","""0g""","""""","""472kJ""","""4.50mg""","""55mg""","""84""","""21g""","""0mg""","""67mg""","""0.02mg""","""75.9g""","""Tr""","""0mg""","""178mg""","""1.0mg""","""鲆[片口鱼，比目鱼]""","""""","""81mg""","""1.9g""","""76μg""","""0.04mg""","""—"""
"""33.9%""","""25.3%""","""3.4g""","""19.0μg""","""3mg""","""1050""","""58%""","""2μg""","""0mg""","""37mg""","""33.10μg""","""""","""0.03mg""","""93.3%""","""205mg""","""0g""","""""","""442kJ""","""3.10mg""","""138mg""","""84""","""19g""","""0.17mg""","""144.1mg""","""0.05mg""","""76.5g""","""Tr""","""1mg""","""242mg""","""2.0mg""","""鲈鱼[鲈花]""","""""","""86mg""","""1.5g""","""76μg""","""0.04mg""","""34.0%"""
"""32.1%""","""25.3%""","""7.4g""","""38.0μg""","""1.02mg""","""1051""","""66%""","""1μg""","""0mg""","""47mg""","""58.00μg""","""""","""0.08mg""","""100.4%""","""263mg""","""0g""","""""","""650kJ""","""9mg""","""50mg""","""84""","""20g""","""0.12mg""","""88mg""","""0.09mg""","""69.1g""","""2.2g""","""1mg""","""247mg""","""2mg""","""鲐鱼[青鲐鱼，鲐巴鱼，青砖鱼]""","""""","""77mg""","""1.4g""","""69μg""","""0.04mg""","""43.0%"""
"""60.6%""","""0.2%""","""8g""","""45.0μg""","""1.11mg""","""1052""","""72%""","""1μg""","""0mg""","""36mg""","""29.50μg""","""""","""0.07mg""","""89.9%""","""361mg""","""0g""","""""","""582kJ""","""4.40mg""","""13mg""","""84""","""17.2g""","""0.18mg""","""63.3mg""","""0.03mg""","""74.1g""","""0.0g""","""1mg""","""154mg""","""0.3mg""","""鲑鱼[大麻哈鱼]""","""""","""68mg""","""0.9g""","""74μg""","""0.02mg""","""29.1%"""
"""—""","""—""","""17g""","""111.0μg""","""3mg""","""1053""","""100%""","""8μg""","""0mg""","""73mg""","""203.10μg""","""""","""0.33mg""","""—""","""171mg""","""0g""","""""","""1054kJ""","""0.50mg""","""23mg""","""84""","""11g""","""0.19mg""","""2881.0mg""","""1mg""","""49.4g""","""14.4g""","""12mg""","""359mg""","""3mg""","""鲑鱼籽酱[大麻哈鱼籽酱]""","""""","""0mg""","""8.5g""","""49μg""","""0.05mg""","""—"""
"""50.5%""","""12.0%""","""6g""","""15.0μg""","""2mg""","""1054""","""79%""","""3μg""","""0mg""","""28mg""","""38μg""","""""","""0mg""","""92.7%""","""161mg""","""0g""","""""","""444kJ""","""1.00mg""","""114mg""","""84""","""13.2g""","""0.08mg""","""53.1mg""","""0.11mg""","""77.5g""","""1g""","""1mg""","""498mg""","""2mg""","""鲚鱼(大)[大凤尾鱼]""","""""","""117mg""","""3.0g""","""78μg""","""0.29mg""","""30.2%"""
"""42.6%""","""16.9%""","""5.1g""","""14.0μg""","""1.30mg""","""1055""","""90%""","""3μg""","""0mg""","""23mg""","""33.30μg""","""""","""0.06mg""","""85.7%""","""225mg""","""0g""","""""","""520kJ""","""1mg""","""78mg""","""84""","""16g""","""0.06mg""","""38.5mg""","""0.10mg""","""72.7g""","""4.0g""","""1mg""","""460mg""","""2mg""","""鲚鱼(小)[小凤尾鱼]""","""""","""82mg""","""2.7g""","""73μg""","""0.17mg""","""26.0%"""
"""44.1%""","""9.5%""","""7.3g""","""24.0μg""","""1mg""","""1056""","""70%""","""1μg""","""0mg""","""39mg""","""27.20μg""","""""","""0.04mg""","""94.2%""","""328mg""","""0g""","""""","""586kJ""","""2.10mg""","""46mg""","""84""","""18.5g""","""0.07mg""","""62.5mg""","""0.14mg""","""72.8g""","""0.0g""","""1mg""","""155mg""","""1.1mg""","""鲳鱼[平鱼，银鲳，刺鲳]""","""""","""77mg""","""1.4g""","""73μg""","""0.07mg""","""40.3%"""
"""30.3%""","""24.2%""","""3g""","""12.0μg""","""1.20mg""","""1057""","""65%""","""2μg""","""0mg""","""36mg""","""32μg""","""""","""0.02mg""","""89.8%""","""261mg""","""0g""","""""","""446kJ""","""4mg""","""186mg""","""84""","""18g""","""0.10mg""","""104mg""","""0.08mg""","""75.2g""","""3g""","""1mg""","""304mg""","""2.3mg""","""鲷[黑鲷，铜盆鱼，大目鱼]""","""""","""65mg""","""1.6g""","""75μg""","""0.26mg""","""35.1%"""
"""42.0%""","""29.4%""","""5g""","""0μg""","""1mg""","""1058""","""57%""","""1μg""","""0mg""","""25mg""","""17μg""","""""","""0.02mg""","""99.1%""","""245mg""","""0g""","""""","""499kJ""","""2.30mg""","""19mg""","""84""","""19g""","""0.13mg""","""71.4mg""","""0.03mg""","""75.3g""","""Tr""","""3mg""","""183mg""","""0.5mg""","""鲻鱼[白眼棱鱼]""","""""","""99mg""","""1.1g""","""75μg""","""0.02mg""","""27.7%"""
"""—""","""—""","""2.3g""","""117.0μg""","""1mg""","""1059""","""72%""","""2μg""","""0mg""","""32mg""","""29.40μg""","""""","""0.03mg""","""—""","""264mg""","""0g""","""""","""452kJ""","""2mg""","""107mg""","""84""","""21.1g""","""0.04mg""","""150.4mg""","""0.06mg""","""74.6g""","""0.5g""","""2mg""","""135mg""","""0.4mg""","""鲽[比目鱼，凸眼鱼]""","""""","""73mg""","""1.5g""","""75μg""","""0.11mg""","""—"""
"""24.3%""","""2.6%""","""1g""","""27.0μg""","""1mg""","""1060""","""59%""","""1μg""","""0mg""","""20mg""","""29.40μg""","""""","""0.01mg""","""65.3%""","""277mg""","""0g""","""""","""380kJ""","""4mg""","""22mg""","""84""","""21g""","""0.11mg""","""130.0mg""","""0.05mg""","""77.4g""","""Tr""","""1mg""","""159mg""","""1mg""","""鳐鱼[夫鱼]""","""""","""48mg""","""1.1g""","""77μg""","""0.03mg""","""38.2%"""
"""47.8%""","""11.8%""","""8.5g""","""0μg""","""1.12mg""","""1061""","""71%""","""1μg""","""0mg""","""28mg""","""36μg""","""""","""0mg""","""97.4%""","""246mg""","""0g""","""""","""666kJ""","""0mg""","""39mg""","""84""","""21g""","""0.02mg""","""48mg""","""0.07mg""","""71.9g""","""Tr""","""2mg""","""203mg""","""1.3mg""","""鳓鱼[快鱼，力鱼]""","""""","""76mg""","""1.2g""","""72μg""","""0.02mg""","""37.7%"""
"""37.2%""","""43.7%""","""0.5g""","""14.0μg""","""1mg""","""1062""","""45%""","""1μg""","""0mg""","""84mg""","""25μg""","""""","""0.04mg""","""100.1%""","""321mg""","""0g""","""""","""374kJ""","""3mg""","""42mg""","""84""","""20.4g""","""0.13mg""","""130.3mg""","""0.01mg""","""77.4g""","""0.5g""","""0mg""","""232mg""","""0.5mg""","""鳕鱼[鳕狭，明太鱼]""","""""","""114mg""","""1.2g""","""77μg""","""0.01mg""","""19.2%"""
"""20.4%""","""45.6%""","""1g""","""33.0μg""","""1mg""","""1063""","""76%""","""1μg""","""0mg""","""18mg""","""51.10μg""","""""","""0.01mg""","""95.5%""","""357mg""","""0g""","""""","""377kJ""","""3.00mg""","""21mg""","""84""","""20.2g""","""0.05mg""","""55mg""","""0.05mg""","""77.6g""","""0.0g""","""0mg""","""228mg""","""1.1mg""","""鳘鱼""","""""","""62mg""","""1.3g""","""78μg""","""0.07mg""","""29.5%"""
"""25.6%""","""35.5%""","""0.1g""","""—""","""0.60mg""","""1064""","""38%""","""—""","""1.7mg""","""32mg""","""—""","""—""","""0.02mg""","""100.1%""","""492mg""","""""","""""","""469kJ""","""6.90mg""","""4mg""","""84""","""27.4g""","""0.07mg""","""83.0mg""","""—""","""73.6g""","""Tr""","""—""","""259mg""","""0.8mg""","""双髻鲨""","""""","""58mg""","""1.4g""","""""","""—""","""39.0%"""
"""31.4%""","""35.7%""","""3.4g""","""0μg""","""3mg""","""1065""","""100%""","""8μg""","""0mg""","""60mg""","""0.40μg""","""""","""0.11mg""","""93.3%""","""251mg""","""0g""","""""","""1284kJ""","""5.00mg""","""106mg""","""84""","""46.1g""","""0.39mg""","""2321mg""","""0.16mg""","""20.2g""","""22.0g""","""1mg""","""308mg""","""4.4mg""","""鱼片干""","""""","""307mg""","""8.3g""","""20μg""","""0.17mg""","""26.0%"""
"""—""","""—""","""0.5g""","""Tr""","""2.25mg""","""1066""","""100%""","""0.0μg""","""Tr""","""17mg""","""72.50μg""","""10.9μg""","""0.01mg""","""—""","""226mg""","""""","""""","""1487kJ""","""Tr""","""252mg""","""84""","""84.1g""","""0.02mg""","""79.6mg""","""0.04mg""","""12.0g""","""2.3g""","""0.00mg""","""115mg""","""5.1mg""","""金鲨鱼翅(干)""","""""","""—""","""1.1g""","""""","""0.09mg""","""—"""
"""32.4%""","""8.2%""","""1.3g""","""5.0μg""","""1.59mg""","""1067""","""100%""","""—""","""—""","""11mg""","""14.00μg""","""—""","""0.02mg""","""100.0%""","""360mg""","""""","""""","""453kJ""","""Tr""","""97mg""","""84""","""11.1g""","""0.04mg""","""854.2mg""","""0.11mg""","""72.5g""","""12.7g""","""0.10mg""","""272mg""","""1.2mg""","""鱼丸""","""""","""77mg""","""2.4g""","""""","""0.08mg""","""59.4%"""
"""23.7%""","""59.8%""","""7.1g""","""Tr""","""1.35mg""","""1068""","""100%""","""—""","""—""","""4mg""","""19.00μg""","""7.4μg""","""0.07mg""","""100.3%""","""271mg""","""""","""""","""846kJ""","""0.41mg""","""23mg""","""84""","""9.6g""","""0.04mg""","""394.6mg""","""0.08mg""","""55.9g""","""24.7g""","""—""","""88mg""","""2.7mg""","""鱼子酱""","""""","""—""","""2.7g""","""""","""0.27mg""","""16.8%"""
"""—""","""—""","""43.0g""","""Tr""","""1.78mg""","""1069""","""100%""","""48.0μg""","""0.0mg""","""42mg""","""39.60μg""","""17.0μg""","""0.02mg""","""—""","""161mg""","""""","""""","""2155kJ""","""1.45mg""","""665mg""","""84""","""23.5g""","""0.07mg""","""525.4mg""","""0.12mg""","""19.5g""","""9.7g""","""5.82mg""","""643mg""","""1.3mg""","""凤尾鱼(熟)""","""""","""57mg""","""4.3g""","""""","""0.20mg""","""—"""
"""39.7%""","""37.0%""","""16.1g""","""Tr""","""0.72mg""","""1070""","""100%""","""124.0μg""","""0.0mg""","""24mg""","""23.30μg""","""15.6μg""","""0.02mg""","""100.0%""","""60mg""","""""","""""","""1131kJ""","""1.20mg""","""211mg""","""84""","""20.8g""","""0.05mg""","""403.6mg""","""0.02mg""","""47.8g""","""10.7g""","""—""","""167mg""","""0.7mg""","""箭鱼(炸)""","""""","""60mg""","""4.6g""","""""","""0.09mg""","""23.3%"""
"""—""","""—""","""0.6g""","""—""","""0.70mg""","""1071""","""81%""","""Tr""","""Tr""","""27mg""","""78.00μg""","""13.0μg""","""0.02mg""","""—""","""230mg""","""0.00g""","""""","""444kJ""","""14.40mg""","""8mg""","""84""","""23.5g""","""0.11mg""","""320.0mg""","""0.05mg""","""74.6g""","""1.3g""","""—""","""170mg""","""1.0mg""","""金枪鱼(盐水浸)""","""""","""51mg""","""—""","""""","""Tr""","""—"""
"""—""","""—""","""9.0g""","""—""","""1.10mg""","""1072""","""79%""","""Tr""","""Tr""","""33mg""","""90.00μg""","""14.0μg""","""0.02mg""","""—""","""260mg""","""0.00g""","""""","""804kJ""","""16.10mg""","""12mg""","""84""","""27.1g""","""0.12mg""","""290.0mg""","""0.20mg""","""63.3g""","""0.6g""","""—""","""200mg""","""1.6mg""","""金枪鱼(油浸)""","""""","""50mg""","""—""","""""","""0.05mg""","""—"""
"""34.5%""","""38.3%""","""33.1g""","""Tr""","""2.18mg""","""1073""","""100%""","""75.0μg""","""0.0mg""","""47mg""","""24.80μg""","""18.4μg""","""0.02mg""","""101.2%""","""399mg""","""""","""商品名：豆豉鲮鱼。""","""1963kJ""","""1.63mg""","""179mg""","""84""","""25.5g""","""0.08mg""","""1291.7mg""","""0.16mg""","""18.8g""","""17.9g""","""—""","""262mg""","""9.2mg""","""鲮鱼(豆豉，熟)""","""""","""25mg""","""4.7g""","""""","""0.23mg""","""28.4%"""
"""27.6%""","""55.4%""","""9.8g""","""Tr""","""2.46mg""","""1074""","""100%""","""Tr""","""0.0mg""","""16mg""","""24.40μg""","""56.8μg""","""0.03mg""","""99.8%""","""174mg""","""""","""""","""886kJ""","""1.47mg""","""37mg""","""84""","""21.3g""","""0.09mg""","""1252.0mg""","""0.04mg""","""55.4g""","""9.5g""","""—""","""120mg""","""2.2mg""","""鳗鱼(红烧)""","""""","""50mg""","""4.0g""","""""","""0.05mg""","""16.8%"""
"""44.5%""","""26.5%""","""37.8g""","""—""","""1.10mg""","""1075""","""100%""","""—""","""0.0mg""","""27mg""","""—""","""—""","""0.18mg""","""93.1%""","""333mg""","""""","""""","""1679kJ""","""6.98mg""","""5mg""","""84""","""16.5g""","""0.28mg""","""58.0mg""","""—""","""45.8g""","""Tr""","""—""","""219mg""","""1.7mg""","""鲭鱼(烤，150℃，10分)""","""""","""77mg""","""1.3g""","""""","""—""","""22.1%"""
"""44.3%""","""25.9%""","""34.8g""","""—""","""1.30mg""","""1076""","""100%""","""—""","""0.0mg""","""31mg""","""—""","""—""","""0.25mg""","""93.5%""","""370mg""","""""","""""","""1612kJ""","""6.95mg""","""5mg""","""84""","""19.1g""","""0.47mg""","""82.0mg""","""—""","""45.7g""","""Tr""","""—""","""246mg""","""2.0mg""","""鲭鱼(烤，150℃，20分)""","""""","""72mg""","""1.2g""","""""","""—""","""23.3%"""
"""45.2%""","""25.9%""","""50.0g""","""—""","""1.40mg""","""1077""","""100%""","""—""","""0.0mg""","""30mg""","""—""","""—""","""0.22mg""","""94.0%""","""359mg""","""""","""""","""2188kJ""","""7.85mg""","""15mg""","""84""","""19.9g""","""0.44mg""","""78.7mg""","""—""","""32.0g""","""Tr""","""—""","""266mg""","""2.0mg""","""鲭鱼(烤，150℃，30分)""","""""","""77mg""","""1.4g""","""""","""—""","""22.9%"""
"""45.8%""","""24.7%""","""31.8g""","""—""","""1.10mg""","""1078""","""100%""","""—""","""0.0mg""","""32mg""","""—""","""—""","""0.30mg""","""93.6%""","""395mg""","""""","""""","""1520kJ""","""7.93mg""","""8mg""","""84""","""20.2g""","""0.45mg""","""82.0mg""","""—""","""47.3g""","""Tr""","""—""","""279mg""","""2.6mg""","""鲭鱼(烤，180℃，10分)""","""""","""80mg""","""1.3g""","""""","""—""","""23.1%"""
"""45.1%""","""25.6%""","""43.4g""","""—""","""0.80mg""","""1079""","""100%""","""—""","""0.0mg""","""31mg""","""—""","""—""","""0.22mg""","""93.8%""","""358mg""","""""","""""","""1929kJ""","""8.24mg""","""7mg""","""84""","""19.0g""","""0.36mg""","""74.0mg""","""—""","""39.0g""","""Tr""","""—""","""256mg""","""1.7mg""","""鲭鱼(烤，210℃，10分)""","""""","""64mg""","""1.3g""","""""","""—""","""23.1%"""
"""35.1%""","""38.8%""","""53.4g""","""—""","""1.10mg""","""1080""","""100%""","""—""","""0.0mg""","""27mg""","""—""","""—""","""0.14mg""","""96.1%""","""301mg""","""""","""""","""2270kJ""","""6.30mg""","""8mg""","""84""","""17.2g""","""0.31mg""","""75.0mg""","""—""","""28.3g""","""0.1g""","""—""","""262mg""","""1.7mg""","""鲭鱼(炸)""","""""","""51mg""","""1.0g""","""""","""—""","""22.2%"""
"""43.8%""","""25.4%""","""36.5g""","""—""","""0.90mg""","""1081""","""100%""","""—""","""0.0mg""","""22mg""","""—""","""—""","""0.20mg""","""93.2%""","""235mg""","""""","""""","""1614kJ""","""5.70mg""","""5mg""","""84""","""14.6g""","""0.34mg""","""52.4mg""","""—""","""47.0g""","""0.9g""","""—""","""211mg""","""2.0mg""","""鲭鱼(蒸)""","""""","""76mg""","""1.0g""","""""","""—""","""24.0%"""
"""42.7%""","""26.2%""","""34.5g""","""—""","""1.00mg""","""1082""","""100%""","""—""","""0.0mg""","""20mg""","""—""","""—""","""0.18mg""","""93.5%""","""211mg""","""""","""""","""1538kJ""","""4.98mg""","""6mg""","""84""","""14.9g""","""0.32mg""","""51.0mg""","""—""","""49.3g""","""0.5g""","""—""","""175mg""","""1.8mg""","""鲭鱼(煮)""","""""","""72mg""","""0.8g""","""""","""—""","""24.6%"""
"""26.7%""","""36.8%""","""9.8g""","""Tr""","""0.32mg""","""1083""","""100%""","""1248.0μg""","""—""","""20mg""","""34.60μg""","""29.2μg""","""0.04mg""","""99.8%""","""268mg""","""""","""商品名：茄汁沙丁鱼。""","""648kJ""","""5.18mg""","""17mg""","""84""","""13.8g""","""0.12mg""","""820.2mg""","""0.08mg""","""70.4g""","""3.0g""","""2.03mg""","""137mg""","""0.6mg""","""沙丁鱼(茄汁，熟)""","""""","""39mg""","""3.0g""","""""","""—""","""36.3%"""
"""—""","""—""","""9.6g""","""—""","""2.30mg""","""1084""","""79%""","""Tr""","""Tr""","""45mg""","""41.00μg""","""23.0μg""","""0.01mg""","""—""","""320mg""","""0.00g""","""""","""767kJ""","""6.10mg""","""540mg""","""84""","""21.5g""","""0.26mg""","""530.0mg""","""0.16mg""","""66.2g""","""2.7g""","""—""","""510mg""","""2.3mg""","""沙丁鱼(盐水浸)""","""""","""60mg""","""—""","""""","""0.20mg""","""—"""
"""—""","""—""","""14.1g""","""—""","""2.20mg""","""1085""","""82%""","""Tr""","""Tr""","""46mg""","""49.00μg""","""23.0μg""","""0.01mg""","""—""","""410mg""","""0.00g""","""""","""986kJ""","""6.90mg""","""500mg""","""84""","""23.3g""","""0.29mg""","""450.0mg""","""0.11mg""","""58.6g""","""4.0g""","""—""","""520mg""","""2.3mg""","""沙丁鱼(油浸)""","""""","""65mg""","""—""","""""","""0.19mg""","""—"""
"""25.8%""","""59.5%""","""30.2g""","""Tr""","""2.03mg""","""1086""","""100%""","""—""","""0.0mg""","""63mg""","""38.10μg""","""29.5μg""","""0.04mg""","""99.9%""","""576mg""","""""","""""","""1588kJ""","""4.78mg""","""725mg""","""84""","""24.4g""","""0.09mg""","""1321.2mg""","""0.13mg""","""37.5g""","""3.3g""","""—""","""801mg""","""1.6mg""","""午餐鱼(香辣味)""","""""","""—""","""4.6g""","""""","""0.24mg""","""14.5%"""
"""—""","""—""","""1.2g""","""—""","""0.50mg""","""1087""","""85%""","""Tr""","""Tr""","""26mg""","""34.00μg""","""130.0μg""","""0.03mg""","""—""","""350mg""","""0.00g""","""""","""422kJ""","""2.30mg""","""11mg""","""84""","""21.4g""","""0.05mg""","""340.0mg""","""0.02mg""","""76.6g""","""0.8g""","""—""","""190mg""","""0.1mg""","""鳕鱼(烤)""","""""","""56mg""","""—""","""""","""0.01mg""","""—"""
"""—""","""—""","""14.3g""","""—""","""0.40mg""","""1088""","""98%""","""—""","""Tr""","""19mg""","""17.00μg""","""—""","""0.07mg""","""—""","""230mg""","""0.40g""","""""","""1032kJ""","""1.20mg""","""43mg""","""84""","""12.4g""","""0.06mg""","""480.0mg""","""0.08mg""","""55.9g""","""17.4g""","""—""","""190mg""","""0.4mg""","""鳕鱼(炸)""","""""","""—""","""—""","""""","""0.12mg""","""—"""
"""—""","""—""","""1.4g""","""0μg""","""1mg""","""1089""","""14%""","""1μg""","""0mg""","""21mg""","""0μg""","""""","""0.03mg""","""—""","""181mg""","""0g""","""""","""324kJ""","""3.00mg""","""0mg""","""85""","""16.0g""","""0.18mg""","""87mg""","""1mg""","""81.2g""","""Tr""","""0mg""","""283mg""","""14.5mg""","""刺蛄[刺蛄]""","""""","""98mg""","""1.4g""","""81μg""","""0mg""","""—"""
"""23.9%""","""22.4%""","""0.5g""","""17.0μg""","""1.14mg""","""1090""","""67%""","""420.0μg""","""""","""37mg""","""19.10μg""","""""","""0.02mg""","""92.2%""","""217mg""","""""","""""","""357kJ""","""0.90mg""","""35mg""","""85""","""18.3g""","""0.11mg""","""133.6mg""","""0.50mg""","""78.0g""","""1.6g""","""—""","""253mg""","""1.0mg""","""虾（东方对虾）[中国对虾]""","""""","""183mg""","""1.6g""","""""","""0.08mg""","""45.9%"""
"""38.7%""","""12.1%""","""0.6g""","""""","""1.44mg""","""1091""","""51%""","""""","""""","""46mg""","""56.40μg""","""""","""0.01mg""","""82.6%""","""228mg""","""""","""""","""333kJ""","""1.90mg""","""146mg""","""85""","""16.8g""","""0.05mg""","""302.2mg""","""0.44mg""","""79.3g""","""1.5g""","""—""","""196mg""","""3.0mg""","""虾（海虾）""","""""","""117mg""","""1.8g""","""""","""0.11mg""","""31.7%"""
"""51.4%""","""9.2%""","""2.4g""","""48.0μg""","""2.24mg""","""1092""","""86%""","""""","""""","""60mg""","""29.60μg""","""""","""0.04mg""","""95.0%""","""329mg""","""""","""""","""368kJ""","""""","""325mg""","""85""","""16.4g""","""0.03mg""","""133.8mg""","""0.64mg""","""78.1g""","""Tr""","""—""","""186mg""","""4.0mg""","""虾（河虾）""","""""","""240mg""","""3.9g""","""""","""0.27mg""","""34.3%"""
"""28.3%""","""40.0%""","""1.4g""","""""","""1.18mg""","""1093""","""60%""","""""","""""","""45mg""","""39.70μg""","""""","""0.02mg""","""94.7%""","""250mg""","""""","""""","""427kJ""","""2.90mg""","""83mg""","""85""","""18.2g""","""0.07mg""","""172.0mg""","""0.50mg""","""75.2g""","""3.9g""","""—""","""139mg""","""2.0mg""","""虾（基围虾）""","""""","""181mg""","""1.3g""","""""","""0.05mg""","""26.3%"""
"""39.9%""","""23.3%""","""1g""","""102.0μg""","""3mg""","""1094""","""100%""","""2μg""","""0mg""","""131mg""","""18μg""","""""","""0.04mg""","""85.1%""","""683mg""","""0g""","""""","""367kJ""","""2.20mg""","""78mg""","""85""","""10.3g""","""0.12mg""","""0mg""","""3.46mg""","""77.0g""","""9.3g""","""11mg""","""293mg""","""9mg""","""江虾[沼虾]""","""""","""116mg""","""2.5g""","""77μg""","""1.21mg""","""21.9%"""
"""38.7%""","""28.9%""","""1.1g""","""""","""2.79mg""","""1095""","""46%""","""""","""""","""22mg""","""39.40μg""","""""","""""","""99.9%""","""257mg""","""""","""""","""379kJ""","""4.30mg""","""21mg""","""85""","""18.9g""","""0.03mg""","""190.0mg""","""0.54mg""","""77.6g""","""1.0g""","""—""","""221mg""","""1.3mg""","""虾（龙虾）""","""""","""121mg""","""1.4g""","""""","""""","""32.3%"""
"""—""","""—""","""1.2g""","""44.0μg""","""3mg""","""1096""","""57%""","""4μg""","""0mg""","""26mg""","""0μg""","""""","""0.05mg""","""—""","""250mg""","""0g""","""""","""405kJ""","""0mg""","""403mg""","""85""","""21.2g""","""0.03mg""","""109.0mg""","""2.04mg""","""74.0g""","""Tr""","""5mg""","""233mg""","""3.4mg""","""塘水虾[草虾]""","""""","""264mg""","""3.6g""","""74μg""","""0.21mg""","""—"""
"""39.3%""","""31.6%""","""2g""","""0μg""","""3.31mg""","""1097""","""32%""","""1μg""","""0mg""","""32mg""","""47μg""","""""","""0.04mg""","""96.8%""","""132mg""","""0g""","""""","""342kJ""","""1mg""","""22mg""","""85""","""12g""","""0.04mg""","""137mg""","""3mg""","""80.6g""","""5g""","""3mg""","""206mg""","""2mg""","""虾虎""","""""","""177mg""","""1.3g""","""81μg""","""0.11mg""","""25.9%"""
"""30.0%""","""16.0%""","""2.2g""","""19.0μg""","""2mg""","""1098""","""100%""","""22μg""","""0mg""","""265mg""","""74.40μg""","""""","""0.02mg""","""101.3%""","""617mg""","""0g""","""""","""646kJ""","""3.10mg""","""991mg""","""85""","""31g""","""0.14mg""","""5058mg""","""1.08mg""","""42.4g""","""2.5g""","""1mg""","""582mg""","""7mg""","""虾皮""","""""","""428mg""","""22.2g""","""42μg""","""1mg""","""55.3%"""
"""37.2%""","""25.7%""","""4g""","""0μg""","""1.45mg""","""1099""","""31%""","""1μg""","""0mg""","""2mg""","""8μg""","""""","""0.02mg""","""91.9%""","""550mg""","""0g""","""""","""392kJ""","""3mg""","""85mg""","""85""","""15g""","""0.18mg""","""225.2mg""","""1.07mg""","""80.1g""","""0.0g""","""4mg""","""228mg""","""6.4mg""","""螯虾""","""""","""0mg""","""1.3g""","""80μg""","""3.25mg""","""28.8%"""
"""26.2%""","""20.7%""","""3g""","""21.0μg""","""4mg""","""1100""","""100%""","""17μg""","""0mg""","""236mg""","""75.40μg""","""""","""0.01mg""","""96.6%""","""550mg""","""0g""","""""","""839kJ""","""5.00mg""","""555mg""","""85""","""44g""","""0.12mg""","""4892mg""","""2.33mg""","""37.4g""","""Tr""","""1mg""","""666mg""","""11.0mg""","""虾米[海米，虾仁]""","""""","""525mg""","""17.0g""","""37μg""","""1mg""","""49.6%"""
"""40.6%""","""28.3%""","""7.6g""","""65.0μg""","""1.52mg""","""1101""","""100%""","""—""","""—""","""25mg""","""31.90μg""","""166.6μg""","""0.05mg""","""99.8%""","""196mg""","""""","""""","""465kJ""","""0.76mg""","""308mg""","""85""","""10.8g""","""0.14mg""","""4584.6mg""","""0.35mg""","""72.3g""","""Tr""","""—""","""177mg""","""11.6mg""","""虾酱""","""""","""—""","""14.3g""","""""","""0.57mg""","""30.9%"""
"""34.7%""","""24.1%""","""2.3g""","""30.0μg""","""3.32mg""","""1102""","""55%""","""""","""""","""47mg""","""82.60μg""","""""","""0.01mg""","""88.5%""","""232mg""","""""","""""","""400kJ""","""2.50mg""","""208mg""","""86""","""13.8g""","""0.10mg""","""260.0mg""","""1.67mg""","""77.1g""","""4.7g""","""—""","""142mg""","""1.6mg""","""蟹（海蟹）""","""""","""125mg""","""2.1g""","""""","""0.18mg""","""29.6%"""
"""35.0%""","""20.3%""","""2.6g""","""389.0μg""","""3.68mg""","""1103""","""42%""","""""","""""","""23mg""","""56.70μg""","""""","""0.06mg""","""85.7%""","""181mg""","""""","""""","""433kJ""","""1.70mg""","""126mg""","""86""","""17.5g""","""0.28mg""","""193.5mg""","""2.97mg""","""75.8g""","""2.3g""","""—""","""182mg""","""2.9mg""","""蟹（河蟹）""","""""","""267mg""","""1.8g""","""""","""0.42mg""","""30.1%"""
"""27.4%""","""31.7%""","""1.2g""","""0μg""","""2.15mg""","""1104""","""100%""","""2μg""","""0mg""","""41mg""","""33.30μg""","""""","""0.03mg""","""93.3%""","""214mg""","""0g""","""""","""260kJ""","""4.30mg""","""231mg""","""86""","""12g""","""0.09mg""","""270.0mg""","""1.33mg""","""84.4g""","""1.1g""","""3mg""","""159mg""","""2mg""","""蟹肉""","""""","""65mg""","""1.7g""","""84μg""","""0.31mg""","""34.1%"""
"""29.0%""","""35.6%""","""0.6g""","""5.0μg""","""0.72mg""","""1105""","""100%""","""—""","""—""","""10mg""","""7.60μg""","""—""","""Tr""","""100.0%""","""164mg""","""""","""""","""522kJ""","""Tr""","""144mg""","""86""","""9.0g""","""0.04mg""","""1242.0mg""","""0.08mg""","""67.4g""","""20.4g""","""0.24mg""","""117mg""","""0.6mg""","""蟹足棒""","""""","""17mg""","""2.6g""","""""","""0.27mg""","""35.4%"""
"""19.1%""","""20.2%""","""1g""","""24.0μg""","""2mg""","""1106""","""65%""","""2μg""","""0mg""","""59mg""","""21.40μg""","""""","""0.01mg""","""93.8%""","""136mg""","""0g""","""""","""356kJ""","""0.20mg""","""266mg""","""87""","""13g""","""0.16mg""","""2012mg""","""1mg""","""77.5g""","""7g""","""2mg""","""77mg""","""23mg""","""鲍鱼[杂色鲍]""","""""","""242mg""","""2.5g""","""78μg""","""0.40mg""","""54.5%"""
"""—""","""—""","""6g""","""28.0μg""","""2mg""","""1107""","""100%""","""8μg""","""0mg""","""352mg""","""67μg""","""""","""0.02mg""","""—""","""366mg""","""0g""","""""","""1360kJ""","""7.20mg""","""143mg""","""87""","""54.1g""","""0.13mg""","""2316.2mg""","""0.45mg""","""18.3g""","""14g""","""1mg""","""251mg""","""7mg""","""鲍鱼(干)""","""""","""0mg""","""8.3g""","""18μg""","""0.32mg""","""—"""
"""18.5%""","""30.7%""","""0.3g""","""59.0μg""","""2.01mg""","""1108""","""57%""","""2μg""","""0mg""","""35mg""","""55.10μg""","""""","""0.02mg""","""91.9%""","""140mg""","""0g""","""""","""171kJ""","""1.20mg""","""134mg""","""87""","""7.3g""","""0.12mg""","""176mg""","""0.38mg""","""88.4g""","""2.1g""","""1mg""","""114mg""","""34mg""","""蛏子""","""""","""131mg""","""1.9g""","""88μg""","""2mg""","""42.7%"""
"""17.8%""","""57.6%""","""1g""","""243.0μg""","""6.23mg""","""1109""","""43%""","""2μg""","""0mg""","""16mg""","""20.20μg""","""""","""0.01mg""","""90.8%""","""17mg""","""0g""","""""","""227kJ""","""1mg""","""248mg""","""87""","""11g""","""0.18mg""","""17.4mg""","""0.11mg""","""85.3g""","""1g""","""1mg""","""305mg""","""27mg""","""河蚌""","""""","""103mg""","""2.3g""","""85μg""","""60mg""","""15.3%"""
"""35.3%""","""16.4%""","""1.4g""","""37.0μg""","""2mg""","""1110""","""35%""","""1μg""","""0mg""","""10mg""","""30μg""","""""","""0.08mg""","""99.2%""","""25mg""","""0g""","""""","""200kJ""","""1.40mg""","""39mg""","""87""","""7.0g""","""0.13mg""","""18.4mg""","""0.47mg""","""88.5g""","""2g""","""0mg""","""127mg""","""11.4mg""","""河蚬[蚬子]""","""""","""257mg""","""1.4g""","""88μg""","""0.18mg""","""47.5%"""
"""21.9%""","""32.9%""","""2.1g""","""27.0μg""","""9.39mg""","""1111""","""100%""","""2μg""","""0mg""","""65mg""","""87μg""","""""","""0.01mg""","""91.7%""","""200mg""","""0g""","""""","""307kJ""","""1.40mg""","""131mg""","""87""","""5.3g""","""0.13mg""","""462.1mg""","""8.13mg""","""82.0g""","""8.2g""","""1mg""","""115mg""","""7.1mg""","""牡蛎[海蛎子]""","""""","""100mg""","""2.4g""","""82μg""","""1mg""","""36.8%"""
"""18.6%""","""27.6%""","""2g""","""0μg""","""71.20mg""","""1112""","""100%""","""0μg""","""0mg""","""10mg""","""41.40μg""","""""","""0.04mg""","""88.3%""","""375mg""","""0g""","""""","""241kJ""","""2mg""","""35mg""","""87""","""11g""","""0.13mg""","""270.0mg""","""12mg""","""87.1g""","""0.0g""","""0mg""","""100mg""","""5.0mg""","""生蚝""","""""","""94mg""","""0.5g""","""87μg""","""0.30mg""","""42.0%"""
"""—""","""—""","""1g""","""6.0μg""","""12mg""","""1113""","""30%""","""1μg""","""0mg""","""84mg""","""41.40μg""","""""","""0.01mg""","""—""","""207mg""","""0g""","""""","""302kJ""","""1.10mg""","""59mg""","""87""","""10.0g""","""0.07mg""","""355mg""","""0.11mg""","""81.8g""","""6.0g""","""13mg""","""103mg""","""11.4mg""","""泥蚶[血蚶，珠蚶]""","""""","""124mg""","""1.4g""","""82μg""","""1.25mg""","""—"""
"""—""","""—""","""1g""","""0μg""","""12mg""","""1114""","""35%""","""2μg""","""0mg""","""39mg""","""20.20μg""","""""","""0mg""","""—""","""122mg""","""0g""","""""","""255kJ""","""0.20mg""","""142mg""","""87""","""11.1g""","""0.10mg""","""339.0mg""","""0.48mg""","""84.2g""","""3g""","""12mg""","""132mg""","""7.2mg""","""扇贝(鲜)""","""""","""140mg""","""1.5g""","""84μg""","""1mg""","""—"""
"""56.9%""","""8.5%""","""2.4g""","""11.0μg""","""5.05mg""","""1115""","""100%""","""10μg""","""0mg""","""106mg""","""76.40μg""","""""","""0mg""","""97.1%""","""969mg""","""0g""","""""","""1121kJ""","""2.50mg""","""77mg""","""87""","""56g""","""0.21mg""","""306.4mg""","""0.10mg""","""27.4g""","""5.1g""","""2mg""","""504mg""","""6mg""","""扇贝(干)[干贝]""","""""","""348mg""","""9.5g""","""27μg""","""0.43mg""","""31.7%"""
"""19.8%""","""21.6%""","""1.4g""","""0μg""","""2mg""","""1116""","""27%""","""1μg""","""0mg""","""59mg""","""86.30μg""","""""","""0mg""","""71.4%""","""76mg""","""0g""","""""","""298kJ""","""1mg""","""49mg""","""87""","""12.2g""","""0.06mg""","""280.1mg""","""0.13mg""","""82.7g""","""2.3g""","""1mg""","""111mg""","""7.3mg""","""银蚶[蚶子]""","""""","""89mg""","""1.4g""","""83μg""","""1mg""","""29.8%"""
"""27.2%""","""18.8%""","""2g""","""73.0μg""","""2.47mg""","""1117""","""49%""","""2μg""","""0mg""","""56mg""","""58μg""","""""","""0.12mg""","""97.6%""","""157mg""","""0g""","""""","""337kJ""","""2mg""","""63mg""","""87""","""11.4g""","""0.22mg""","""451.4mg""","""0.13mg""","""79.9g""","""5g""","""14mg""","""197mg""","""7mg""","""贻贝(鲜)[淡菜，壳菜]""","""""","""123mg""","""2.3g""","""80μg""","""0.41mg""","""51.6%"""
"""—""","""—""","""9.3g""","""36.0μg""","""7mg""","""1118""","""100%""","""7μg""","""0mg""","""169mg""","""120.50μg""","""""","""0.04mg""","""—""","""264mg""","""0g""","""""","""1498kJ""","""4.30mg""","""157mg""","""87""","""48g""","""0.32mg""","""779.0mg""","""1mg""","""15.6g""","""20.1g""","""7mg""","""454mg""","""12.5mg""","""贻贝(干)[淡菜，壳菜]""","""""","""493mg""","""7.2g""","""16μg""","""1.27mg""","""—"""
"""—""","""—""","""0.3g""","""10.0μg""","""2.34mg""","""1119""","""47%""","""0.0μg""","""Tr""","""46mg""","""46.20μg""","""—""","""0.00mg""","""—""","""159mg""","""0.00g""","""""","""176kJ""","""Tr""","""63mg""","""87""","""9.5g""","""0.03mg""","""793.0mg""","""0.13mg""","""87.7g""","""0.2g""","""1.50mg""","""100mg""","""3.0mg""","""海蚌[西施舌]""","""""","""101mg""","""2.3g""","""""","""0.10mg""","""—"""
"""19.4%""","""54.2%""","""1.1g""","""21.0μg""","""2.38mg""","""1120""","""39%""","""2μg""","""0mg""","""78mg""","""54.30μg""","""""","""0.01mg""","""100.6%""","""140mg""","""0g""","""""","""260kJ""","""2mg""","""133mg""","""87""","""10.1g""","""0.13mg""","""426mg""","""0.11mg""","""84.1g""","""3g""","""2mg""","""128mg""","""11mg""","""蛤蜊(均值)""","""""","""156mg""","""1.9g""","""84μg""","""0.44mg""","""27.0%"""
"""—""","""—""","""1.2g""","""26.0μg""","""5mg""","""1121""","""41%""","""3μg""","""0mg""","""143mg""","""38μg""","""""","""0.03mg""","""—""","""167mg""","""0g""","""""","""424kJ""","""2mg""","""722mg""","""87""","""16g""","""0.40mg""","""153.3mg""","""1.05mg""","""73.6g""","""7g""","""8mg""","""118mg""","""7.0mg""","""螺(均值)""","""""","""0mg""","""2.9g""","""74μg""","""1mg""","""—"""
"""42.9%""","""20.0%""","""9.2g""","""—""","""1.00mg""","""1122""","""100%""","""—""","""0.0mg""","""23mg""","""—""","""—""","""0.01mg""","""100.0%""","""226mg""","""""","""""","""883kJ""","""3.79mg""","""21mg""","""87""","""16.2g""","""0.05mg""","""565.0mg""","""—""","""56.6g""","""15.7g""","""—""","""165mg""","""8.4mg""","""文蛤丸""","""""","""65mg""","""2.3g""","""""","""—""","""37.1%"""
"""—""","""—""","""0.2g""","""0μg""","""1mg""","""1123""","""100%""","""4μg""","""0mg""","""149mg""","""64μg""","""""","""0.03mg""","""—""","""43mg""","""0g""","""""","""330kJ""","""0.10mg""","""285mg""","""88""","""16.5g""","""0.04mg""","""503mg""","""0.05mg""","""77.1g""","""2.5g""","""3mg""","""28mg""","""13.2mg""","""海参""","""""","""51mg""","""3.7g""","""77μg""","""1mg""","""—"""
"""—""","""—""","""5g""","""39.0μg""","""2.24mg""","""1124""","""93%""","""22μg""","""0mg""","""1047mg""","""150.00μg""","""""","""0.04mg""","""—""","""356mg""","""0g""","""""","""1107kJ""","""1.30mg""","""0mg""","""88""","""50.2g""","""0.13mg""","""4968.0mg""","""0.27mg""","""18.9g""","""4.5g""","""0mg""","""94mg""","""9.0mg""","""海参(干)""","""""","""62mg""","""21.6g""","""19μg""","""0.43mg""","""—"""
"""28.2%""","""0.5%""","""0.3g""","""0μg""","""1mg""","""1125""","""100%""","""16μg""","""0mg""","""124mg""","""16μg""","""""","""0.03mg""","""98.6%""","""160mg""","""0g""","""""","""139kJ""","""0.20mg""","""150mg""","""88""","""4g""","""0.05mg""","""325.0mg""","""0.12mg""","""76.5g""","""4g""","""2mg""","""30mg""","""5mg""","""海蜇皮""","""""","""8mg""","""15.7g""","""76μg""","""0.44mg""","""69.9%"""
"""26.6%""","""1.8%""","""0.3g""","""14.0μg""","""0.42mg""","""1126""","""100%""","""13μg""","""0mg""","""114mg""","""17μg""","""""","""0.07mg""","""97.2%""","""331mg""","""0g""","""""","""314kJ""","""0.30mg""","""120mg""","""88""","""6.0g""","""0.04mg""","""468mg""","""0.21mg""","""69.0g""","""12g""","""3mg""","""22mg""","""5.1mg""","""海蜇头""","""""","""10mg""","""12.9g""","""69μg""","""2mg""","""68.8%"""
"""9.6%""","""42.6%""","""1g""","""0μg""","""1.34mg""","""1127""","""69%""","""1μg""","""0mg""","""39mg""","""38μg""","""""","""0.02mg""","""96.8%""","""400mg""","""0g""","""""","""349kJ""","""2mg""","""15mg""","""88""","""15.2g""","""0.04mg""","""166mg""","""1mg""","""79.2g""","""3.4g""","""1mg""","""165mg""","""1.0mg""","""墨鱼[曼氏无针乌贼]""","""""","""226mg""","""1.3g""","""79μg""","""0.10mg""","""44.6%"""
"""—""","""—""","""2g""","""0μg""","""10.02mg""","""1128""","""82%""","""6μg""","""0mg""","""359mg""","""104.40μg""","""""","""0.02mg""","""—""","""1261mg""","""0g""","""""","""1216kJ""","""4mg""","""82mg""","""88""","""65.3g""","""0.05mg""","""1744.0mg""","""4.20mg""","""24.8g""","""2.1g""","""7mg""","""413mg""","""24mg""","""墨鱼(干)[曼氏无针乌贼]""","""""","""316mg""","""5.9g""","""25μg""","""0.20mg""","""—"""
"""—""","""—""","""1.6g""","""35.0μg""","""2.38mg""","""1129""","""97%""","""""","""""","""42mg""","""38.20μg""","""""","""0.02mg""","""—""","""290mg""","""""","""""","""355kJ""","""1.60mg""","""44mg""","""88""","""17.4g""","""0.06mg""","""110.0mg""","""0.45mg""","""80.4g""","""Tr""","""—""","""19mg""","""0.9mg""","""乌贼(鲜)[鱿鱼，台湾枪乌贼，枪""","""""","""268mg""","""1.1g""","""""","""0.08mg""","""—"""
"""Tr""","""Tr""","""5g""","""0μg""","""11.24mg""","""1130""","""98%""","""6μg""","""0mg""","""192mg""","""156.10μg""","""""","""0.02mg""","""100.0%""","""1131mg""","""0g""","""""","""1323kJ""","""5mg""","""87mg""","""88""","""60.0g""","""0.13mg""","""965.3mg""","""1.07mg""","""21.8g""","""8g""","""10mg""","""392mg""","""4.1mg""","""鱿鱼(干)[台湾枪乌贼]""","""""","""871mg""","""5.8g""","""22μg""","""0.18mg""","""100.0%"""
"""40.7%""","""Tr""","""1g""","""16.0μg""","""1.36mg""","""1131""","""98%""","""1μg""","""0mg""","""61mg""","""14μg""","""""","""0mg""","""100.1%""","""16mg""","""0g""","""""","""319kJ""","""0mg""","""43mg""","""88""","""17.0g""","""0.03mg""","""135mg""","""0.20mg""","""81.4g""","""Tr""","""1mg""","""60mg""","""0.5mg""","""鱿鱼(水浸)""","""""","""0mg""","""0.8g""","""81μg""","""0.06mg""","""59.4%"""
"""—""","""—""","""1.1g""","""0μg""","""1.27mg""","""1132""","""73%""","""1μg""","""0mg""","""21mg""","""38.00μg""","""""","""0.01mg""","""—""","""201mg""","""0g""","""""","""280kJ""","""2.00mg""","""11mg""","""88""","""14.1g""","""0.04mg""","""127mg""","""0.22mg""","""85.3g""","""Tr""","""11mg""","""99mg""","""0.3mg""","""乌鱼蛋""","""""","""243mg""","""0.9g""","""85μg""","""0.04mg""","""—"""
"""—""","""—""","""0.4g""","""7.0μg""","""5.18mg""","""1133""","""100%""","""1μg""","""0mg""","""42mg""","""42μg""","""""","""0.07mg""","""—""","""157mg""","""0g""","""""","""219kJ""","""1.40mg""","""22mg""","""88""","""11g""","""0.13mg""","""288.1mg""","""9.00mg""","""86.4g""","""1.4g""","""0mg""","""106mg""","""1.4mg""","""章鱼[真蛸]""","""""","""114mg""","""1.2g""","""86μg""","""0.40mg""","""—"""
"""67.4%""","""12.8%""","""7.3g""","""73.0μg""","""0.97mg""","""1134""","""100%""","""—""","""Tr""","""11mg""","""35.20μg""","""18.5μg""","""1.05mg""","""99.6%""","""156mg""","""0.00g""","""""","""534kJ""","""0.03mg""","""103mg""","""88""","""12.5g""","""1.58mg""","""103.9mg""","""0.05mg""","""75.2g""","""3.0g""","""—""","""268mg""","""1.3mg""","""甲鱼蛋""","""""","""—""","""2.0g""","""""","""0.02mg""","""19.4%"""
"""43.7%""","""10.6%""","""4.7g""","""4.0μg""","""0.98mg""","""1135""","""100%""","""—""","""—""","""6mg""","""13.40μg""","""—""","""0.01mg""","""100.1%""","""275mg""","""""","""""","""538kJ""","""0.86mg""","""24mg""","""88""","""13.4g""","""0.03mg""","""825.2mg""","""0.14mg""","""71.0g""","""8.0g""","""0.50mg""","""120mg""","""0.9mg""","""墨鱼丸""","""""","""32mg""","""2.9g""","""""","""0.09mg""","""45.8%"""
"""—""","""—""","""28.0g""","""—""","""4.70mg""","""1136""","""100%""","""165.0μg""","""71.0mg""","""50mg""","""—""","""90.0μg""","""0.79mg""","""—""","""551mg""","""""","""商品名：S26金装爱儿乐SMAGOLD。""","""2260kJ""","""4.00mg""","""362mg""","""89""","""12.0g""","""1.18mg""","""126.0mg""","""0.49mg""","""—""","""60.0g""","""—""","""262mg""","""6.3mg""","""婴儿配方奶粉(爱儿乐，惠氏)""","""""","""—""","""—""","""""","""0.07mg""","""—"""
"""—""","""—""","""28.0g""","""—""","""4.70mg""","""1137""","""100%""","""165.0μg""","""71.0mg""","""35mg""","""9.50μg""","""90.0μg""","""0.79mg""","""—""","""512mg""","""""","""商品名：S26爱儿乐SMA。""","""2260kJ""","""3.94mg""","""386mg""","""89""","""11.0g""","""1.18mg""","""126.0mg""","""0.49mg""","""—""","""61.0g""","""—""","""220mg""","""6.3mg""","""婴儿配方奶粉(爱儿乐，惠氏，简装)""","""""","""—""","""—""","""""","""0.07mg""","""—"""
"""—""","""—""","""22.0g""","""—""","""5.00mg""","""1138""","""100%""","""—""","""57.0mg""","""51mg""","""8.00μg""","""62.0μg""","""0.38mg""","""—""","""690mg""","""""","""商品名：爱力大1初生婴儿配方奶粉。""","""2140kJ""","""4.80mg""","""400mg""","""89""","""12.5g""","""0.69mg""","""197.0mg""","""0.29mg""","""—""","""65.5g""","""—""","""290mg""","""8.8mg""","""婴儿配方奶粉(爱力大1，美赞臣)""","""""","""—""","""—""","""""","""0.08mg""","""—"""
"""—""","""—""","""29.0g""","""—""","""3.00mg""","""1139""","""100%""","""—""","""59.0mg""","""42mg""","""—""","""79.0μg""","""0.39mg""","""—""","""590mg""","""""","""""","""2280kJ""","""6.30mg""","""350mg""","""89""","""11.0g""","""0.94mg""","""140.0mg""","""0.33mg""","""—""","""60.0g""","""—""","""230mg""","""9.4mg""","""婴儿配方奶粉(安婴儿，美赞臣)""","""""","""—""","""—""","""""","""0.06mg""","""—"""
"""—""","""—""","""29.0g""","""—""","""5.30mg""","""1140""","""100%""","""—""","""106.0mg""","""42mg""","""14.80μg""","""79.0μg""","""0.39mg""","""—""","""590mg""","""""","""""","""2280kJ""","""6.30mg""","""350mg""","""89""","""11.0g""","""0.94mg""","""140.0mg""","""0.33mg""","""—""","""60.0g""","""—""","""230mg""","""9.4mg""","""婴儿配方奶粉(安婴儿A+，美赞臣)""","""""","""—""","""—""","""""","""0.06mg""","""—"""
"""—""","""—""","""28.0g""","""—""","""5.20mg""","""1141""","""100%""","""—""","""62.0mg""","""42mg""","""—""","""130.0μg""","""0.42mg""","""—""","""570mg""","""""","""""","""2260kJ""","""5.20mg""","""430mg""","""89""","""11.0g""","""0.47mg""","""250.0mg""","""0.39mg""","""—""","""61.0g""","""—""","""290mg""","""9.4mg""","""婴儿配方奶粉(安婴乐，美赞臣)""","""""","""—""","""—""","""""","""0.14mg""","""—"""
"""—""","""—""","""27.0g""","""—""","""4.80mg""","""1142""","""100%""","""45.0μg""","""50.0mg""","""45mg""","""—""","""90.0μg""","""0.40mg""","""—""","""540mg""","""""","""""","""2157kJ""","""5.00mg""","""360mg""","""89""","""12.6g""","""0.80mg""","""160.0mg""","""0.31mg""","""2.7g""","""55.5g""","""—""","""210mg""","""7.0mg""","""婴儿配方奶粉(吉利蜜1，森永牌)""","""""","""—""","""2.2g""","""""","""0.02mg""","""—"""
"""—""","""—""","""25.0g""","""—""","""4.00mg""","""1143""","""100%""","""100.0μg""","""40.0mg""","""30mg""","""—""","""80.0μg""","""0.40mg""","""—""","""680mg""","""""","""""","""2132kJ""","""4.00mg""","""350mg""","""89""","""12.0g""","""0.50mg""","""280.0mg""","""0.40mg""","""4.0g""","""59.0g""","""—""","""230mg""","""8.0mg""","""婴儿配方奶粉(可淇牌)""","""""","""—""","""—""","""""","""—""","""—"""
"""—""","""—""","""25.8g""","""—""","""4.10mg""","""1144""","""100%""","""—""","""51.0mg""","""45mg""","""4.40μg""","""90.0μg""","""0.46mg""","""—""","""500mg""","""""","""商品名：力多精1初生婴儿配方奶粉（含铁质）。""","""2123kJ""","""0.38mg""","""430mg""","""89""","""12.5g""","""0.76mg""","""170.0mg""","""0.35mg""","""3.0g""","""56.2g""","""—""","""310mg""","""7.6mg""","""婴儿配方奶粉(力多精1，雀巢)""","""""","""—""","""2.5g""","""""","""0.05mg""","""—"""
"""—""","""—""","""27.0g""","""445.0μg""","""4.60mg""","""1145""","""100%""","""310.0μg""","""70.0mg""","""46mg""","""13.00μg""","""57.0μg""","""0.34mg""","""—""","""500mg""","""1.90g""","""""","""2172kJ""","""5.90mg""","""385mg""","""89""","""11.1g""","""0.70mg""","""155.0mg""","""0.38mg""","""3.0g""","""58.9g""","""—""","""230mg""","""6.0mg""","""婴儿配方奶粉(美素力1)""","""""","""—""","""—""","""""","""0.26mg""","""—"""
"""—""","""—""","""27.0g""","""445.0μg""","""4.60mg""","""1146""","""100%""","""310.0μg""","""65.0mg""","""46mg""","""—""","""54.0μg""","""0.34mg""","""—""","""500mg""","""""","""""","""2192kJ""","""5.90mg""","""385mg""","""89""","""10.8g""","""0.70mg""","""155.0mg""","""0.39mg""","""2.8g""","""59.4g""","""—""","""230mg""","""6.0mg""","""婴儿配方奶粉(美素力H)""","""""","""—""","""—""","""""","""0.05mg""","""—"""
"""—""","""—""","""27.0g""","""445.0μg""","""4.60mg""","""1147""","""100%""","""310.0μg""","""65.0mg""","""46mg""","""—""","""54.0μg""","""0.34mg""","""—""","""500mg""","""""","""""","""2192kJ""","""5.90mg""","""385mg""","""89""","""10.8g""","""0.70mg""","""155.0mg""","""0.39mg""","""2.8g""","""59.4g""","""—""","""230mg""","""6.0mg""","""婴儿配方奶粉(美素力，袋装)""","""""","""—""","""—""","""""","""0.05mg""","""—"""
"""—""","""—""","""28.0g""","""—""","""3.50mg""","""1148""","""100%""","""—""","""70.0mg""","""48mg""","""15.00μg""","""40.0μg""","""0.40mg""","""—""","""610mg""","""""","""商品名：圣元优聪配方1段初生婴儿奶粉。""","""2260kJ""","""4.00mg""","""400mg""","""89""","""12.5g""","""0.80mg""","""220.0mg""","""0.33mg""","""—""","""59.5g""","""—""","""330mg""","""7.6mg""","""婴儿配方奶粉(圣元牌)""","""""","""—""","""—""","""""","""0.10mg""","""—"""
"""30.9%""","""21.6%""","""27.5g""","""—""","""5.00mg""","""1149""","""100%""","""—""","""40.0mg""","""50mg""","""6.00μg""","""80.0μg""","""0.50mg""","""99.8%""","""680mg""","""""","""商品名：完达山1段配方奶粉。""","""2123kJ""","""4.00mg""","""420mg""","""89""","""13.3g""","""0.80mg""","""220.0mg""","""0.40mg""","""4.5g""","""51.7g""","""—""","""330mg""","""8.5mg""","""婴儿配方奶粉(完达山牌)""","""""","""—""","""3.0g""","""""","""0.08mg""","""47.3%"""
"""—""","""—""","""27.0g""","""—""","""3.50mg""","""1150""","""100%""","""—""","""70.0mg""","""58mg""","""10.00μg""","""40.0μg""","""0.40mg""","""—""","""—""","""""","""商品名：圣元优强婴儿补钙奶粉。""","""2240kJ""","""4.00mg""","""400mg""","""89""","""12.8g""","""0.50mg""","""—""","""0.33mg""","""—""","""60.2g""","""—""","""330mg""","""7.6mg""","""婴儿奶粉(高钙，圣元牌)""","""""","""—""","""—""","""""","""0.05mg""","""—"""
"""—""","""—""","""27.0g""","""—""","""4.60mg""","""1151""","""100%""","""162.0μg""","""69.0mg""","""52mg""","""9.40μg""","""90.5μg""","""0.77mg""","""—""","""554mg""","""""","""商品名：S26爱儿素Nursoy。""","""2240kJ""","""4.62mg""","""515mg""","""89""","""14.0g""","""1.15mg""","""146.0mg""","""0.46mg""","""—""","""59.0g""","""—""","""385mg""","""9.2mg""","""婴儿配方豆粉(爱儿素，惠氏)""","""""","""—""","""—""","""""","""0.21mg""","""—"""
"""—""","""—""","""16.8g""","""—""","""3.80mg""","""1152""","""100%""","""—""","""61.0mg""","""64mg""","""6.90μg""","""37.0μg""","""0.43mg""","""—""","""870mg""","""""","""""","""2036kJ""","""5.00mg""","""770mg""","""89""","""16.1g""","""0.93mg""","""240.0mg""","""0.29mg""","""—""","""67.1g""","""—""","""460mg""","""8.2mg""","""较大婴儿配方奶粉(爱力大2，美赞臣)""","""""","""—""","""—""","""""","""0.06mg""","""—"""
"""—""","""—""","""16.2g""","""—""","""5.00mg""","""1153""","""100%""","""—""","""60.0mg""","""63mg""","""—""","""46.0μg""","""0.40mg""","""—""","""880mg""","""""","""""","""2024kJ""","""4.90mg""","""790mg""","""89""","""15.2g""","""0.95mg""","""250.0mg""","""0.27mg""","""—""","""68.6g""","""—""","""620mg""","""8.3mg""","""较大婴儿配方奶粉(安婴宝，美赞臣)""","""""","""—""","""—""","""""","""0.07mg""","""—"""
"""—""","""—""","""16.3g""","""—""","""5.00mg""","""1154""","""100%""","""—""","""91.0mg""","""51mg""","""—""","""104.0μg""","""0.36mg""","""—""","""720mg""","""""","""""","""2026kJ""","""5.40mg""","""530mg""","""89""","""15.9g""","""1.04mg""","""186.0mg""","""0.38mg""","""—""","""67.8g""","""—""","""410mg""","""8.0mg""","""较大婴儿配方奶粉(安婴宝A+，美赞臣)""","""""","""—""","""—""","""""","""0.10mg""","""—"""
"""—""","""—""","""20.0g""","""—""","""4.20mg""","""1155""","""100%""","""148.0μg""","""63.0mg""","""62mg""","""—""","""90.0μg""","""0.70mg""","""—""","""880mg""","""""","""商品名：S26金装健儿乐强化铁质较大婴儿配方奶粉。""","""2100kJ""","""2.46mg""","""810mg""","""89""","""18.0g""","""1.06mg""","""264.0mg""","""0.30mg""","""—""","""62.0g""","""—""","""493mg""","""7.0mg""","""较大婴儿配方奶粉(健儿乐，惠氏)""","""""","""—""","""—""","""""","""0.08mg""","""—"""
"""—""","""—""","""20.0g""","""—""","""4.20mg""","""1156""","""100%""","""148.0μg""","""63.0mg""","""62mg""","""9.50μg""","""90.0μg""","""0.70mg""","""—""","""880mg""","""""","""商品名：S26健儿乐PROMIL。""","""2100kJ""","""2.46mg""","""810mg""","""89""","""18.0g""","""1.06mg""","""264.0mg""","""0.30mg""","""—""","""62.0g""","""—""","""493mg""","""7.0mg""","""较大婴儿配方奶粉(健儿乐，惠氏，简装)""","""""","""—""","""—""","""""","""0.08mg""","""—"""
"""—""","""—""","""21.0g""","""—""","""5.00mg""","""1157""","""100%""","""100.0μg""","""52.0mg""","""30mg""","""—""","""90.0μg""","""0.31mg""","""—""","""950mg""","""""","""""","""2052kJ""","""3.12mg""","""360mg""","""89""","""15.0g""","""0.31mg""","""450.0mg""","""0.46mg""","""4.0g""","""60.0g""","""—""","""180mg""","""8.5mg""","""较大婴儿配方奶粉(可淇牌)""","""""","""—""","""—""","""""","""—""","""—"""
"""—""","""—""","""21.0g""","""360.0μg""","""4.70mg""","""1158""","""100%""","""350.0μg""","""88.0mg""","""55mg""","""12.00μg""","""53.0μg""","""0.47mg""","""—""","""635mg""","""2.60g""","""商品名：美素乐较大婴儿及幼儿配方奶粉2段。""","""2046kJ""","""5.70mg""","""480mg""","""89""","""15.0g""","""0.90mg""","""185.0mg""","""0.47mg""","""3.0g""","""61.0g""","""—""","""355mg""","""7.3mg""","""较大婴儿配方奶粉(美素乐2)""","""""","""—""","""—""","""""","""0.48mg""","""—"""
"""—""","""—""","""21.5g""","""310.0μg""","""4.70mg""","""1159""","""100%""","""350.0μg""","""88.0mg""","""55mg""","""—""","""53.0μg""","""0.47mg""","""—""","""635mg""","""""","""""","""2025kJ""","""5.70mg""","""555mg""","""89""","""15.0g""","""0.73mg""","""230.0mg""","""0.47mg""","""3.0g""","""57.3g""","""—""","""410mg""","""7.3mg""","""较大婴儿配方奶粉(美素乐)""","""""","""—""","""3.2g""","""""","""0.06mg""","""—"""
"""—""","""—""","""21.5g""","""310.0μg""","""4.70mg""","""1160""","""100%""","""350.0μg""","""88.0mg""","""55mg""","""—""","""53.0μg""","""0.47mg""","""—""","""635mg""","""""","""""","""2025kJ""","""5.70mg""","""555mg""","""89""","""15.0g""","""0.73mg""","""230.0mg""","""0.47mg""","""3.0g""","""57.3g""","""—""","""410mg""","""7.3mg""","""较大婴儿配方奶粉(美素乐，袋装)""","""""","""—""","""3.2g""","""""","""0.06mg""","""—"""
"""—""","""—""","""20.0g""","""—""","""5.00mg""","""1161""","""100%""","""45.0μg""","""50.0mg""","""45mg""","""—""","""90.0μg""","""0.50mg""","""—""","""820mg""","""""","""""","""1981kJ""","""6.00mg""","""600mg""","""89""","""18.0g""","""0.80mg""","""250.0mg""","""0.46mg""","""3.0g""","""55.0g""","""—""","""350mg""","""7.0mg""","""较大婴幼儿配方奶粉(吉利蜜2，森永牌)""","""""","""—""","""4.0g""","""""","""—""","""—"""
"""—""","""—""","""19.0g""","""—""","""5.60mg""","""1162""","""100%""","""—""","""—""","""84mg""","""6.30μg""","""90.0μg""","""0.70mg""","""—""","""1130mg""","""""","""商品名：力多精2较大婴儿及幼童奶粉。""","""1947kJ""","""0.93mg""","""770mg""","""89""","""20.4g""","""1.10mg""","""330.0mg""","""0.56mg""","""3.0g""","""52.8g""","""—""","""590mg""","""7.9mg""","""较大婴幼儿配方奶粉(力多精2，雀巢)""","""""","""—""","""4.8g""","""""","""0.06mg""","""—"""
"""—""","""—""","""23.0g""","""—""","""5.00mg""","""1163""","""100%""","""—""","""70.0mg""","""58mg""","""15.50μg""","""50.0μg""","""0.40mg""","""—""","""790mg""","""""","""商品名：圣元优聪配方2段较大婴儿奶粉。""","""2160kJ""","""4.00mg""","""600mg""","""89""","""15.0g""","""0.90mg""","""290.0mg""","""0.33mg""","""—""","""62.0g""","""—""","""427mg""","""6.7mg""","""较大婴儿配方奶粉(圣元牌)""","""""","""—""","""—""","""""","""0.15mg""","""—"""
"""—""","""—""","""22.5g""","""—""","""5.00mg""","""1164""","""100%""","""—""","""—""","""41mg""","""—""","""50.0μg""","""0.40mg""","""—""","""721mg""","""""","""商品名：圣元优强幼儿补钙奶粉。""","""2150kJ""","""4.00mg""","""700mg""","""89""","""15.0g""","""0.60mg""","""246.0mg""","""0.33mg""","""—""","""62.5g""","""—""","""400mg""","""6.7mg""","""较大婴幼儿奶粉(高钙，圣元牌)""","""""","""—""","""—""","""""","""0.05mg""","""—"""
"""26.0%""","""9.1%""","""18.0g""","""—""","""5.00mg""","""1165""","""100%""","""—""","""40.0mg""","""65mg""","""—""","""80.0μg""","""0.50mg""","""99.9%""","""800mg""","""""","""商品名：完达山2段配方奶粉。""","""1984kJ""","""4.00mg""","""600mg""","""89""","""18.0g""","""0.80mg""","""300.0mg""","""0.42mg""","""—""","""59.5g""","""—""","""520mg""","""8.5mg""","""较大婴幼儿配方奶粉(完达山牌)""","""""","""—""","""4.5g""","""""","""0.04mg""","""64.8%"""
"""—""","""—""","""16.3g""","""—""","""4.60mg""","""1166""","""100%""","""—""","""63.0mg""","""63mg""","""9.20μg""","""44.0μg""","""0.45mg""","""—""","""870mg""","""""","""商品名：爱力大3成长配方奶粉。""","""2026kJ""","""5.20mg""","""830mg""","""89""","""16.6g""","""0.95mg""","""230.0mg""","""0.39mg""","""—""","""67.1g""","""—""","""430mg""","""7.5mg""","""幼儿奶粉(爱力大3，美赞臣)""","""""","""—""","""—""","""""","""0.07mg""","""—"""
"""—""","""—""","""15.0g""","""—""","""4.50mg""","""1167""","""100%""","""—""","""45.0mg""","""67mg""","""—""","""31.0μg""","""0.40mg""","""—""","""900mg""","""""","""商品名：安儿宝高蛋白成长奶粉。""","""2000kJ""","""5.40mg""","""750mg""","""89""","""17.8g""","""0.65mg""","""250.0mg""","""0.40mg""","""—""","""67.2g""","""—""","""470mg""","""8.0mg""","""幼儿奶粉(安儿宝，美赞臣)""","""""","""—""","""—""","""""","""0.05mg""","""—"""
"""—""","""—""","""15.0g""","""—""","""4.50mg""","""1168""","""100%""","""—""","""45.0mg""","""67mg""","""—""","""31.0μg""","""0.40mg""","""—""","""900mg""","""""","""商品名：安儿宝A+高蛋白成长奶粉。""","""2000kJ""","""5.40mg""","""750mg""","""89""","""17.8g""","""0.65mg""","""250.0mg""","""0.40mg""","""—""","""67.2g""","""—""","""480mg""","""8.1mg""","""幼儿奶粉(安儿宝A+，美赞臣)""","""""","""—""","""—""","""""","""0.05mg""","""—"""
"""—""","""—""","""15.8g""","""—""","""4.50mg""","""1169""","""100%""","""95.0μg""","""54.0mg""","""50mg""","""—""","""90.0μg""","""0.41mg""","""—""","""811mg""","""""","""商品名：S26金装幼儿乐奶粉。""","""2016kJ""","""5.20mg""","""450mg""","""89""","""15.8g""","""0.72mg""","""212.0mg""","""0.48mg""","""—""","""68.4g""","""—""","""360mg""","""6.8mg""","""幼儿奶粉(惠氏)""","""""","""—""","""—""","""""","""0.50mg""","""—"""
"""—""","""—""","""16.0g""","""—""","""4.50mg""","""1170""","""100%""","""95.0μg""","""54.0mg""","""50mg""","""—""","""84.5μg""","""0.41mg""","""—""","""811mg""","""""","""商品名：S26幼儿乐奶粉。""","""2020kJ""","""5.20mg""","""450mg""","""89""","""15.8g""","""0.72mg""","""212.0mg""","""0.48mg""","""—""","""68.2g""","""—""","""360mg""","""6.8mg""","""幼儿奶粉(惠氏，简装)""","""""","""—""","""—""","""""","""0.50mg""","""—"""
"""—""","""—""","""18.0g""","""—""","""5.00mg""","""1171""","""100%""","""100.0μg""","""50.0mg""","""45mg""","""—""","""100.0μg""","""0.40mg""","""—""","""700mg""","""""","""商品名：可淇幼儿配方奶粉""","""1992kJ""","""3.00mg""","""750mg""","""89""","""16.5g""","""0.40mg""","""320.0mg""","""0.45mg""","""4.0g""","""61.5g""","""—""","""417mg""","""9.0mg""","""幼儿奶粉(可淇牌)""","""""","""—""","""—""","""""","""—""","""—"""
"""—""","""—""","""18.4g""","""375.0μg""","""6.00mg""","""1172""","""100%""","""300.0μg""","""115.0mg""","""90mg""","""10.00μg""","""80.0μg""","""0.73mg""","""—""","""930mg""","""2.70g""","""商品名：美素高成长配方奶粉3段。""","""1916kJ""","""9.25mg""","""890mg""","""89""","""22.1g""","""0.96mg""","""270.0mg""","""0.28mg""","""2.8g""","""52.0g""","""—""","""740mg""","""10.0mg""","""幼儿奶粉(美素高)""","""""","""—""","""4.7g""","""""","""1.00mg""","""—"""
"""—""","""—""","""18.4g""","""375.0μg""","""6.00mg""","""1173""","""100%""","""500.0μg""","""115.0mg""","""90mg""","""10.00μg""","""80.0μg""","""0.73mg""","""—""","""930mg""","""""","""商品名：美素高成长配方奶粉（香草味）。""","""2017kJ""","""9.30mg""","""890mg""","""89""","""22.1g""","""0.96mg""","""270.0mg""","""0.28mg""","""3.0g""","""56.5g""","""—""","""740mg""","""10.0mg""","""幼儿奶粉(美素高，全能装)""","""""","""—""","""—""","""""","""1.00mg""","""—"""
"""—""","""—""","""18.4g""","""375.0μg""","""6.00mg""","""1174""","""100%""","""500.0μg""","""115.0mg""","""90mg""","""10.00μg""","""80.0μg""","""0.73mg""","""—""","""930mg""","""""","""商品名：美素高成长配方奶粉（香草味）。""","""2017kJ""","""9.30mg""","""890mg""","""89""","""22.1g""","""0.96mg""","""270.0mg""","""0.28mg""","""3.0g""","""56.5g""","""—""","""740mg""","""8.0mg""","""幼儿奶粉(美素高，袋装)""","""""","""—""","""—""","""""","""1.00mg""","""—"""
"""—""","""—""","""19.0g""","""—""","""14.00mg""","""1175""","""100%""","""—""","""71.0mg""","""70mg""","""—""","""90.0μg""","""0.97mg""","""—""","""1010mg""","""""","""商品名：雀巢成长奶粉""","""1947kJ""","""1.40mg""","""780mg""","""89""","""21.6g""","""1.10mg""","""305.0mg""","""0.19mg""","""3.0g""","""51.6g""","""—""","""640mg""","""8.3mg""","""幼儿奶粉(雀巢)""","""""","""—""","""4.8g""","""""","""0.03mg""","""—"""
"""—""","""—""","""18.0g""","""—""","""14.00mg""","""1176""","""100%""","""—""","""71.0mg""","""60mg""","""—""","""90.0μg""","""0.97mg""","""—""","""865mg""","""""","""商品名：雀巢金牌成长奶粉""","""1938kJ""","""1.40mg""","""720mg""","""89""","""18.5g""","""1.10mg""","""275.0mg""","""0.19mg""","""3.0g""","""56.3g""","""—""","""552mg""","""8.3mg""","""幼儿奶粉(雀巢金牌)""","""""","""—""","""4.2g""","""""","""0.03mg""","""—"""
"""—""","""—""","""17.5g""","""—""","""5.00mg""","""1177""","""100%""","""45.0μg""","""45.0mg""","""70mg""","""—""","""90.0μg""","""0.80mg""","""—""","""960mg""","""""","""商品名：森永吉利蜜3成长奶粉。""","""1923kJ""","""10.00mg""","""700mg""","""89""","""20.0g""","""0.80mg""","""290.0mg""","""0.46mg""","""3.0g""","""55.0g""","""—""","""410mg""","""8.0mg""","""幼儿奶粉(森永牌)""","""""","""—""","""4.5g""","""""","""—""","""—"""
"""—""","""—""","""18.5g""","""—""","""5.00mg""","""1178""","""100%""","""—""","""70.0mg""","""61mg""","""15.50μg""","""50.0μg""","""0.40mg""","""—""","""859mg""","""""","""商品名：圣元优聪3段幼儿成长奶粉。""","""2070kJ""","""4.00mg""","""600mg""","""89""","""17.5g""","""0.80mg""","""300.0mg""","""0.33mg""","""—""","""64.0g""","""—""","""517mg""","""6.7mg""","""幼儿奶粉(圣元牌)""","""""","""—""","""—""","""""","""0.15mg""","""—"""
"""—""","""—""","""0.1g""","""—""","""0.17mg""","""1179""","""100%""","""1807.0μg""","""94.0mg""","""6mg""","""Tr""","""—""","""0.01mg""","""—""","""92mg""","""1.10g""","""""","""174kJ""","""0.28mg""","""6mg""","""90""","""0.8g""","""0.02mg""","""42.7mg""","""0.14mg""","""89.0g""","""9.8g""","""—""","""13mg""","""0.2mg""","""胡萝卜苹果泥(亨氏)""","""""","""—""","""0.3g""","""""","""0.23mg""","""—"""
"""32.6%""","""2.8%""","""2.2g""","""—""","""0.71mg""","""1180""","""100%""","""—""","""—""","""9mg""","""6.10μg""","""—""","""0.04mg""","""99.2%""","""119mg""","""0.60g""","""""","""326kJ""","""1.09mg""","""22mg""","""90""","""4.0g""","""0.21mg""","""51.4mg""","""0.04mg""","""82.5g""","""10.7g""","""0.00mg""","""118mg""","""3.4mg""","""鸡肝蔬菜泥(亨氏)""","""""","""—""","""0.6g""","""""","""0.40mg""","""63.8%"""
"""—""","""—""","""0.2g""","""—""","""0.18mg""","""1181""","""100%""","""6085.0μg""","""64.0mg""","""4mg""","""Tr""","""—""","""0.02mg""","""—""","""132mg""","""2.20g""","""""","""134kJ""","""0.66mg""","""10mg""","""90""","""1.0g""","""0.03mg""","""110.2mg""","""0.03mg""","""90.7g""","""7.6g""","""—""","""23mg""","""0.3mg""","""香甜胡萝卜泥(亨氏)""","""""","""—""","""0.5g""","""""","""0.19mg""","""—"""
"""—""","""—""","""8.0g""","""0μg""","""2.00mg""","""1182""","""100%""","""2μg""","""0mg""","""184mg""","""7.20μg""","""""","""0.09mg""","""—""","""528mg""","""0g""","""""","""1787kJ""","""1.10mg""","""149mg""","""91""","""19.0g""","""0.09mg""","""15.3mg""","""1mg""","""2.7g""","""69g""","""5mg""","""257mg""","""4.3mg""","""豆奶粉""","""""","""90mg""","""1.6g""","""3μg""","""1.20mg""","""—"""
"""—""","""—""","""2.5g""","""—""","""5.50mg""","""1183""","""100%""","""—""","""35.0mg""","""—""","""—""","""20.0μg""","""0.70mg""","""—""","""1000mg""","""""","""""","""1697kJ""","""0.30mg""","""600mg""","""91""","""6.1g""","""0.40mg""","""10.0mg""","""—""","""—""","""88.3g""","""—""","""470mg""","""8.0mg""","""米粉(雀巢)""","""""","""—""","""3.1g""","""""","""—""","""—"""
"""—""","""—""","""9.0g""","""—""","""5.50mg""","""1184""","""100%""","""—""","""30.0mg""","""—""","""—""","""50.0μg""","""0.65mg""","""—""","""835mg""","""""","""""","""1771kJ""","""0.40mg""","""600mg""","""91""","""15.0g""","""0.60mg""","""164.0mg""","""—""","""2.5g""","""69.6g""","""—""","""500mg""","""8.0mg""","""米粉(高蛋白，雀巢)""","""""","""—""","""3.9g""","""""","""—""","""—"""
"""19.5%""","""11.8%""","""2.0g""","""1131.0μg""","""4.75mg""","""1185""","""100%""","""—""","""—""","""64mg""","""4.10μg""","""—""","""0.52mg""","""100.0%""","""581mg""","""2.30g""","""""","""1611kJ""","""4.50mg""","""669mg""","""91""","""15.7g""","""0.70mg""","""30.2mg""","""0.37mg""","""3.1g""","""75.9g""","""—""","""687mg""","""9.0mg""","""米粉(高蛋白，亨氏)""","""""","""—""","""3.3g""","""""","""0.36mg""","""68.7%"""
"""—""","""—""","""2.8g""","""—""","""5.50mg""","""1186""","""100%""","""—""","""35.0mg""","""—""","""—""","""20.0μg""","""0.70mg""","""—""","""1130mg""","""""","""""","""1654kJ""","""0.30mg""","""585mg""","""91""","""5.4g""","""0.40mg""","""15.0mg""","""—""","""2.5g""","""85.8g""","""—""","""460mg""","""8.0mg""","""米粉(苹果，雀巢)""","""""","""—""","""3.5g""","""""","""—""","""—"""
"""—""","""—""","""3.0g""","""—""","""4.00mg""","""1187""","""100%""","""—""","""—""","""—""","""—""","""—""","""0.50mg""","""—""","""—""","""""","""""","""1672kJ""","""4.00mg""","""550mg""","""91""","""10.0g""","""0.50mg""","""—""","""—""","""3.0g""","""81.8g""","""—""","""380mg""","""10.0mg""","""米粉(蔬菜，亨氏)""","""""","""—""","""2.2g""","""""","""—""","""—"""
"""—""","""—""","""3.2g""","""—""","""5.50mg""","""1188""","""100%""","""—""","""35.0mg""","""—""","""—""","""20.0μg""","""0.70mg""","""—""","""1100mg""","""""","""""","""1665kJ""","""0.30mg""","""585mg""","""91""","""6.7g""","""0.40mg""","""20.0mg""","""—""","""2.5g""","""84.3g""","""—""","""430mg""","""8.0mg""","""米粉(蔬菜，雀巢)""","""""","""—""","""3.3g""","""""","""—""","""—"""
"""—""","""—""","""1.5g""","""—""","""4.00mg""","""1189""","""100%""","""—""","""—""","""—""","""—""","""—""","""0.50mg""","""—""","""—""","""""","""""","""1640kJ""","""4.00mg""","""400mg""","""91""","""5.0g""","""0.50mg""","""—""","""—""","""3.5g""","""88.2g""","""—""","""280mg""","""10.0mg""","""米粉(胡萝卜，亨氏)""","""""","""—""","""1.8g""","""""","""—""","""—"""
"""—""","""—""","""4.1g""","""—""","""5.50mg""","""1190""","""100%""","""—""","""35.0mg""","""—""","""—""","""20.0μg""","""0.70mg""","""—""","""1100mg""","""""","""""","""1680kJ""","""0.30mg""","""585mg""","""91""","""6.4g""","""0.40mg""","""40.0mg""","""—""","""2.5g""","""83.5g""","""—""","""460mg""","""8.0mg""","""米粉(胡萝卜，雀巢)""","""""","""—""","""3.5g""","""""","""—""","""—"""
"""—""","""—""","""2.0g""","""—""","""4.00mg""","""1191""","""100%""","""—""","""—""","""—""","""—""","""—""","""0.50mg""","""—""","""—""","""""","""""","""1658kJ""","""4.00mg""","""400mg""","""91""","""6.2g""","""0.50mg""","""—""","""—""","""3.0g""","""87.0g""","""—""","""280mg""","""10.0mg""","""米粉(番茄，亨氏)""","""""","""—""","""1.8g""","""""","""—""","""—"""
"""—""","""—""","""3.0g""","""—""","""5.60mg""","""1192""","""100%""","""—""","""—""","""—""","""—""","""—""","""0.50mg""","""—""","""—""","""""","""""","""1658kJ""","""4.00mg""","""600mg""","""91""","""10.0g""","""0.50mg""","""—""","""—""","""3.5g""","""81.0g""","""—""","""420mg""","""15.0mg""","""米粉(猪肝蔬菜，亨氏)""","""""","""—""","""2.5g""","""""","""—""","""—"""
"""—""","""—""","""1.5g""","""—""","""4.00mg""","""1193""","""100%""","""—""","""—""","""—""","""—""","""—""","""0.50mg""","""—""","""—""","""""","""""","""1626kJ""","""4.50mg""","""680mg""","""91""","""14.5g""","""0.50mg""","""—""","""—""","""3.5g""","""77.9g""","""—""","""480mg""","""10.0mg""","""米粉(鱼肉蔬菜，亨氏)""","""""","""—""","""2.6g""","""""","""—""","""—"""
"""—""","""—""","""3.4g""","""—""","""5.50mg""","""1194""","""100%""","""—""","""35.0mg""","""—""","""—""","""20.0μg""","""0.70mg""","""—""","""1000mg""","""""","""""","""1664kJ""","""0.30mg""","""610mg""","""91""","""8.4g""","""0.40mg""","""2.0mg""","""—""","""3.0g""","""82.1g""","""—""","""455mg""","""8.0mg""","""麦粉(蜂蜜，雀巢)""","""""","""—""","""3.1g""","""""","""—""","""—"""
"""—""","""—""","""0g""","""0μg""","""0.32mg""","""1195""","""100%""","""0μg""","""0mg""","""13mg""","""2μg""","""""","""0.02mg""","""—""","""53mg""","""0g""","""""","""811kJ""","""1mg""","""19mg""","""92""","""4.3g""","""0.04mg""","""2mg""","""1mg""","""52.1g""","""43.4g""","""0mg""","""34mg""","""0.5mg""","""艾窝窝""","""""","""0mg""","""0.2g""","""52μg""","""0.35mg""","""—"""
"""46.6%""","""5.7%""","""11.0g""","""13.0μg""","""2mg""","""1196""","""100%""","""4μg""","""0mg""","""11mg""","""11.20μg""","""""","""0mg""","""99.6%""","""32mg""","""0g""","""""","""808kJ""","""1.40mg""","""41mg""","""92""","""22.4g""","""0.28mg""","""899.4mg""","""0.12mg""","""61.9g""","""1.2g""","""1mg""","""110mg""","""5.4mg""","""白水羊头""","""""","""92mg""","""3.5g""","""62μg""","""0.20mg""","""47.3%"""
"""—""","""—""","""0.1g""","""0μg""","""0.43mg""","""1197""","""100%""","""2μg""","""0mg""","""17mg""","""1μg""","""""","""0.05mg""","""—""","""42mg""","""0g""","""""","""395kJ""","""0.40mg""","""17mg""","""92""","""2g""","""0.04mg""","""24mg""","""0.07mg""","""75.2g""","""21.5g""","""0mg""","""41mg""","""1.1mg""","""茶汤""","""""","""0mg""","""1.7g""","""75μg""","""0.11mg""","""—"""
"""39.4%""","""10.8%""","""8.0g""","""150.0μg""","""1mg""","""1198""","""100%""","""1μg""","""0mg""","""14mg""","""0.40μg""","""""","""0.01mg""","""100.1%""","""27mg""","""0g""","""""","""402kJ""","""2.10mg""","""22mg""","""92""","""3g""","""0.02mg""","""260mg""","""0.03mg""","""84.8g""","""3.3g""","""0mg""","""28mg""","""3mg""","""炒肝""","""""","""91mg""","""1.1g""","""85μg""","""0.09mg""","""49.9%"""
"""—""","""—""","""34g""","""0μg""","""1mg""","""1199""","""100%""","""2μg""","""0mg""","""36mg""","""6.40μg""","""""","""0.01mg""","""—""","""89mg""","""1g""","""""","""1942kJ""","""3.00mg""","""10mg""","""92""","""6.1g""","""0.01mg""","""486mg""","""0.07mg""","""23.5g""","""34.8g""","""4mg""","""94mg""","""2mg""","""春卷""","""""","""0mg""","""1.9g""","""24μg""","""0.33mg""","""—"""
"""—""","""—""","""2g""","""0μg""","""0.45mg""","""1200""","""100%""","""2μg""","""0mg""","""35mg""","""0.50μg""","""""","""0.01mg""","""—""","""108mg""","""0g""","""""","""203kJ""","""0.40mg""","""301mg""","""92""","""3g""","""0.01mg""","""236mg""","""0.06mg""","""88.1g""","""5.4g""","""1mg""","""46mg""","""2mg""","""豆腐脑(带卤)""","""""","""0mg""","""2.1g""","""88μg""","""0.18mg""","""—"""
"""—""","""—""","""0.3g""","""0μg""","""0.16mg""","""1201""","""100%""","""1μg""","""0mg""","""5mg""","""5.10μg""","""""","""0.01mg""","""—""","""18mg""","""0g""","""""","""572kJ""","""0.10mg""","""11mg""","""92""","""0.2g""","""0.13mg""","""12.5mg""","""0.04mg""","""66.1g""","""32.8g""","""0mg""","""11mg""","""6mg""","""灌肠""","""""","""0mg""","""0.6g""","""66μg""","""0.17mg""","""—"""
"""—""","""—""","""1g""","""0μg""","""2mg""","""1202""","""100%""","""1μg""","""0mg""","""86mg""","""4μg""","""""","""0.10mg""","""—""","""117mg""","""9g""","""""","""1580kJ""","""0.20mg""","""9mg""","""92""","""8g""","""0.04mg""","""86mg""","""0.41mg""","""6.8g""","""83.8g""","""0mg""","""320mg""","""7.0mg""","""煎饼""","""""","""0mg""","""1.1g""","""7μg""","""1mg""","""—"""
"""—""","""—""","""35g""","""0μg""","""2mg""","""1203""","""100%""","""4μg""","""0mg""","""103mg""","""11.40μg""","""""","""0mg""","""—""","""263mg""","""2g""","""""","""2240kJ""","""8.40mg""","""24mg""","""92""","""7g""","""0.01mg""","""762.2mg""","""0.20mg""","""5.7g""","""48.9g""","""1mg""","""157mg""","""0mg""","""焦圈""","""""","""0mg""","""3.6g""","""6μg""","""2mg""","""—"""
"""—""","""—""","""16.4g""","""7μg""","""0.40mg""","""1204""","""100%""","""40.0μg""","""0mg""","""23mg""","""13μg""","""""","""0.08mg""","""—""","""81mg""","""3g""","""""","""1878kJ""","""4.20mg""","""15mg""","""92""","""7.2g""","""0.03mg""","""17mg""","""0.16mg""","""8.3g""","""67.6g""","""6mg""","""54mg""","""3mg""","""京八件""","""""","""0mg""","""0.5g""","""8μg""","""0.34mg""","""—"""
"""—""","""—""","""1g""","""0μg""","""1mg""","""1205""","""100%""","""1μg""","""0mg""","""22mg""","""1μg""","""""","""0.06mg""","""—""","""16mg""","""1g""","""""","""1290kJ""","""0.40mg""","""80mg""","""92""","""4g""","""0.12mg""","""6.1mg""","""0.10mg""","""24.1g""","""70.9g""","""1mg""","""41mg""","""1mg""","""栗羊羹""","""""","""0mg""","""0.7g""","""24μg""","""0.26mg""","""—"""
"""—""","""—""","""0.3g""","""0μg""","""0.24mg""","""1206""","""100%""","""0μg""","""0mg""","""3mg""","""1μg""","""""","""0.02mg""","""—""","""5mg""","""1g""","""""","""166kJ""","""0.20mg""","""9mg""","""92""","""0.2g""","""0.01mg""","""3mg""","""0.06mg""","""90.5g""","""8.9g""","""0mg""","""1mg""","""1.3mg""","""凉粉""","""""","""0mg""","""0.1g""","""90μg""","""0.01mg""","""—"""
"""—""","""—""","""2g""","""0μg""","""1.21mg""","""1207""","""100%""","""0μg""","""0mg""","""8mg""","""9μg""","""""","""0mg""","""—""","""10mg""","""0g""","""""","""711kJ""","""0mg""","""2mg""","""92""","""5g""","""0mg""","""164mg""","""0.08mg""","""59.8g""","""33.3g""","""1mg""","""61mg""","""4.2mg""","""凉面""","""""","""0mg""","""0.4g""","""60μg""","""0.28mg""","""—"""
"""—""","""—""","""0.1g""","""0μg""","""2mg""","""1208""","""100%""","""3μg""","""0mg""","""32mg""","""4.10μg""","""""","""0mg""","""—""","""25mg""","""2g""","""""","""1467kJ""","""0.30mg""","""112mg""","""92""","""1g""","""0.01mg""","""640mg""","""1mg""","""11.1g""","""85.5g""","""0mg""","""13mg""","""15.4mg""","""龙虾片""","""""","""0mg""","""2.7g""","""11μg""","""1mg""","""—"""
"""—""","""—""","""0.2g""","""0μg""","""1.05mg""","""1209""","""100%""","""1μg""","""0mg""","""37mg""","""2μg""","""""","""0.05mg""","""—""","""165mg""","""2g""","""""","""857kJ""","""0.30mg""","""34mg""","""92""","""8.2g""","""0.07mg""","""192.4mg""","""0.19mg""","""48.5g""","""41.8g""","""2mg""","""105mg""","""9mg""","""驴打滚""","""""","""0mg""","""1.3g""","""48μg""","""1mg""","""—"""
"""—""","""—""","""14.2g""","""0.0μg""","""1.38mg""","""1210""","""100%""","""0μg""","""0mg""","""21mg""","""9μg""","""""","""0.06mg""","""—""","""53mg""","""1g""","""""","""1802kJ""","""0.20mg""","""4mg""","""92""","""4.4g""","""0mg""","""48mg""","""0.07mg""","""10.3g""","""70.7g""","""8mg""","""71mg""","""2mg""","""密三刀""","""""","""0mg""","""0.4g""","""10μg""","""0.29mg""","""—"""
"""—""","""—""","""1g""","""0μg""","""1.36mg""","""1211""","""100%""","""0μg""","""0mg""","""43mg""","""2.30μg""","""""","""0.03mg""","""—""","""81mg""","""1g""","""""","""668kJ""","""2mg""","""31mg""","""92""","""3.3g""","""0mg""","""56.4mg""","""0.14mg""","""60.9g""","""34.7g""","""1mg""","""52mg""","""2mg""","""年糕""","""""","""0mg""","""0.5g""","""61μg""","""0.38mg""","""—"""
"""—""","""—""","""2.2g""","""0μg""","""3mg""","""1212""","""100%""","""2μg""","""0mg""","""134mg""","""0μg""","""""","""0.08mg""","""—""","""162mg""","""5g""","""""","""1591kJ""","""1.40mg""","""8mg""","""92""","""12g""","""0.10mg""","""8mg""","""0.33mg""","""6.8g""","""77.0g""","""0mg""","""430mg""","""8mg""","""青稞炒面""","""""","""0mg""","""2.2g""","""7μg""","""1mg""","""—"""
"""—""","""—""","""2.4g""","""0μg""","""0mg""","""1213""","""100%""","""2μg""","""0mg""","""20mg""","""6.00μg""","""""","""0mg""","""—""","""46mg""","""0g""","""""","""648kJ""","""0mg""","""67mg""","""92""","""4.2g""","""0mg""","""166mg""","""0.29mg""","""63.0g""","""28.7g""","""0mg""","""58mg""","""3mg""","""热干面""","""""","""0mg""","""1.7g""","""63μg""","""0mg""","""—"""
"""—""","""—""","""1g""","""5μg""","""3mg""","""1214""","""100%""","""30.0μg""","""0mg""","""52mg""","""1.10μg""","""""","""0.04mg""","""—""","""137mg""","""2g""","""""","""604kJ""","""2mg""","""141mg""","""92""","""8g""","""0.04mg""","""152mg""","""0.24mg""","""63.7g""","""26.7g""","""3mg""","""102mg""","""5.1mg""","""豌豆黄""","""""","""0mg""","""1.5g""","""64μg""","""0.35mg""","""—"""
"""—""","""—""","""1g""","""0μg""","""0.42mg""","""1215""","""100%""","""0μg""","""0mg""","""15mg""","""4.10μg""","""""","""0.01mg""","""—""","""46mg""","""1g""","""""","""414kJ""","""0.40mg""","""22mg""","""92""","""2.4g""","""0.06mg""","""20mg""","""0.05mg""","""76.3g""","""20.0g""","""0mg""","""30mg""","""1.1mg""","""油茶""","""""","""0mg""","""0.4g""","""76μg""","""0.26mg""","""—"""
"""—""","""—""","""10g""","""0μg""","""4.01mg""","""1216""","""100%""","""2μg""","""0mg""","""77mg""","""10μg""","""""","""0.11mg""","""—""","""611mg""","""1g""","""""","""1719kJ""","""2mg""","""63mg""","""92""","""25.1g""","""0.20mg""","""359.4mg""","""1.16mg""","""8.1g""","""54.7g""","""8mg""","""245mg""","""2mg""","""油炸豆瓣""","""""","""0mg""","""2.3g""","""8μg""","""1mg""","""—"""
"""—""","""—""","""12.3g""","""0μg""","""1mg""","""1217""","""100%""","""1μg""","""0mg""","""62mg""","""2.30μg""","""""","""0.03mg""","""—""","""143mg""","""1g""","""""","""1193kJ""","""4mg""","""24mg""","""92""","""6.1g""","""0.02mg""","""97mg""","""0.10mg""","""43.6g""","""37.3g""","""4mg""","""84mg""","""2.4mg""","""炸糕""","""""","""0mg""","""0.7g""","""44μg""","""0.45mg""","""—"""
"""—""","""—""","""13.1g""","""0μg""","""10mg""","""1218""","""100%""","""1μg""","""0mg""","""61mg""","""8μg""","""""","""0.05mg""","""—""","""123mg""","""2g""","""""","""1107kJ""","""2mg""","""71mg""","""92""","""4.1g""","""0.15mg""","""9mg""","""6.26mg""","""49.3g""","""32.5g""","""3mg""","""176mg""","""14mg""","""糌粑(稞麦熟品)""","""""","""73mg""","""1.0g""","""49μg""","""1mg""","""—"""
"""36.5%""","""31.0%""","""4.6g""","""Tr""","""0.46mg""","""1219""","""100%""","""—""","""—""","""7mg""","""3.80μg""","""—""","""0.04mg""","""100.1%""","""171mg""","""3.50g""","""""","""797kJ""","""0.33mg""","""31mg""","""92""","""4.9g""","""0.03mg""","""535.8mg""","""0.05mg""","""55.2g""","""33.8g""","""—""","""54mg""","""0.7mg""","""春卷(素馅)""","""""","""—""","""1.5g""","""""","""0.12mg""","""32.6%"""
"""41.2%""","""15.6%""","""13.8g""","""Tr""","""1.31mg""","""1220""","""100%""","""—""","""—""","""19mg""","""2.30μg""","""3.5μg""","""0.04mg""","""100.0%""","""102mg""","""2.00g""","""""","""1319kJ""","""1.23mg""","""69mg""","""92""","""4.4g""","""0.03mg""","""23.2mg""","""0.20mg""","""37.2g""","""44.2g""","""—""","""71mg""","""1.6mg""","""黑芝麻汤圆""","""""","""4mg""","""0.4g""","""""","""0.28mg""","""43.2%"""
"""28.9%""","""23.7%""","""0.2g""","""0.0μg""","""0.39mg""","""1221""","""100%""","""0.0μg""","""—""","""3mg""","""0.60μg""","""—""","""0.02mg""","""99.9%""","""12mg""","""0.50g""","""""","""428kJ""","""Tr""","""1mg""","""92""","""2.6g""","""0.02mg""","""19.0mg""","""0.02mg""","""74.7g""","""22.4g""","""—""","""10mg""","""0.1mg""","""醪糟""","""""","""—""","""0.1g""","""""","""0.11mg""","""47.3%"""
"""40.7%""","""40.3%""","""3.5g""","""Tr""","""2mg""","""1222""","""100%""","""1μg""","""0mg""","""86mg""","""6.00μg""","""7.9μg""","""0.26mg""","""100.0%""","""240mg""","""9g""","""商品名：老区煎饼。""","""1408kJ""","""1.42mg""","""46mg""","""92""","""9.5g""","""0.06mg""","""86mg""","""0.11mg""","""16.0g""","""75g""","""0mg""","""320mg""","""7mg""","""煎饼""","""""","""0mg""","""1.0g""","""7μg""","""1mg""","""19.0%"""
"""—""","""—""","""3.8g""","""—""","""0.31mg""","""1223""","""100%""","""73.0μg""","""3.0mg""","""8mg""","""0.20μg""","""—""","""0.12mg""","""—""","""38mg""","""""","""""","""409kJ""","""0.60mg""","""13mg""","""92""","""4.0g""","""Tr""","""310.4mg""","""0.04mg""","""79.4g""","""11.8g""","""—""","""35mg""","""0.2mg""","""过桥米线""","""""","""6mg""","""1.0g""","""""","""0.06mg""","""—"""
"""—""","""—""","""5.1g""","""86μg""","""1.01mg""","""1224""","""100%""","""190.0μg""","""0mg""","""24mg""","""14.10μg""","""""","""0.09mg""","""—""","""77mg""","""0g""","""""","""1476kJ""","""1mg""","""39mg""","""93""","""9g""","""0.09mg""","""68mg""","""1.21mg""","""18.6g""","""67.1g""","""3mg""","""130mg""","""2.5mg""","""蛋糕(均值)""","""""","""0mg""","""0.6g""","""19μg""","""1.00mg""","""—"""
"""—""","""—""","""30.4g""","""69.0μg""","""—""","""1225""","""100%""","""51.0μg""","""0.0mg""","""—""","""—""","""—""","""0.03mg""","""—""","""66mg""","""""","""""","""1888kJ""","""0.20mg""","""41mg""","""93""","""4.7g""","""0.10mg""","""129.0mg""","""—""","""24.1g""","""40.2g""","""0.98mg""","""87mg""","""0.7mg""","""蛋糕(巧克力)""","""""","""—""","""0.6g""","""""","""—""","""—"""
"""—""","""—""","""9.1g""","""—""","""—""","""1226""","""100%""","""—""","""Tr""","""—""","""—""","""—""","""0.05mg""","""—""","""153mg""","""""","""""","""1435kJ""","""0.80mg""","""33mg""","""93""","""2.9g""","""0.10mg""","""270.0mg""","""—""","""25.3g""","""61.7g""","""1.08mg""","""52mg""","""2.1mg""","""蛋糕(水果)""","""""","""—""","""1.0g""","""""","""—""","""—"""
"""—""","""—""","""14g""","""7μg""","""1mg""","""1227""","""100%""","""40.0μg""","""0mg""","""43mg""","""7.10μg""","""""","""0.05mg""","""—""","""211mg""","""3g""","""""","""1758kJ""","""2mg""","""64mg""","""93""","""8.2g""","""0.05mg""","""22.4mg""","""0.21mg""","""11.7g""","""65.6g""","""8mg""","""95mg""","""3.1mg""","""月饼(豆沙)""","""""","""0mg""","""0.9g""","""12μg""","""0.47mg""","""—"""
"""—""","""—""","""16.0g""","""7μg""","""1mg""","""1228""","""100%""","""40.0μg""","""0mg""","""27mg""","""7.00μg""","""""","""0mg""","""—""","""198mg""","""4g""","""""","""1816kJ""","""4.00mg""","""54mg""","""93""","""8.0g""","""0.08mg""","""18.5mg""","""0.22mg""","""11.3g""","""64.0g""","""9mg""","""110mg""","""3mg""","""月饼(五仁)""","""""","""0mg""","""0.7g""","""11μg""","""0.38mg""","""—"""
"""—""","""—""","""16g""","""8μg""","""1mg""","""1229""","""100%""","""50.0μg""","""0mg""","""23mg""","""2.40μg""","""""","""0.11mg""","""—""","""178mg""","""1g""","""""","""1805kJ""","""3mg""","""66mg""","""93""","""7.1g""","""0.05mg""","""24.3mg""","""0.18mg""","""11.7g""","""64.9g""","""1mg""","""62mg""","""3mg""","""月饼(枣泥)""","""""","""0mg""","""0.6g""","""12μg""","""0.36mg""","""—"""
"""45.9%""","""7.9%""","""20.0g""","""45.0μg""","""0.97mg""","""1230""","""100%""","""—""","""—""","""19mg""","""10.80μg""","""—""","""0.05mg""","""99.4%""","""223mg""","""1.50g""","""""","""1682kJ""","""Tr""","""35mg""","""93""","""6.0g""","""0.13mg""","""108.8mg""","""0.17mg""","""23.0g""","""50.2g""","""—""","""170mg""","""2.0mg""","""月饼(蛋黄)""","""""","""—""","""0.8g""","""""","""0.23mg""","""45.6%"""
"""43.9%""","""14.3%""","""14g""","""7μg""","""1mg""","""1231""","""100%""","""1μg""","""0mg""","""43mg""","""7μg""","""—""","""0.02mg""","""98.5%""","""262mg""","""4.40g""","""""","""1695kJ""","""2mg""","""64mg""","""93""","""8g""","""0.03mg""","""79.4mg""","""0.14mg""","""22.3g""","""64.8g""","""8mg""","""108mg""","""3mg""","""月饼(豆沙)""","""""","""0mg""","""0.6g""","""12μg""","""0.26mg""","""40.3%"""
"""31.6%""","""Tr""","""6.6g""","""44.0μg""","""0.76mg""","""1232""","""100%""","""Tr""","""—""","""15mg""","""2.00μg""","""—""","""0.02mg""","""99.6%""","""186mg""","""4.00g""","""""","""1432kJ""","""—""","""46mg""","""93""","""5.7g""","""0.05mg""","""104.0mg""","""0.31mg""","""20.8g""","""66.3g""","""—""","""89mg""","""1.7mg""","""月饼(桂花板栗)""","""""","""—""","""0.6g""","""""","""0.21mg""","""68.0%"""
"""39.5%""","""31.2%""","""13.0g""","""12.0μg""","""0.67mg""","""1233""","""100%""","""Tr""","""1.0mg""","""21mg""","""0.40μg""","""—""","""0.03mg""","""102.5%""","""153mg""","""""","""""","""1601kJ""","""0.90mg""","""23mg""","""93""","""5.5g""","""0.03mg""","""27.6mg""","""0.24mg""","""20.5g""","""60.4g""","""—""","""110mg""","""1.5mg""","""月饼(奶油莲芸)""","""""","""—""","""0.6g""","""""","""1.29mg""","""31.8%"""
"""—""","""—""","""15g""","""40.0μg""","""1mg""","""1234""","""100%""","""1μg""","""0mg""","""14mg""","""0μg""","""""","""0.11mg""","""—""","""102mg""","""1g""","""""","""1520kJ""","""1mg""","""14mg""","""93""","""8g""","""0.15mg""","""324.0mg""","""0.13mg""","""27.4g""","""49.4g""","""2mg""","""71mg""","""2.2mg""","""板油酥饼""","""""","""49mg""","""0.7g""","""27μg""","""0mg""","""—"""
"""—""","""—""","""4g""","""33μg""","""1.46mg""","""1235""","""100%""","""200.0μg""","""0mg""","""38mg""","""12μg""","""""","""0.15mg""","""—""","""105mg""","""1g""","""""","""1651kJ""","""4.20mg""","""47mg""","""93""","""12g""","""0.04mg""","""100.0mg""","""1mg""","""6.3g""","""76.9g""","""1mg""","""181mg""","""3.0mg""","""蛋黄酥""","""""","""0mg""","""1.2g""","""6μg""","""1mg""","""—"""
"""—""","""—""","""25g""","""0.0μg""","""1mg""","""1236""","""100%""","""0μg""","""0mg""","""22mg""","""0.00μg""","""""","""0.02mg""","""—""","""66mg""","""0g""","""""","""2019kJ""","""0.30mg""","""14mg""","""93""","""5.3g""","""0.01mg""","""19mg""","""0.11mg""","""9.8g""","""59.7g""","""3mg""","""85mg""","""3.2mg""","""夹心酥饼""","""""","""0mg""","""0.5g""","""10μg""","""0.43mg""","""—"""
"""—""","""—""","""12g""","""0μg""","""1mg""","""1237""","""100%""","""0μg""","""0mg""","""31mg""","""6.30μg""","""""","""0.18mg""","""—""","""68mg""","""0g""","""""","""1857kJ""","""2.50mg""","""33mg""","""93""","""6g""","""0.03mg""","""46.5mg""","""0.19mg""","""4.0g""","""78.1g""","""14mg""","""56mg""","""2.5mg""","""江米条""","""""","""0mg""","""0.5g""","""4μg""","""1mg""","""—"""
"""—""","""—""","""30.0g""","""12μg""","""1mg""","""1238""","""100%""","""70.0μg""","""0mg""","""81mg""","""12.00μg""","""""","""0.05mg""","""—""","""143mg""","""3g""","""""","""2193kJ""","""6mg""","""39mg""","""93""","""8.4g""","""0.06mg""","""68.2mg""","""0.19mg""","""5.3g""","""55.3g""","""28mg""","""133mg""","""4.4mg""","""开口笑""","""""","""0mg""","""1.0g""","""5μg""","""1mg""","""—"""
"""—""","""—""","""1.0g""","""47μg""","""1.04mg""","""1239""","""100%""","""280.0μg""","""0mg""","""87mg""","""5.00μg""","""""","""0.23mg""","""—""","""416mg""","""1g""","""""","""1502kJ""","""6.10mg""","""24mg""","""93""","""13g""","""0.02mg""","""12mg""","""0.34mg""","""11.5g""","""73.4g""","""4mg""","""121mg""","""7.3mg""","""绿豆糕""","""""","""0mg""","""1.3g""","""12μg""","""1mg""","""—"""
"""—""","""—""","""4g""","""0μg""","""0mg""","""1240""","""100%""","""1μg""","""0mg""","""27mg""","""2μg""","""""","""0.01mg""","""—""","""45mg""","""0g""","""""","""1688kJ""","""2.50mg""","""59mg""","""93""","""4g""","""0mg""","""2mg""","""0.21mg""","""4.4g""","""87.2g""","""0mg""","""66mg""","""6.0mg""","""麻烘糕""","""""","""0mg""","""0.8g""","""4μg""","""0mg""","""—"""
"""—""","""—""","""32g""","""0μg""","""3.06mg""","""1241""","""100%""","""1μg""","""0mg""","""67mg""","""7.20μg""","""""","""0.05mg""","""—""","""213mg""","""2g""","""""","""2214kJ""","""3.20mg""","""26mg""","""93""","""8.3g""","""0.01mg""","""99.2mg""","""0.23mg""","""6.0g""","""53.4g""","""22mg""","""136mg""","""0mg""","""麻花""","""""","""0mg""","""0.8g""","""6μg""","""1.01mg""","""—"""
"""—""","""—""","""3.3g""","""0μg""","""0mg""","""1242""","""100%""","""0μg""","""0mg""","""42mg""","""2.30μg""","""""","""0.05mg""","""—""","""55mg""","""0g""","""""","""1633kJ""","""2.50mg""","""144mg""","""93""","""3.1g""","""0.09mg""","""43.4mg""","""0.31mg""","""7.3g""","""86g""","""2mg""","""52mg""","""5.4mg""","""米花糖""","""""","""0mg""","""0.5g""","""7μg""","""1mg""","""—"""
"""—""","""—""","""16g""","""12μg""","""1mg""","""1243""","""100%""","""70.0μg""","""0mg""","""35mg""","""10μg""","""""","""0.10mg""","""—""","""105mg""","""1g""","""""","""1816kJ""","""3.20mg""","""24mg""","""93""","""8.1g""","""0.10mg""","""56mg""","""0.23mg""","""10.7g""","""65.0g""","""1mg""","""91mg""","""3mg""","""酥皮糕点""","""""","""0mg""","""0.7g""","""11μg""","""1mg""","""—"""
"""—""","""—""","""22g""","""0μg""","""1mg""","""1244""","""100%""","""1μg""","""0mg""","""59mg""","""16μg""","""""","""0.02mg""","""—""","""90mg""","""1g""","""""","""2034kJ""","""2.30mg""","""48mg""","""93""","""7.1g""","""0.05mg""","""34mg""","""0.27mg""","""5.4g""","""65.1g""","""14mg""","""87mg""","""3.1mg""","""桃酥""","""""","""0mg""","""0.6g""","""5μg""","""1mg""","""—"""
"""—""","""—""","""18g""","""15.0μg""","""1mg""","""1245""","""100%""","""0μg""","""0mg""","""27mg""","""1.00μg""","""""","""0.04mg""","""—""","""78mg""","""0g""","""""","""1966kJ""","""0.10mg""","""6mg""","""93""","""7.0g""","""0.07mg""","""2.2mg""","""0.14mg""","""4.9g""","""70.1g""","""14mg""","""101mg""","""2mg""","""芝麻桃酥""","""""","""0mg""","""0.3g""","""5μg""","""0.46mg""","""—"""
"""—""","""—""","""0.4g""","""0μg""","""1mg""","""1246""","""100%""","""1μg""","""0mg""","""52mg""","""1.30μg""","""""","""0.11mg""","""—""","""105mg""","""6g""","""""","""1523kJ""","""1.30mg""","""65mg""","""93""","""4.4g""","""0.14mg""","""103.4mg""","""0.20mg""","""10.0g""","""84.3g""","""5mg""","""131mg""","""6mg""","""茯苓夹饼""","""""","""0mg""","""0.9g""","""10μg""","""0.50mg""","""—"""
"""35.9%""","""4.4%""","""30.4g""","""Tr""","""0.28mg""","""1247""","""100%""","""—""","""—""","""5mg""","""5.00μg""","""—""","""0.03mg""","""98.6%""","""155mg""","""3.00g""","""""","""2135kJ""","""0.30mg""","""6mg""","""93""","""5.9g""","""0.05mg""","""114.2mg""","""0.02mg""","""8.0g""","""55.1g""","""3.06mg""","""30mg""","""0.7mg""","""沙琪玛蛋酥""","""""","""—""","""0.6g""","""""","""0.02mg""","""57.8%"""
"""—""","""—""","""19.0g""","""—""","""—""","""1248""","""100%""","""—""","""8.1mg""","""—""","""—""","""—""","""—""","""—""","""—""","""""","""""","""1876kJ""","""—""","""53mg""","""93""","""4.8g""","""—""","""300.0mg""","""—""","""10.7g""","""64.2g""","""—""","""—""","""1.0mg""","""香橙水果馅饼""","""""","""—""","""1.3g""","""""","""—""","""—"""
"""—""","""—""","""13.6g""","""—""","""—""","""1249""","""100%""","""—""","""Tr""","""—""","""—""","""—""","""—""","""—""","""—""","""""","""""","""1144kJ""","""—""","""16mg""","""125""","""13.9g""","""—""","""350.2mg""","""—""","""46.5g""","""23.8g""","""—""","""—""","""1.3mg""","""鸡柳汉堡(肯德基)""","""""","""—""","""2.2g""","""""","""—""","""—"""
"""—""","""—""","""7.5g""","""Tr""","""0.98mg""","""1250""","""100%""","""—""","""—""","""14mg""","""—""","""—""","""0.08mg""","""—""","""229mg""","""""","""""","""1206kJ""","""0.54mg""","""12mg""","""125""","""2.8g""","""0.02mg""","""194.5mg""","""0.11mg""","""36.7g""","""51.8g""","""0.40mg""","""80mg""","""0.8mg""","""香芋甜心(肯德基)""","""""","""31mg""","""1.2g""","""""","""0.61mg""","""—"""
"""—""","""—""","""16.3g""","""44.0μg""","""0.52mg""","""1251""","""100%""","""—""","""Tr""","""14mg""","""—""","""—""","""0.07mg""","""—""","""102mg""","""""","""""","""1264kJ""","""1.58mg""","""22mg""","""125""","""7.9g""","""0.05mg""","""489.7mg""","""0.06mg""","""43.3g""","""31.0g""","""—""","""92mg""","""0.7mg""","""鸡肉汉堡(肯德基)""","""""","""51mg""","""1.5g""","""""","""0.24mg""","""—"""
"""—""","""—""","""13.1g""","""64.0μg""","""0.56mg""","""1252""","""100%""","""—""","""Tr""","""14mg""","""—""","""—""","""0.15mg""","""—""","""131mg""","""""","""""","""1085kJ""","""2.25mg""","""34mg""","""125""","""10.1g""","""0.09mg""","""816.1mg""","""0.06mg""","""49.2g""","""25.2g""","""—""","""101mg""","""1.3mg""","""鸡肉卷(肯德基)""","""""","""49mg""","""2.4g""","""""","""0.24mg""","""—"""
"""—""","""—""","""12.5g""","""10.0μg""","""—""","""1253""","""100%""","""—""","""—""","""—""","""—""","""—""","""—""","""—""","""—""","""""","""""","""1109kJ""","""—""","""32mg""","""125""","""16.9g""","""—""","""370.6mg""","""—""","""46.5g""","""21.1g""","""—""","""—""","""1.6mg""","""上校鸡块(肯德基)""","""""","""—""","""3.0g""","""""","""—""","""—"""
"""—""","""—""","""23.6g""","""65.0μg""","""—""","""1254""","""67%""","""—""","""—""","""—""","""—""","""—""","""—""","""—""","""—""","""""","""""","""1421kJ""","""—""","""16mg""","""125""","""19.4g""","""—""","""499.3mg""","""—""","""41.3g""","""12.8g""","""—""","""—""","""1.6mg""","""辣鸡翅(肯德基)""","""""","""—""","""2.9g""","""""","""—""","""—"""
"""—""","""—""","""13.8g""","""332.0μg""","""1.39mg""","""1255""","""70%""","""—""","""—""","""12mg""","""—""","""—""","""0.05mg""","""—""","""160mg""","""""","""""","""1002kJ""","""3.41mg""","""13mg""","""125""","""22.1g""","""0.08mg""","""1263.3mg""","""0.10mg""","""54.1g""","""6.8g""","""0.41mg""","""189mg""","""0.9mg""","""新奥尔良鸡翅(肯德基)""","""""","""125mg""","""3.2g""","""""","""0.05mg""","""—"""
"""—""","""—""","""18.9g""","""68.0μg""","""1.38mg""","""1256""","""100%""","""—""","""—""","""16mg""","""—""","""—""","""0.07mg""","""—""","""218mg""","""""","""""","""1288kJ""","""3.96mg""","""6mg""","""125""","""18.4g""","""0.11mg""","""895.3mg""","""0.08mg""","""44.0g""","""16.2g""","""1.95mg""","""166mg""","""0.8mg""","""劲爆鸡米花(肯德基)""","""""","""68mg""","""2.5g""","""""","""0.16mg""","""—"""
"""—""","""—""","""0.2g""","""—""","""—""","""1257""","""100%""","""—""","""2.9mg""","""—""","""—""","""—""","""—""","""—""","""—""","""""","""""","""548kJ""","""—""","""8mg""","""125""","""3.2g""","""—""","""11.5mg""","""—""","""67.2g""","""28.6g""","""—""","""—""","""0.9mg""","""甜玉米籽粒(肯德基)""","""""","""—""","""0.8g""","""""","""—""","""—"""
"""—""","""—""","""15.5g""","""—""","""—""","""1258""","""100%""","""—""","""—""","""—""","""—""","""—""","""—""","""—""","""—""","""""","""""","""1335kJ""","""—""","""31mg""","""125""","""4.3g""","""—""","""58.2mg""","""—""","""37.7g""","""40.5g""","""—""","""—""","""2.1mg""","""薯条(肯德基)""","""""","""—""","""2.0g""","""""","""—""","""—"""
"""1.6%""","""0.8%""","""5.1g""","""104.0μg""","""1.29mg""","""1259""","""100%""","""—""","""2.0mg""","""25mg""","""21.40μg""","""—""","""0.29mg""","""4.9%""","""174mg""","""""","""""","""949kJ""","""3.94mg""","""185mg""","""125""","""12.2g""","""0.26mg""","""533.0mg""","""0.13mg""","""47.8g""","""32.5g""","""—""","""179mg""","""0.9mg""","""比萨饼(夹奶酪)""","""""","""15mg""","""2.4g""","""""","""0.37mg""","""2.5%"""
"""3.2%""","""1.2%""","""6.8g""","""49.0μg""","""1.41mg""","""1260""","""100%""","""—""","""2.0mg""","""23mg""","""13.80μg""","""—""","""0.27mg""","""6.3%""","""226mg""","""""","""""","""989kJ""","""2.48mg""","""128mg""","""125""","""16.5g""","""0.22mg""","""484.0mg""","""0.15mg""","""47.7g""","""26.9g""","""—""","""166mg""","""1.9mg""","""比萨饼(夹奶酪、肉和蔬菜)""","""""","""26mg""","""2.1g""","""""","""0.15mg""","""1.9%"""
"""—""","""—""","""10.6g""","""—""","""—""","""1261""","""100%""","""—""","""2.0mg""","""—""","""—""","""—""","""0.21mg""","""—""","""199mg""","""""","""""","""1021kJ""","""1.80mg""","""89mg""","""125""","""14.2g""","""0.33mg""","""528.0mg""","""—""","""50.8g""","""22.8g""","""—""","""104mg""","""2.2mg""","""三明治(夹火腿、干酪)""","""""","""—""","""1.6g""","""""","""—""","""—"""
"""—""","""—""","""13.3g""","""—""","""—""","""1262""","""100%""","""—""","""1.0mg""","""—""","""—""","""—""","""0.18mg""","""—""","""129mg""","""""","""""","""975kJ""","""1.40mg""","""154mg""","""125""","""10.7g""","""0.39mg""","""551.0mg""","""—""","""56.3g""","""17.7g""","""—""","""207mg""","""2.0mg""","""三明治(夹鸡蛋、干酪)""","""""","""—""","""2.0g""","""""","""—""","""—"""
"""5.6%""","""4.6%""","""16.2g""","""17.0μg""","""1.03mg""","""1263""","""100%""","""—""","""4.9mg""","""19mg""","""22.20μg""","""—""","""0.18mg""","""14.8%""","""194mg""","""""","""""","""1186kJ""","""3.74mg""","""33mg""","""125""","""13.3g""","""0.13mg""","""526.0mg""","""0.13mg""","""47.3g""","""21.2g""","""—""","""128mg""","""2.6mg""","""三明治(夹鸡肉片，无调料酱)""","""""","""33mg""","""2.0g""","""""","""0.26mg""","""4.6%"""
"""4.9%""","""1.2%""","""9.9g""","""0.0μg""","""2.44mg""","""1264""","""100%""","""—""","""1.5mg""","""22mg""","""21.00μg""","""—""","""0.27mg""","""8.7%""","""227mg""","""""","""""","""1040kJ""","""4.22mg""","""39mg""","""125""","""15.5g""","""0.22mg""","""570.0mg""","""0.07mg""","""48.6g""","""24.1g""","""—""","""172mg""","""3.0mg""","""三明治(夹烤牛肉片)""","""""","""37mg""","""1.9g""","""""","""0.09mg""","""2.6%"""
"""—""","""—""","""14.4g""","""—""","""—""","""1265""","""100%""","""—""","""2.0mg""","""—""","""—""","""—""","""0.21mg""","""—""","""215mg""","""""","""""","""1155kJ""","""2.20mg""","""53mg""","""125""","""10.7g""","""0.14mg""","""389.0mg""","""—""","""47.4g""","""25.9g""","""—""","""134mg""","""1.7mg""","""三明治(夹鱼肉片)""","""""","""—""","""1.6g""","""""","""—""","""—"""
"""—""","""—""","""18.9g""","""38.0μg""","""3.50mg""","""1266""","""100%""","""—""","""1.1mg""","""23mg""","""16.90μg""","""—""","""0.16mg""","""—""","""170mg""","""""","""""","""1301kJ""","""3.40mg""","""83mg""","""125""","""16.4g""","""0.21mg""","""535.0mg""","""0.08mg""","""43.6g""","""19.0g""","""—""","""205mg""","""2.4mg""","""干酪汉堡包(夹熏肉，加调料酱)""","""""","""57mg""","""2.1g""","""""","""0.17mg""","""—"""
"""—""","""—""","""14.9g""","""45.0μg""","""2.32mg""","""1267""","""100%""","""—""","""0.0mg""","""21mg""","""22.20μg""","""—""","""0.39mg""","""—""","""161mg""","""""","""""","""1327kJ""","""3.63mg""","""138mg""","""125""","""14.5g""","""0.39mg""","""490.0mg""","""0.09mg""","""37.3g""","""31.1g""","""—""","""192mg""","""2.4mg""","""干酪汉堡包(普通型，夹单层肉饼，无调料酱)""","""""","""49mg""","""2.2g""","""""","""0.22mg""","""—"""
"""4.6%""","""1.0%""","""12.5g""","""66.0μg""","""1.85mg""","""1268""","""100%""","""—""","""1.7mg""","""18mg""","""17.50μg""","""—""","""0.22mg""","""10.9%""","""197mg""","""""","""""","""1102kJ""","""3.29mg""","""98mg""","""125""","""14.1g""","""0.20mg""","""545.0mg""","""0.09mg""","""47.7g""","""23.5g""","""—""","""156mg""","""2.2mg""","""干酪汉堡包(普通型，夹奶酪、单层肉饼，加调料酱)""","""""","""33mg""","""2.2g""","""""","""0.16mg""","""5.3%"""
"""4.7%""","""1.0%""","""12.9g""","""47.0μg""","""1.70mg""","""1269""","""100%""","""—""","""1.5mg""","""17mg""","""13.30μg""","""—""","""0.21mg""","""11.3%""","""149mg""","""""","""""","""984kJ""","""4.14mg""","""118mg""","""125""","""11.6g""","""0.15mg""","""634.0mg""","""0.08mg""","""55.2g""","""18.2g""","""—""","""140mg""","""1.7mg""","""干酪汉堡包(普通型，夹奶酪、单层肉饼，加调料酱和蔬菜)""","""""","""34mg""","""2.1g""","""""","""0.19mg""","""5.6%"""
"""5.4%""","""2.8%""","""15.5g""","""31.0μg""","""1.81mg""","""1270""","""100%""","""—""","""1.2mg""","""16mg""","""17.30μg""","""—""","""0.25mg""","""13.4%""","""171mg""","""""","""""","""1191kJ""","""3.66mg""","""74mg""","""125""","""13.0g""","""0.19mg""","""404.0mg""","""0.07mg""","""46.6g""","""23.3g""","""—""","""153mg""","""2.1mg""","""干酪汉堡包(普通型，夹奶酪、双层肉饼、双层面包，加调料酱和蔬菜)""","""""","""41mg""","""1.6g""","""""","""0.12mg""","""5.2%"""
"""—""","""—""","""12.3g""","""0.0μg""","""1.87mg""","""1271""","""100%""","""—""","""1.5mg""","""20mg""","""18.70μg""","""—""","""0.21mg""","""—""","""206mg""","""""","""""","""1076kJ""","""3.35mg""","""57mg""","""125""","""11.7g""","""0.18mg""","""458.0mg""","""0.09mg""","""49.4g""","""24.8g""","""—""","""113mg""","""2.4mg""","""汉堡包(普通型，夹肉饼，加调料酱和蔬菜)""","""""","""24mg""","""1.8g""","""""","""0.23mg""","""—"""
"""7.0%""","""1.7%""","""14.8g""","""0.0μg""","""2.02mg""","""1272""","""100%""","""—""","""0.1mg""","""13mg""","""26.50μg""","""—""","""0.24mg""","""13.7%""","""146mg""","""""","""""","""1041kJ""","""3.72mg""","""24mg""","""125""","""10.6g""","""0.28mg""","""684.0mg""","""0.08mg""","""54.0g""","""18.4g""","""—""","""99mg""","""2.4mg""","""热狗(原味)""","""""","""45mg""","""2.2g""","""""","""0.09mg""","""5.0%"""
"""—""","""—""","""7.4g""","""0μg""","""2.15mg""","""1273""","""100%""","""2μg""","""0mg""","""108mg""","""6.10μg""","""""","""0.20mg""","""—""","""306mg""","""9g""","""""","""1629kJ""","""4.50mg""","""8mg""","""126""","""12.4g""","""0.06mg""","""21mg""","""0.44mg""","""11.3g""","""67.3g""","""1mg""","""339mg""","""4.2mg""","""麦片""","""""","""0mg""","""1.6g""","""11μg""","""3.06mg""","""—"""
"""—""","""—""","""7g""","""0μg""","""3mg""","""1274""","""100%""","""2μg""","""0mg""","""177mg""","""4.30μg""","""""","""0.30mg""","""—""","""214mg""","""5g""","""""","""1640kJ""","""1.20mg""","""186mg""","""126""","""15.0g""","""0.13mg""","""4mg""","""0.45mg""","""9.2g""","""66.9g""","""3mg""","""291mg""","""7.0mg""","""燕麦片""","""""","""0mg""","""2.2g""","""9μg""","""3.36mg""","""—"""
"""—""","""—""","""4g""","""0μg""","""0.44mg""","""1275""","""100%""","""0μg""","""0mg""","""22mg""","""1.20μg""","""""","""0.02mg""","""—""","""52mg""","""0g""","""""","""1658kJ""","""2.20mg""","""11mg""","""126""","""7.2g""","""0.03mg""","""2mg""","""0mg""","""6.3g""","""82.3g""","""0mg""","""70mg""","""9.0mg""","""玉米片(即食粥)""","""""","""0mg""","""0.5g""","""6μg""","""0.13mg""","""—"""
"""28.3%""","""3.2%""","""3.1g""","""43.0μg""","""0.32mg""","""1276""","""100%""","""—""","""—""","""7mg""","""1.30μg""","""3.5μg""","""0.02mg""","""93.4%""","""132mg""","""Tr""","""""","""285kJ""","""0.19mg""","""54mg""","""126""","""2.3g""","""0.06mg""","""64.6mg""","""0.02mg""","""86.3g""","""7.7g""","""—""","""69mg""","""0.3mg""","""早餐奶""","""""","""5mg""","""0.6g""","""""","""0.02mg""","""61.7%"""
"""55.9%""","""15.7%""","""4.4g""","""0.0μg""","""0.24mg""","""1277""","""100%""","""—""","""—""","""6mg""","""0.30μg""","""Tr""","""0.01mg""","""99.9%""","""184mg""","""0.50g""","""商品名：实粒派桂圆八宝粥""","""344kJ""","""0.27mg""","""2mg""","""126""","""1.5g""","""0.01mg""","""13.9mg""","""0.06mg""","""84.5g""","""9.4g""","""—""","""18mg""","""1.4mg""","""八宝粥(康师傅牌)""","""""","""Tr""","""0.2g""","""""","""0.12mg""","""28.3%"""
"""57.3%""","""4.7%""","""4.0g""","""0.0μg""","""0.56mg""","""1278""","""100%""","""—""","""—""","""8mg""","""—""","""0.5μg""","""0.02mg""","""100.1%""","""325mg""","""0.80g""","""""","""326kJ""","""0.51mg""","""3mg""","""126""","""2.1g""","""0.01mg""","""9.8mg""","""0.12mg""","""84.9g""","""8.8g""","""—""","""26mg""","""2.1mg""","""八宝粥(亲亲牌)""","""""","""Tr""","""0.2g""","""""","""0.18mg""","""38.1%"""
"""—""","""—""","""0.2g""","""0.0μg""","""0.33mg""","""1279""","""100%""","""—""","""—""","""3mg""","""0.10μg""","""0.7μg""","""0.01mg""","""—""","""173mg""","""0.40g""","""商品名：燕窝八宝粥""","""199kJ""","""0.20mg""","""2mg""","""126""","""1.3g""","""0.01mg""","""8.6mg""","""0.06mg""","""88.2g""","""10.2g""","""—""","""16mg""","""1.3mg""","""八宝粥(同茂牌)""","""""","""Tr""","""0.1g""","""""","""0.16mg""","""—"""
"""Tr""","""Tr""","""0.9g""","""0.0μg""","""0.27mg""","""1280""","""100%""","""—""","""—""","""6mg""","""0.20μg""","""1.2μg""","""0.01mg""","""100.0%""","""181mg""","""0.60g""","""商品名：桂圆莲子营养八宝粥""","""274kJ""","""0.22mg""","""4mg""","""126""","""1.7g""","""0.01mg""","""12.2mg""","""0.04mg""","""84.3g""","""12.8g""","""—""","""22mg""","""0.9mg""","""八宝粥(娃哈哈牌)""","""""","""Tr""","""0.3g""","""""","""0.09mg""","""100.0%"""
"""59.2%""","""Tr""","""0.8g""","""0.0μg""","""0.41mg""","""1281""","""100%""","""—""","""—""","""9mg""","""Tr""","""1.1μg""","""0.01mg""","""100.0%""","""195mg""","""1.40g""","""商品名：无糖营养八宝粥""","""202kJ""","""0.27mg""","""11mg""","""126""","""1.6g""","""0.01mg""","""4.7mg""","""0.06mg""","""88.1g""","""9.3g""","""—""","""34mg""","""1.0mg""","""八宝粥(无糖，娃哈哈牌)""","""""","""Tr""","""0.2g""","""""","""0.06mg""","""40.8%"""
"""—""","""—""","""1.0g""","""0.0μg""","""0.22mg""","""1282""","""100%""","""—""","""—""","""7mg""","""0.20μg""","""4.3μg""","""0.01mg""","""—""","""85mg""","""2.10g""","""商品名：天然八宝粥""","""311kJ""","""—""","""3mg""","""126""","""1.7g""","""0.01mg""","""12.0mg""","""0.06mg""","""81.6g""","""15.5g""","""—""","""21mg""","""0.3mg""","""八宝粥(椰树牌)""","""""","""—""","""0.2g""","""""","""0.13mg""","""—"""
"""45.8%""","""34.6%""","""7.5g""","""Tr""","""0.71mg""","""1283""","""100%""","""—""","""—""","""53mg""","""1.60μg""","""—""","""0.09mg""","""99.8%""","""133mg""","""4.20g""","""""","""1756kJ""","""0.90mg""","""104mg""","""126""","""6.9g""","""0.07mg""","""38.1mg""","""0.20mg""","""2.3g""","""82.3g""","""—""","""113mg""","""2.8mg""","""黑芝麻糊粉""","""""","""—""","""1.0g""","""""","""0.25mg""","""19.4%"""
"""16.5%""","""24.1%""","""9.7g""","""111.0μg""","""2mg""","""1284""","""100%""","""2μg""","""0mg""","""108mg""","""6μg""","""6.8μg""","""0.18mg""","""99.8%""","""576mg""","""9g""","""""","""1708kJ""","""4mg""","""756mg""","""126""","""12g""","""0.23mg""","""318.4mg""","""0.28mg""","""4.0g""","""76.3g""","""1mg""","""397mg""","""4mg""","""麦片""","""""","""0mg""","""3.5g""","""11μg""","""3mg""","""59.2%"""
"""66.7%""","""11.9%""","""9.0g""","""Tr""","""0.57mg""","""1285""","""100%""","""—""","""—""","""16mg""","""3.40μg""","""—""","""0.06mg""","""100.0%""","""365mg""","""6.30g""","""""","""1764kJ""","""0.27mg""","""18mg""","""126""","""4.7g""","""0.06mg""","""138.6mg""","""0.07mg""","""1.8g""","""82.8g""","""—""","""121mg""","""1.5mg""","""麦片(原味香奶)""","""""","""—""","""1.7g""","""""","""1.43mg""","""21.4%"""
"""55.2%""","""23.0%""","""9.7g""","""Tr""","""3mg""","""1286""","""100%""","""2μg""","""0mg""","""177mg""","""7.30μg""","""3.9μg""","""0.55mg""","""100.3%""","""356mg""","""13.20g""","""""","""1595kJ""","""1.34mg""","""186mg""","""126""","""15g""","""0.11mg""","""12.1mg""","""0.38mg""","""9.0g""","""65.3g""","""3mg""","""359mg""","""7mg""","""燕麦片""","""""","""0mg""","""1.6g""","""9μg""","""3mg""","""22.1%"""
"""31.2%""","""33.3%""","""11.1g""","""Tr""","""1.10mg""","""1287""","""100%""","""—""","""—""","""58mg""","""3.90μg""","""2.2μg""","""0.29mg""","""100.0%""","""410mg""","""6.90g""","""""","""1749kJ""","""0.81mg""","""38mg""","""126""","""8.9g""","""0.07mg""","""26.5mg""","""0.40mg""","""5.4g""","""73.5g""","""—""","""172mg""","""2.6mg""","""燕麦片(果仁、甜)""","""""","""—""","""1.1g""","""""","""1.53mg""","""35.5%"""
"""—""","""—""","""8.0g""","""159.0μg""","""2.10mg""","""1288""","""100%""","""—""","""—""","""110mg""","""—""","""—""","""0.30mg""","""—""","""420mg""","""""","""""","""1743kJ""","""—""","""470mg""","""126""","""7.2g""","""0.16mg""","""120.0mg""","""0.16mg""","""4.3g""","""77.9g""","""—""","""450mg""","""4.1mg""","""苦荞麦片(无糖)""","""""","""—""","""2.6g""","""""","""—""","""—"""
"""—""","""—""","""0.8g""","""482.0μg""","""0.27mg""","""1289""","""100%""","""—""","""22.0mg""","""11mg""","""8.30μg""","""—""","""1.30mg""","""—""","""90mg""","""3.50g""","""""","""1579kJ""","""17.90mg""","""7mg""","""126""","""7.0g""","""1.53mg""","""725.0mg""","""0.07mg""","""3.0g""","""86.0g""","""—""","""50mg""","""30.0mg""","""玉米片""","""""","""0mg""","""3.2g""","""""","""0.16mg""","""—"""
"""—""","""—""","""0.3g""","""0.0μg""","""0.27mg""","""1290""","""100%""","""—""","""0.0mg""","""13mg""","""5.10μg""","""—""","""0.01mg""","""—""","""73mg""","""1.10g""","""""","""1642kJ""","""0.42mg""","""43mg""","""126""","""7.7g""","""0.18mg""","""10.0mg""","""0.09mg""","""3.0g""","""88.8g""","""—""","""49mg""","""2.2mg""","""玉米片(低钠)""","""""","""0mg""","""0.2g""","""""","""0.08mg""","""—"""
"""—""","""—""","""21.1g""","""0μg""","""1.06mg""","""1291""","""100%""","""4μg""","""0mg""","""38mg""","""10.50μg""","""""","""0.12mg""","""—""","""134mg""","""1g""","""""","""1989kJ""","""1mg""","""25mg""","""126""","""10g""","""0.06mg""","""1144.0mg""","""0.29mg""","""3.6g""","""61.6g""","""2mg""","""80mg""","""4.1mg""","""方便面""","""""","""0mg""","""4.2g""","""4μg""","""1mg""","""—"""
"""37.3%""","""9.1%""","""27.0g""","""Tr""","""1.07mg""","""1292""","""100%""","""—""","""—""","""36mg""","""1.70μg""","""6.3μg""","""0.20mg""","""99.8%""","""123mg""","""""","""""","""2131kJ""","""1.56mg""","""86mg""","""126""","""11.4g""","""0.03mg""","""976.8mg""","""0.26mg""","""2.3g""","""55.2g""","""—""","""413mg""","""3.5mg""","""干脆面(鸡汁味)""","""""","""—""","""4.1g""","""""","""1.05mg""","""53.4%"""
"""60.7%""","""25.5%""","""19.2g""","""Tr""","""0.51mg""","""1293""","""100%""","""78.0μg""","""—""","""20mg""","""3.90μg""","""10.3μg""","""0.08mg""","""99.9%""","""95mg""","""""","""商品名：劲拉面海鲜珍锅煮面。""","""1909kJ""","""0.90mg""","""10mg""","""126""","""10.4g""","""0.03mg""","""382.8mg""","""0.20mg""","""6.2g""","""60.1g""","""—""","""101mg""","""3.5mg""","""海鲜味方便面(含调味料)""","""""","""—""","""4.1g""","""""","""0.35mg""","""13.7%"""
"""—""","""—""","""""","""Tr""","""0.53mg""","""1294""","""100%""","""80.0μg""","""—""","""21mg""","""4.00μg""","""10.7μg""","""0.08mg""","""—""","""99mg""","""""","""""","""1515kJ""","""0.89mg""","""11mg""","""126""","""10.4g""","""0.03mg""","""396.7mg""","""0.21mg""","""6.7g""","""78.7g""","""—""","""104mg""","""3.6mg""","""海鲜味方便面面饼""","""""","""—""","""4.2g""","""""","""0.36mg""","""—"""
"""—""","""—""","""""","""Tr""","""—""","""1295""","""100%""","""11.0μg""","""—""","""—""","""—""","""—""","""Tr""","""—""","""—""","""0.00g""","""""","""1695kJ""","""—""","""—""","""126""","""10.2g""","""Tr""","""—""","""—""","""0.3g""","""89.5g""","""—""","""—""","""—""","""海鲜方便面调味料""","""""","""—""","""—""","""""","""—""","""—"""
"""32.4%""","""5.1%""","""17.9g""","""Tr""","""0.75mg""","""1296""","""100%""","""475.0μg""","""—""","""24mg""","""7.00μg""","""25.1μg""","""0.24mg""","""99.9%""","""128mg""","""1.40g""","""商品名：珍品红烧牛肉面。""","""1887kJ""","""0.94mg""","""22mg""","""126""","""10.2g""","""0.04mg""","""465.5mg""","""0.23mg""","""4.5g""","""62.6g""","""—""","""124mg""","""2.6mg""","""红烧牛肉方便面(含调味料)""","""""","""—""","""4.8g""","""""","""0.62mg""","""62.4%"""
"""—""","""—""","""""","""Tr""","""0.79mg""","""1297""","""100%""","""475.0μg""","""—""","""25mg""","""7.00μg""","""26.5μg""","""0.25mg""","""—""","""135mg""","""""","""""","""1561kJ""","""0.89mg""","""23mg""","""126""","""10.4g""","""0.04mg""","""491.3mg""","""0.24mg""","""3.8g""","""81.4g""","""—""","""131mg""","""2.8mg""","""红烧牛肉方便面面饼""","""""","""—""","""4.4g""","""""","""0.65mg""","""—"""
"""—""","""—""","""""","""Tr""","""—""","""1298""","""100%""","""—""","""—""","""—""","""—""","""—""","""0.06mg""","""—""","""—""","""""","""""","""1408kJ""","""1.80mg""","""—""","""126""","""6.8g""","""0.06mg""","""—""","""—""","""5.1g""","""76.0g""","""—""","""—""","""—""","""红烧牛肉方便面调味料""","""""","""—""","""12.1g""","""""","""—""","""—"""
"""32.7%""","""4.0%""","""24.2g""","""Tr""","""0.80mg""","""1299""","""100%""","""70.0μg""","""—""","""25mg""","""10.90μg""","""14.2μg""","""0.09mg""","""100.1%""","""139mg""","""""","""商品名：料珍多极品鳕鱼面。""","""1982kJ""","""0.76mg""","""8mg""","""126""","""10.2g""","""0.02mg""","""828.8mg""","""0.25mg""","""5.0g""","""53.7g""","""—""","""119mg""","""2.6mg""","""鳕鱼方便面(含调味料)""","""""","""—""","""6.9g""","""""","""0.59mg""","""63.4%"""
"""—""","""—""","""""","""Tr""","""0.80mg""","""1300""","""100%""","""80.0μg""","""—""","""25mg""","""10.90μg""","""14.2μg""","""0.16mg""","""—""","""139mg""","""""","""""","""1542kJ""","""1.28mg""","""8mg""","""126""","""10.2g""","""0.03mg""","""828.8mg""","""0.25mg""","""2.4g""","""80.5g""","""—""","""119mg""","""2.6mg""","""鳕鱼方便面面饼""","""""","""—""","""6.9g""","""""","""0.59mg""","""—"""
"""—""","""—""","""""","""Tr""","""—""","""1301""","""100%""","""—""","""—""","""—""","""—""","""—""","""Tr""","""—""","""—""","""""","""""","""350kJ""","""Tr""","""—""","""126""","""10.2g""","""Tr""","""—""","""—""","""77.6g""","""10.4g""","""0.00mg""","""—""","""—""","""鳕鱼方便面调味料""","""""","""—""","""1.8g""","""""","""—""","""—"""
"""34.1%""","""5.2%""","""18.8g""","""5.0μg""","""0.61mg""","""1302""","""100%""","""345.0μg""","""Tr""","""21mg""","""7.00μg""","""15.3μg""","""0.13mg""","""99.9%""","""121mg""","""3.80g""","""商品名：新面族炒面套餐铁板牛肉配翡翠芙蓉汤。""","""1868kJ""","""1.16mg""","""10mg""","""126""","""11.7g""","""0.04mg""","""561.8mg""","""0.18mg""","""6.0g""","""59.3g""","""—""","""113mg""","""2.3mg""","""铁板牛肉炒面(含调味料)""","""""","""—""","""4.2g""","""""","""0.62mg""","""60.6%"""
"""—""","""—""","""""","""5.0μg""","""0.70mg""","""1303""","""100%""","""345.0μg""","""Tr""","""24mg""","""8.10μg""","""17.6μg""","""0.10mg""","""—""","""139mg""","""4.40g""","""""","""1547kJ""","""1.15mg""","""12mg""","""126""","""12.0g""","""0.03mg""","""596.4mg""","""0.21mg""","""3.9g""","""81.3g""","""—""","""130mg""","""2.6mg""","""铁板牛肉炒面面饼""","""""","""—""","""2.8g""","""""","""0.71mg""","""—"""
"""—""","""—""","""""","""Tr""","""—""","""1304""","""100%""","""—""","""Tr""","""—""","""—""","""—""","""0.29mg""","""—""","""—""","""0.00g""","""""","""1341kJ""","""1.21mg""","""—""","""126""","""10.1g""","""0.10mg""","""—""","""—""","""8.0g""","""68.8g""","""—""","""—""","""—""","""铁板牛肉炒面调味料""","""""","""—""","""13.1g""","""""","""—""","""—"""
"""41.3%""","""15.2%""","""4.1g""","""—""","""0.86mg""","""1305""","""100%""","""—""","""—""","""71mg""","""1.10μg""","""—""","""0.29mg""","""99.9%""","""69mg""","""""","""商品名：玉米红烧牛肉面。""","""1415kJ""","""0.28mg""","""57mg""","""126""","""5.8g""","""0.04mg""","""673.7mg""","""0.06mg""","""18.6g""","""68.5g""","""—""","""224mg""","""8.5mg""","""玉米红烧牛肉味方便面(含调味料)""","""""","""—""","""3.0g""","""""","""0.89mg""","""43.4%"""
"""—""","""—""","""""","""—""","""—""","""1306""","""100%""","""—""","""—""","""—""","""—""","""—""","""0.03mg""","""—""","""—""","""""","""""","""1263kJ""","""0.31mg""","""—""","""126""","""6.0g""","""0.04mg""","""—""","""—""","""22.6g""","""68.3g""","""—""","""—""","""—""","""玉米红烧牛肉味方便面面饼""","""""","""—""","""3.1g""","""""","""—""","""—"""
"""—""","""—""","""""","""—""","""—""","""1307""","""100%""","""—""","""—""","""—""","""—""","""—""","""2.83mg""","""—""","""—""","""""","""""","""1391kJ""","""Tr""","""—""","""126""","""3.6g""","""0.03mg""","""—""","""—""","""16.2g""","""78.2g""","""—""","""—""","""—""","""玉米红烧牛肉味方便面调味料""","""""","""—""","""2.0g""","""""","""—""","""—"""
"""—""","""—""","""1.0g""","""5.0μg""","""0.23mg""","""1308""","""100%""","""—""","""—""","""9mg""","""1.10μg""","""67.0μg""","""0.01mg""","""—""","""3mg""","""""","""商品名：快餐米线230（海鲜鸡汁）。""","""717kJ""","""Tr""","""5mg""","""126""","""4.5g""","""0.01mg""","""13.3mg""","""0.14mg""","""58.1g""","""35.5g""","""2.20mg""","""36mg""","""0.5mg""","""海鲜鸡汁味米线(含调味料)""","""""","""—""","""0.9g""","""""","""0.18mg""","""—"""
"""—""","""—""","""""","""Tr""","""—""","""1309""","""100%""","""—""","""—""","""—""","""—""","""—""","""0.01mg""","""—""","""—""","""""","""""","""699kJ""","""Tr""","""—""","""126""","""3.9g""","""0.01mg""","""—""","""—""","""58.8g""","""37.2g""","""0.00mg""","""—""","""—""","""海鲜鸡汁味米线面饼""","""""","""—""","""0.1g""","""""","""—""","""—"""
"""—""","""—""","""""","""50.0μg""","""—""","""1310""","""100%""","""—""","""—""","""—""","""—""","""—""","""0.01mg""","""—""","""—""","""""","""""","""1295kJ""","""Tr""","""—""","""126""","""7.2g""","""0.02mg""","""—""","""—""","""7.9g""","""69.0g""","""2.30mg""","""—""","""—""","""海鲜鸡汁味米线调味料""","""""","""—""","""15.9g""","""""","""—""","""—"""
"""40.5%""","""23.8%""","""4.3g""","""—""","""0.60mg""","""1311""","""100%""","""—""","""0.0mg""","""20mg""","""—""","""—""","""0.08mg""","""99.8%""","""127mg""","""2.30g""","""""","""744kJ""","""1.10mg""","""33mg""","""126""","""9.1g""","""0.06mg""","""316.0mg""","""—""","""58.9g""","""26.5g""","""—""","""90mg""","""1.1mg""","""冬菜虾仁馄饨""","""""","""44mg""","""1.2g""","""""","""—""","""35.5%"""
"""24.7%""","""51.3%""","""11.3g""","""—""","""0.90mg""","""1312""","""100%""","""—""","""0.0mg""","""20mg""","""—""","""—""","""0.04mg""","""100.1%""","""180mg""","""1.40g""","""""","""878kJ""","""3.10mg""","""59mg""","""126""","""7.5g""","""0.04mg""","""287.0mg""","""—""","""59.7g""","""20.3g""","""—""","""66mg""","""1.5mg""","""韭菜合子""","""""","""36mg""","""1.2g""","""""","""—""","""24.1%"""
"""22.5%""","""55.5%""","""17.6g""","""—""","""0.70mg""","""1313""","""100%""","""—""","""0.0mg""","""22mg""","""—""","""—""","""0.06mg""","""100.0%""","""86mg""","""1.10g""","""""","""1393kJ""","""0.80mg""","""15mg""","""126""","""5.9g""","""0.02mg""","""393.0mg""","""—""","""37.0g""","""38.3g""","""—""","""78mg""","""0.6mg""","""糯米饭团""","""""","""0mg""","""1.2g""","""""","""—""","""22.0%"""
"""25.3%""","""55.0%""","""5.6g""","""—""","""0.50mg""","""1314""","""100%""","""—""","""4.5mg""","""9mg""","""—""","""—""","""0.05mg""","""100.0%""","""57mg""","""2.00g""","""""","""779kJ""","""0.60mg""","""23mg""","""126""","""5.0g""","""0.07mg""","""220.0mg""","""—""","""58.7g""","""29.7g""","""—""","""62mg""","""0.4mg""","""什锦炒饭""","""""","""37mg""","""1.0g""","""""","""—""","""19.7%"""
"""23.1%""","""60.6%""","""1.7g""","""—""","""0.40mg""","""1315""","""100%""","""—""","""1.0mg""","""10mg""","""—""","""—""","""0.02mg""","""100.4%""","""44mg""","""2.70g""","""""","""566kJ""","""0.50mg""","""24mg""","""126""","""4.7g""","""0.02mg""","""222.0mg""","""—""","""64.8g""","""26.3g""","""—""","""44mg""","""0.6mg""","""虾仁炒饭""","""""","""11mg""","""2.5g""","""""","""—""","""16.7%"""
"""53.8%""","""34.8%""","""5.1g""","""0μg""","""1mg""","""1316""","""100%""","""1μg""","""0mg""","""31mg""","""3.20μg""","""""","""0.03mg""","""96.5%""","""88mg""","""0g""","""""","""1326kJ""","""2mg""","""49mg""","""126""","""8.3g""","""0.06mg""","""230.4mg""","""0.27mg""","""27.4g""","""58.6g""","""2mg""","""107mg""","""2.0mg""","""面包(均值)""","""""","""0mg""","""0.6g""","""27μg""","""0.37mg""","""7.8%"""
"""—""","""—""","""14.3g""","""0μg""","""1mg""","""1317""","""100%""","""1μg""","""0mg""","""29mg""","""18.20μg""","""""","""0.05mg""","""—""","""103mg""","""2g""","""""","""1600kJ""","""5.00mg""","""83mg""","""126""","""8.4g""","""0.01mg""","""352.3mg""","""0.24mg""","""21.3g""","""54.6g""","""4mg""","""93mg""","""2mg""","""法式牛角面包""","""""","""0mg""","""1.4g""","""21μg""","""0.38mg""","""—"""
"""—""","""—""","""2.1g""","""0μg""","""1mg""","""1318""","""100%""","""1μg""","""0mg""","""29mg""","""24.00μg""","""""","""0.07mg""","""—""","""94mg""","""1g""","""""","""1191kJ""","""5mg""","""124mg""","""126""","""8.5g""","""0.07mg""","""210.5mg""","""0.28mg""","""31.2g""","""57.0g""","""1mg""","""100mg""","""2.0mg""","""果料面包""","""""","""0mg""","""1.2g""","""31μg""","""0.37mg""","""—"""
"""—""","""—""","""9g""","""0μg""","""0.50mg""","""1319""","""100%""","""0μg""","""0mg""","""22mg""","""3.40μg""","""""","""0.03mg""","""—""","""92mg""","""1g""","""""","""1401kJ""","""2.30mg""","""35mg""","""126""","""8g""","""0.02mg""","""14.5mg""","""0.18mg""","""27.3g""","""55.6g""","""5mg""","""94mg""","""2mg""","""黄油面包""","""""","""0mg""","""0.5g""","""27μg""","""0.29mg""","""—"""
"""—""","""—""","""6g""","""0μg""","""1mg""","""1320""","""100%""","""1μg""","""0mg""","""27mg""","""22μg""","""""","""0.02mg""","""—""","""85mg""","""0g""","""""","""1183kJ""","""6mg""","""49mg""","""126""","""9g""","""1mg""","""256.4mg""","""0.33mg""","""36.1g""","""48.6g""","""0mg""","""107mg""","""2mg""","""维生素面包""","""""","""0mg""","""0.9g""","""36μg""","""0.38mg""","""—"""
"""—""","""—""","""3.7g""","""0.0μg""","""—""","""1321""","""100%""","""0.0μg""","""0.0mg""","""—""","""—""","""—""","""0.05mg""","""—""","""190mg""","""""","""""","""1101kJ""","""0.60mg""","""42mg""","""126""","""6.6g""","""0.06mg""","""370.0mg""","""—""","""38.0g""","""50.1g""","""—""","""75mg""","""1.2mg""","""葡萄干面包""","""""","""—""","""1.6g""","""""","""—""","""—"""
"""15.6%""","""67.6%""","""13g""","""37μg""","""1mg""","""1322""","""100%""","""80.0μg""","""3.0mg""","""50mg""","""12.50μg""","""""","""0.08mg""","""99.8%""","""85mg""","""1g""","""""","""1842kJ""","""5mg""","""73mg""","""126""","""9.0g""","""0.04mg""","""204.1mg""","""0.23mg""","""5.7g""","""71.7g""","""5mg""","""88mg""","""2mg""","""饼干(均值)""","""""","""81mg""","""0.9g""","""6μg""","""1mg""","""16.6%"""
"""—""","""—""","""8g""","""0μg""","""0.35mg""","""1323""","""100%""","""2μg""","""0mg""","""20mg""","""39.30μg""","""""","""0.03mg""","""—""","""82mg""","""0g""","""""","""1723kJ""","""0.40mg""","""0mg""","""126""","""8.4g""","""0.01mg""","""312.2mg""","""0.18mg""","""5.7g""","""76.2g""","""1mg""","""69mg""","""2mg""","""苏打饼干""","""""","""0mg""","""2.0g""","""6μg""","""0mg""","""—"""
"""21.0%""","""40.6%""","""30.4g""","""18.0μg""","""0.48mg""","""1324""","""100%""","""652.0μg""","""—""","""19mg""","""2.70μg""","""8.3μg""","""0.10mg""","""99.9%""","""291mg""","""4.60g""","""""","""2188kJ""","""0.60mg""","""178mg""","""126""","""7.1g""","""0.17mg""","""408.3mg""","""0.13mg""","""2.0g""","""57.9g""","""3.20mg""","""180mg""","""1.7mg""","""饼干(三明治)""","""""","""—""","""2.6g""","""""","""0.28mg""","""38.3%"""
"""37.9%""","""12.7%""","""15.9g""","""49.0μg""","""0.38mg""","""1325""","""100%""","""—""","""—""","""18mg""","""2.40μg""","""3.4μg""","""0.03mg""","""100.0%""","""242mg""","""5.10g""","""""","""1928kJ""","""0.40mg""","""45mg""","""126""","""6.2g""","""0.12mg""","""303.4mg""","""0.11mg""","""1.4g""","""75.3g""","""—""","""77mg""","""1.3mg""","""饼干(夹心)""","""""","""0mg""","""1.2g""","""""","""0.18mg""","""49.4%"""
"""24.0%""","""4.8%""","""35.1g""","""Tr""","""0.24mg""","""1326""","""100%""","""—""","""—""","""13mg""","""4.90μg""","""7.4μg""","""0.08mg""","""99.9%""","""114mg""","""""","""商品名：甜酥夹心莱姆柠檬饼干。""","""2339kJ""","""0.73mg""","""17mg""","""126""","""5.6g""","""0.07mg""","""324.0mg""","""0.18mg""","""2.3g""","""55.6g""","""—""","""84mg""","""3.0mg""","""饼干(甜酥夹心)""","""""","""—""","""1.4g""","""""","""0.30mg""","""71.1%"""
"""22.7%""","""1.9%""","""19.3g""","""Tr""","""0.66mg""","""1327""","""100%""","""—""","""—""","""18mg""","""6.10μg""","""—""","""0.06mg""","""100.4%""","""195mg""","""5.20g""","""""","""1983kJ""","""0.82mg""","""26mg""","""126""","""7.6g""","""0.11mg""","""394.4mg""","""0.17mg""","""1.6g""","""69.8g""","""—""","""106mg""","""1.3mg""","""饼干(苏打夹心)""","""""","""—""","""1.7g""","""""","""0.21mg""","""75.8%"""
"""—""","""—""","""27.2g""","""—""","""—""","""1328""","""100%""","""—""","""Tr""","""—""","""—""","""—""","""—""","""—""","""—""","""""","""""","""2202kJ""","""—""","""70mg""","""126""","""6.4g""","""—""","""140.0mg""","""—""","""1.5g""","""63.9g""","""—""","""—""","""1.0mg""","""曲奇饼(加奶油)""","""""","""—""","""1.0g""","""""","""—""","""—"""
"""47.3%""","""14.5%""","""17.7g""","""—""","""0.80mg""","""1337""","""100%""","""—""","""—""","""16mg""","""—""","""—""","""0.20mg""","""100.2%""","""183mg""","""""","""""","""1043kJ""","""3.10mg""","""11mg""","""126""","""14.3g""","""0.12mg""","""678.0mg""","""—""","""55.9g""","""8.5g""","""—""","""127mg""","""0.4mg""","""水饺(海鳗猪肉馅)""","""""","""73mg""","""3.6g""","""""","""—""","""38.4%"""
"""45.2%""","""18.6%""","""20.0g""","""—""","""0.60mg""","""1338""","""100%""","""—""","""—""","""15mg""","""—""","""—""","""0.15mg""","""101.3%""","""155mg""","""""","""""","""1114kJ""","""4.80mg""","""13mg""","""126""","""12.3g""","""0.09mg""","""644.0mg""","""—""","""54.7g""","""9.7g""","""—""","""103mg""","""0.4mg""","""水饺(海鳗虾仁馅)""","""""","""103mg""","""3.3g""","""""","""—""","""37.5%"""
"""45.4%""","""21.9%""","""10.0g""","""Tr""","""0.70mg""","""1339""","""100%""","""—""","""—""","""7mg""","""4.90μg""","""3.2μg""","""0.06mg""","""99.9%""","""283mg""","""1.70g""","""""","""965kJ""","""2.05mg""","""13mg""","""126""","""7.3g""","""0.06mg""","""405.8mg""","""0.04mg""","""52.8g""","""28.6g""","""—""","""70mg""","""1.1mg""","""包子(猪肉馅)""","""""","""3mg""","""1.3g""","""""","""0.16mg""","""32.6%"""
"""36.0%""","""7.5%""","""17.6g""","""0.0μg""","""0.49mg""","""1340""","""100%""","""—""","""—""","""2mg""","""0.90μg""","""—""","""0.02mg""","""100.0%""","""29mg""","""2.90g""","""""","""1968kJ""","""0.44mg""","""6mg""","""127""","""5.5g""","""0.02mg""","""241.3mg""","""0.11mg""","""2.5g""","""73.5g""","""—""","""26mg""","""0.3mg""","""雪米饼""","""""","""—""","""0.9g""","""""","""3.04mg""","""56.5%"""
"""39.8%""","""11.8%""","""35.3g""","""—""","""0.84mg""","""1341""","""100%""","""1063.0μg""","""—""","""8mg""","""10.40μg""","""—""","""0.02mg""","""99.9%""","""150mg""","""10.60g""","""""","""2261kJ""","""0.45mg""","""18mg""","""127""","""8.1g""","""0.15mg""","""144.9mg""","""0.12mg""","""2.1g""","""53.7g""","""—""","""106mg""","""2.0mg""","""蛋酥卷""","""""","""—""","""0.8g""","""""","""0.83mg""","""48.2%"""
"""32.4%""","""Tr""","""17.7g""","""Tr""","""0.52mg""","""1342""","""100%""","""—""","""—""","""23mg""","""4.10μg""","""—""","""0.03mg""","""100.2%""","""144mg""","""3.50g""","""""","""1813kJ""","""0.25mg""","""48mg""","""127""","""4.3g""","""0.07mg""","""273.8mg""","""0.16mg""","""11.1g""","""65.7g""","""2.03mg""","""121mg""","""19.0mg""","""巧克力派""","""""","""—""","""1.2g""","""""","""0.56mg""","""67.8%"""
"""39.1%""","""15.8%""","""34.0g""","""135.0μg""","""0.83mg""","""1343""","""100%""","""—""","""—""","""17mg""","""5.60μg""","""17.7μg""","""0.04mg""","""100.1%""","""324mg""","""5.00g""","""""","""2272kJ""","""0.28mg""","""103mg""","""127""","""7.6g""","""0.22mg""","""309.8mg""","""0.15mg""","""2.0g""","""54.7g""","""—""","""151mg""","""1.4mg""","""法式卷饼""","""""","""—""","""1.7g""","""""","""0.14mg""","""45.2%"""
"""39.8%""","""8.7%""","""24.7g""","""0.0μg""","""1.32mg""","""1344""","""100%""","""—""","""—""","""72mg""","""2.80μg""","""—""","""0.87mg""","""98.9%""","""268mg""","""6.60g""","""""","""2041kJ""","""1.45mg""","""56mg""","""127""","""6.0g""","""0.07mg""","""596.7mg""","""0.15mg""","""2.6g""","""63.8g""","""—""","""191mg""","""2.5mg""","""立体脆""","""""","""—""","""2.9g""","""""","""0.75mg""","""50.0%"""
"""39.7%""","""14.9%""","""34.7g""","""0.0μg""","""0.10mg""","""1345""","""100%""","""—""","""—""","""9mg""","""1.10μg""","""—""","""0.05mg""","""99.9%""","""53mg""","""2.00g""","""""","""2322kJ""","""—""","""168mg""","""127""","""5.6g""","""0.04mg""","""465.2mg""","""0.10mg""","""1.4g""","""56.5g""","""—""","""46mg""","""0.9mg""","""粟米脆""","""""","""—""","""1.8g""","""""","""0.23mg""","""45.3%"""
"""35.9%""","""3.6%""","""29.6g""","""0.0μg""","""0.41mg""","""1346""","""100%""","""—""","""—""","""21mg""","""0.90μg""","""—""","""0.04mg""","""99.8%""","""364mg""","""6.30g""","""""","""2138kJ""","""2.12mg""","""10mg""","""127""","""3.1g""","""0.04mg""","""96.7mg""","""0.08mg""","""2.5g""","""61.6g""","""—""","""168mg""","""0.8mg""","""通心脆""","""""","""—""","""3.2g""","""""","""0.08mg""","""60.2%"""
"""35.6%""","""4.8%""","""21.3g""","""Tr""","""0.42mg""","""1347""","""100%""","""—""","""—""","""18mg""","""2.30μg""","""2.5μg""","""0.31mg""","""100.2%""","""125mg""","""1.80g""","""""","""2010kJ""","""0.64mg""","""131mg""","""127""","""4.3g""","""0.04mg""","""519.0mg""","""0.22mg""","""3.8g""","""68.5g""","""—""","""70mg""","""2.4mg""","""洋葱圈""","""""","""—""","""2.1g""","""""","""0.42mg""","""59.8%"""
"""—""","""—""","""30.9g""","""0.0μg""","""—""","""1348""","""100%""","""0.0μg""","""0.0mg""","""—""","""—""","""—""","""0.01mg""","""—""","""96mg""","""""","""""","""2245kJ""","""0.40mg""","""47mg""","""127""","""5.3g""","""0.00mg""","""407.0mg""","""—""","""2.3g""","""59.5g""","""—""","""60mg""","""0.5mg""","""虾片""","""""","""—""","""2.0g""","""""","""—""","""—"""
"""41.2%""","""10.3%""","""30.6g""","""107.0μg""","""0.97mg""","""1349""","""100%""","""—""","""—""","""22mg""","""1.60μg""","""14.8μg""","""0.03mg""","""99.9%""","""264mg""","""3.60g""","""""","""2235kJ""","""—""","""13mg""","""127""","""7.6g""","""0.04mg""","""239.3mg""","""0.20mg""","""0.9g""","""59.2g""","""5.26mg""","""84mg""","""2.7mg""","""锅巴(豆香)""","""""","""—""","""1.7g""","""""","""0.42mg""","""48.4%"""
"""26.9%""","""24.7%""","""36.9g""","""114.0μg""","""1.37mg""","""1350""","""100%""","""—""","""—""","""47mg""","""0.50μg""","""16.2μg""","""0.11mg""","""100.0%""","""211mg""","""5.10g""","""""","""2350kJ""","""0.81mg""","""14mg""","""127""","""6.0g""","""0.05mg""","""486.6mg""","""0.26mg""","""0.9g""","""54.6g""","""5.05mg""","""127mg""","""4.5mg""","""锅巴(小米)""","""""","""—""","""1.6g""","""""","""0.47mg""","""48.4%"""
"""Tr""","""Tr""","""4.8g""","""0.0μg""","""4.11mg""","""1351""","""100%""","""9573.0μg""","""186.0mg""","""265mg""","""30.50μg""","""289.6μg""","""0.24mg""","""100.8%""","""1774mg""","""46.40g""","""""","""1117kJ""","""5.98mg""","""336mg""","""127""","""29.4g""","""0.93mg""","""1599.1mg""","""1.01mg""","""5.0g""","""50.4g""","""1.30mg""","""520mg""","""14.3mg""","""海苔""","""""","""56mg""","""10.4g""","""""","""2.39mg""","""100.8%"""
"""39.8%""","""15.0%""","""12.4g""","""0.0μg""","""1.97mg""","""1352""","""100%""","""—""","""2.0mg""","""21mg""","""6.80μg""","""39.0μg""","""0.54mg""","""99.9%""","""304mg""","""20.80g""","""""","""1492kJ""","""—""","""12mg""","""127""","""9.9g""","""0.24mg""","""2349.8mg""","""0.20mg""","""9.5g""","""61.9g""","""—""","""98mg""","""12.5mg""","""香菇片""","""""","""—""","""6.3g""","""""","""0.34mg""","""45.1%"""
"""41.4%""","""13.7%""","""37.6g""","""Tr""","""0.93mg""","""1353""","""100%""","""—""","""—""","""55mg""","""2.70μg""","""—""","""0.17mg""","""99.9%""","""1082mg""","""4.20g""","""""","""2317kJ""","""2.76mg""","""22mg""","""127""","""7.5g""","""0.06mg""","""508.6mg""","""0.15mg""","""1.9g""","""49.2g""","""—""","""107mg""","""1.8mg""","""薯片(烧烤味)""","""""","""—""","""3.8g""","""""","""0.11mg""","""44.7%"""
"""39.8%""","""6.4%""","""40.0g""","""Tr""","""1.74mg""","""1354""","""100%""","""—""","""—""","""68mg""","""0.80μg""","""9.3μg""","""0.31mg""","""99.8%""","""1464mg""","""5.30g""","""""","""2350kJ""","""2.71mg""","""11mg""","""127""","""7.4g""","""0.05mg""","""366.4mg""","""0.55mg""","""2.1g""","""46.6g""","""4.96mg""","""129mg""","""3.0mg""","""薯片(香辣味)""","""""","""—""","""3.9g""","""""","""0.41mg""","""53.5%"""
"""36.3%""","""4.9%""","""42.6g""","""—""","""0.17mg""","""1355""","""100%""","""—""","""—""","""7mg""","""3.00μg""","""—""","""—""","""99.7%""","""178mg""","""5.00g""","""""","""2432kJ""","""0.88mg""","""6mg""","""127""","""1.3g""","""0.02mg""","""701.6mg""","""0.07mg""","""2.2g""","""51.7g""","""—""","""23mg""","""2.2mg""","""薯圈""","""""","""—""","""2.2g""","""""","""0.62mg""","""58.3%"""
"""41.3%""","""12.9%""","""12.1g""","""0.0μg""","""1.01mg""","""1356""","""100%""","""—""","""—""","""35mg""","""14.80μg""","""25.3μg""","""0.08mg""","""99.3%""","""524mg""","""8.70g""","""""","""1767kJ""","""1.73mg""","""61mg""","""127""","""12.6g""","""0.19mg""","""1102.1mg""","""0.48mg""","""2.5g""","""69.6g""","""—""","""197mg""","""6.7mg""","""怪味胡豆""","""""","""—""","""3.2g""","""""","""0.83mg""","""45.0%"""
"""—""","""—""","""2.0g""","""—""","""1.77mg""","""1357""","""100%""","""—""","""—""","""139mg""","""1.30μg""","""—""","""0.44mg""","""—""","""1054mg""","""29.80g""","""""","""1169kJ""","""1.02mg""","""74mg""","""127""","""26.2g""","""0.20mg""","""1577.0mg""","""1.21mg""","""11.1g""","""54.0g""","""—""","""563mg""","""4.2mg""","""奶油五香豆""","""""","""—""","""6.7g""","""""","""0.35mg""","""—"""
"""33.7%""","""6.4%""","""41.9g""","""46.0μg""","""0.82mg""","""1358""","""100%""","""—""","""—""","""26mg""","""2.80μg""","""12.9μg""","""0.03mg""","""100.0%""","""217mg""","""1.40g""","""""","""2480kJ""","""0.64mg""","""100mg""","""127""","""5.0g""","""0.16mg""","""79.0mg""","""0.15mg""","""1.8g""","""50.4g""","""8.69mg""","""151mg""","""0.6mg""","""夹心米果""","""""","""2mg""","""0.9g""","""""","""0.29mg""","""59.9%"""
"""43.2%""","""10.7%""","""45.0g""","""—""","""0.86mg""","""1359""","""100%""","""—""","""—""","""12mg""","""6.80μg""","""—""","""0.04mg""","""100.2%""","""188mg""","""9.50g""","""""","""2455kJ""","""Tr""","""52mg""","""127""","""7.6g""","""0.31mg""","""276.3mg""","""0.12mg""","""2.0g""","""43.9g""","""—""","""108mg""","""2.1mg""","""乐芙球""","""""","""—""","""1.5g""","""""","""0.23mg""","""46.3%"""
"""36.7%""","""11.2%""","""13.4g""","""Tr""","""2.61mg""","""1360""","""100%""","""—""","""—""","""93mg""","""3.70μg""","""—""","""0.10mg""","""99.8%""","""496mg""","""9.90g""","""""","""1787kJ""","""1.19mg""","""2mg""","""127""","""10.8g""","""0.11mg""","""1.3mg""","""0.16mg""","""3.6g""","""70.4g""","""0.97mg""","""208mg""","""2.0mg""","""玉米花""","""""","""—""","""1.8g""","""""","""0.46mg""","""51.9%"""
"""—""","""—""","""25.6g""","""0.0μg""","""—""","""1361""","""100%""","""—""","""Tr""","""—""","""—""","""—""","""—""","""—""","""—""","""""","""""","""2105kJ""","""—""","""17mg""","""127""","""13.0g""","""—""","""299.7mg""","""—""","""4.3g""","""55.1g""","""—""","""—""","""1.3mg""","""果仁脆枣""","""""","""—""","""2.0g""","""""","""—""","""—"""
"""—""","""—""","""1.2g""","""0.0μg""","""—""","""1362""","""100%""","""—""","""Tr""","""—""","""—""","""—""","""—""","""—""","""—""","""""","""""","""1661kJ""","""—""","""25mg""","""127""","""6.5g""","""—""","""816.6mg""","""—""","""1.9g""","""88.6g""","""—""","""—""","""1.8mg""","""空心脆枣""","""""","""—""","""1.8g""","""""","""—""","""—"""
"""—""","""—""","""0.2g""","""0.0μg""","""Tr""","""1363""","""100%""","""—""","""—""","""3mg""","""0.20μg""","""Tr""","""—""","""—""","""42mg""","""Tr""","""""","""302kJ""","""Tr""","""35mg""","""127""","""0.1g""","""Tr""","""38.0mg""","""0.08mg""","""82.1g""","""17.2g""","""—""","""1mg""","""0.9mg""","""果冻(草莓水果冻)""","""""","""—""","""0.4g""","""""","""Tr""","""—"""
"""—""","""—""","""Tr""","""0.0μg""","""—""","""1364""","""100%""","""—""","""—""","""1mg""","""0.10μg""","""—""","""Tr""","""—""","""35mg""","""0.50g""","""""","""431kJ""","""Tr""","""1mg""","""127""","""0.0g""","""Tr""","""32.5mg""","""0.01mg""","""74.2g""","""25.6g""","""—""","""22mg""","""0.2mg""","""果冻(蒟蒻冻)""","""""","""—""","""0.2g""","""""","""0.02mg""","""—"""
"""—""","""—""","""Tr""","""0.0μg""","""—""","""1365""","""100%""","""—""","""—""","""1mg""","""0.10μg""","""—""","""Tr""","""—""","""54mg""","""0.50g""","""""","""468kJ""","""Tr""","""1mg""","""127""","""0.0g""","""Tr""","""37.2mg""","""Tr""","""72.0g""","""27.8g""","""—""","""23mg""","""0.2mg""","""果冻(蒟蒻椰果冻)""","""""","""—""","""0.2g""","""""","""0.02mg""","""—"""
"""—""","""—""","""0.4g""","""0.0μg""","""0.01mg""","""1366""","""100%""","""—""","""—""","""2mg""","""0.20μg""","""Tr""","""Tr""","""—""","""72mg""","""""","""""","""297kJ""","""Tr""","""6mg""","""127""","""0.1g""","""Tr""","""49.6mg""","""0.04mg""","""82.6g""","""16.5g""","""—""","""1mg""","""0.9mg""","""果冻(AD钙果冻)""","""""","""—""","""0.4g""","""""","""0.09mg""","""—"""
"""—""","""—""","""0.0g""","""0.0μg""","""0.01mg""","""1367""","""100%""","""—""","""0.0mg""","""1mg""","""0.10μg""","""—""","""0.00mg""","""—""","""1mg""","""0.00g""","""""","""184kJ""","""0.00mg""","""3mg""","""100""","""0.1g""","""0.00mg""","""4.0mg""","""0.01mg""","""89.1g""","""10.7g""","""—""","""13mg""","""0.0mg""","""可口可乐""","""""","""0mg""","""0.1g""","""""","""0.02mg""","""—"""
"""Tr""","""51.4%""","""0.2g""","""0.0μg""","""0.09mg""","""1368""","""100%""","""Tr""","""Tr""","""19mg""","""0.30μg""","""4.7μg""","""0.05mg""","""99.8%""","""196mg""","""0.10g""","""""","""153kJ""","""Tr""","""20mg""","""101""","""0.3g""","""0.01mg""","""8.3mg""","""0.03mg""","""90.9g""","""8.3g""","""—""","""6mg""","""0.1mg""","""菠萝汁饮料(大湖牌)""","""""","""—""","""0.3g""","""""","""2.14mg""","""48.4%"""
"""—""","""—""","""0.3g""","""0.0μg""","""0.03mg""","""1369""","""100%""","""—""","""Tr""","""4mg""","""Tr""","""—""","""Tr""","""—""","""93mg""","""0.10g""","""""","""229kJ""","""0.03mg""","""2mg""","""101""","""0.1g""","""Tr""","""4.2mg""","""0.00mg""","""86.7g""","""12.8g""","""—""","""2mg""","""0.0mg""","""苹果汁饮料(光明牌)""","""""","""—""","""0.1g""","""""","""0.02mg""","""—"""
"""—""","""—""","""0.2g""","""0.0μg""","""0.04mg""","""1370""","""100%""","""—""","""44.0mg""","""6mg""","""Tr""","""Tr""","""0.02mg""","""—""","""84mg""","""0.20g""","""""","""194kJ""","""—""","""13mg""","""101""","""0.3g""","""0.01mg""","""14.9mg""","""0.01mg""","""88.5g""","""10.8g""","""—""","""7mg""","""0.3mg""","""橙汁饮料(茹梦牌)""","""""","""—""","""0.2g""","""""","""0.27mg""","""—"""
"""—""","""—""","""0.0g""","""0.0μg""","""0.07mg""","""1371""","""100%""","""297.0μg""","""35.0mg""","""11mg""","""0.10μg""","""0.9μg""","""0.03mg""","""—""","""150mg""","""""","""""","""195kJ""","""—""","""11mg""","""101""","""0.5g""","""—""","""3.0mg""","""0.02mg""","""88.2g""","""11.0g""","""—""","""13mg""","""0.1mg""","""橙汁饮料(汇源牌)""","""""","""—""","""0.3g""","""""","""0.01mg""","""—"""
"""—""","""—""","""0.2g""","""0.0μg""","""0.03mg""","""1372""","""100%""","""—""","""33.0mg""","""4mg""","""Tr""","""—""","""Tr""","""—""","""31mg""","""0.70g""","""""","""232kJ""","""—""","""11mg""","""101""","""0.1g""","""0.01mg""","""2.7mg""","""0.03mg""","""86.1g""","""13.5g""","""—""","""3mg""","""0.1mg""","""山楂果肉饮料""","""""","""—""","""0.1g""","""""","""0.02mg""","""—"""
"""—""","""—""","""0.0g""","""0.0μg""","""Tr""","""1373""","""100%""","""—""","""Tr""","""3mg""","""0.00μg""","""Tr""","""Tr""","""—""","""43mg""","""Tr""","""""","""116kJ""","""—""","""5mg""","""101""","""0.1g""","""0.01mg""","""1.3mg""","""0.01mg""","""93.0g""","""6.7g""","""0.00mg""","""3mg""","""0.3mg""","""酸枣果汁饮料""","""""","""—""","""0.2g""","""""","""0.03mg""","""—"""
"""—""","""—""","""0.1g""","""0.0μg""","""0.06mg""","""1374""","""100%""","""—""","""12.0mg""","""3mg""","""Tr""","""—""","""Tr""","""—""","""65mg""","""Tr""","""""","""211kJ""","""0.17mg""","""2mg""","""101""","""0.2g""","""0.01mg""","""9.7mg""","""0.01mg""","""87.6g""","""12.0g""","""—""","""3mg""","""0.1mg""","""西番莲汁饮料""","""""","""—""","""0.1g""","""""","""0.03mg""","""—"""
"""14.6%""","""56.5%""","""0.4g""","""0.0μg""","""0.07mg""","""1375""","""100%""","""Tr""","""37.0mg""","""9mg""","""0.20μg""","""1.5μg""","""0.04mg""","""102.3%""","""190mg""","""0.30g""","""""","""146kJ""","""—""","""11mg""","""101""","""0.6g""","""0.01mg""","""8.5mg""","""0.03mg""","""91.4g""","""7.3g""","""—""","""19mg""","""0.1mg""","""西柚汁饮料""","""""","""—""","""0.3g""","""""","""0.02mg""","""31.2%"""
"""8.7%""","""1.1%""","""2.4g""","""0.0μg""","""0.05mg""","""1376""","""100%""","""Tr""","""—""","""4mg""","""0.40μg""","""3.6μg""","""Tr""","""99.9%""","""53mg""","""""","""""","""213kJ""","""—""","""3mg""","""101""","""0.7g""","""Tr""","""13.7mg""","""0.03mg""","""90.2g""","""6.6g""","""0.00mg""","""11mg""","""0.1mg""","""椰子汁饮料""","""""","""—""","""0.1g""","""""","""0.03mg""","""90.1%"""
"""—""","""—""","""0.1g""","""0.0μg""","""0.07mg""","""1377""","""100%""","""3.0μg""","""—""","""3mg""","""—""","""—""","""0.01mg""","""—""","""—""","""""","""""","""167kJ""","""0.05mg""","""3mg""","""101""","""0.6g""","""0.01mg""","""—""","""0.03mg""","""90.2g""","""9.0g""","""—""","""10mg""","""0.1mg""","""杏仁椰汁饮料""","""""","""—""","""0.1g""","""""","""0.03mg""","""—"""
"""—""","""—""","""0.0g""","""0.0μg""","""0.02mg""","""1378""","""100%""","""39.0μg""","""1.0mg""","""1mg""","""0.10μg""","""0.7μg""","""Tr""","""—""","""28mg""","""0.40g""","""""","""105kJ""","""—""","""5mg""","""102""","""0.1g""","""Tr""","""47.0mg""","""0.04mg""","""93.4g""","""6.3g""","""—""","""3mg""","""0.1mg""","""胡萝卜汁饮料""","""""","""—""","""0.2g""","""""","""0.02mg""","""—"""
"""—""","""—""","""0.1g""","""139.0μg""","""0.16mg""","""1379""","""100%""","""28.0μg""","""Tr""","""3mg""","""—""","""—""","""0.03mg""","""—""","""—""","""""","""""","""232kJ""","""0.05mg""","""121mg""","""103""","""1.1g""","""0.09mg""","""—""","""0.01mg""","""86.0g""","""12.3g""","""—""","""36mg""","""0.3mg""","""AD钙奶""","""""","""—""","""0.5g""","""""","""0.02mg""","""—"""
"""Tr""","""Tr""","""0.6g""","""128.0μg""","""0.13mg""","""1380""","""100%""","""—""","""—""","""2mg""","""0.20μg""","""0.4μg""","""0.01mg""","""100.0%""","""129mg""","""""","""""","""158kJ""","""Tr""","""68mg""","""103""","""1.1g""","""0.01mg""","""207.0mg""","""0.01mg""","""90.9g""","""6.9g""","""0.00mg""","""82mg""","""0.2mg""","""健康快车奶饮料""","""""","""2mg""","""0.5g""","""""","""0.01mg""","""100.0%"""
"""—""","""—""","""0.3g""","""Tr""","""0.04mg""","""1381""","""100%""","""—""","""—""","""2mg""","""0.20μg""","""2.4μg""","""0.01mg""","""—""","""33mg""","""""","""""","""229kJ""","""0.02mg""","""24mg""","""103""","""0.7g""","""0.01mg""","""49.1mg""","""Tr""","""86.6g""","""12.1g""","""0.00mg""","""28mg""","""0.1mg""","""酸乳饮料(发酵)""","""""","""—""","""0.3g""","""""","""Tr""","""—"""
"""—""","""—""","""2.1g""","""0.0μg""","""0.10mg""","""1382""","""100%""","""—""","""—""","""6mg""","""3.70μg""","""—""","""0.02mg""","""—""","""15mg""","""""","""""","""183kJ""","""—""","""3mg""","""104""","""0.8g""","""0.02mg""","""13.9mg""","""0.05mg""","""91.6g""","""5.4g""","""—""","""27mg""","""0.1mg""","""核桃乳(儿童型)""","""""","""—""","""0.1g""","""""","""0.07mg""","""—"""
"""—""","""—""","""2.7g""","""0.0μg""","""—""","""1383""","""100%""","""—""","""—""","""6mg""","""1.50μg""","""—""","""0.01mg""","""—""","""17mg""","""""","""""","""222kJ""","""—""","""2mg""","""104""","""0.9g""","""0.02mg""","""17.3mg""","""0.06mg""","""90.0g""","""6.3g""","""—""","""31mg""","""0.1mg""","""核桃乳(女性型)""","""""","""—""","""0.1g""","""""","""0.09mg""","""—"""
"""—""","""—""","""2.9g""","""0.0μg""","""0.12mg""","""1384""","""100%""","""—""","""—""","""7mg""","""1.60μg""","""—""","""0.02mg""","""—""","""16mg""","""""","""""","""216kJ""","""—""","""2mg""","""104""","""0.9g""","""0.01mg""","""16.2mg""","""0.06mg""","""90.6g""","""5.5g""","""—""","""33mg""","""0.1mg""","""核桃乳(中老年型)""","""""","""—""","""0.1g""","""""","""0.10mg""","""—"""
"""—""","""—""","""2.9g""","""0.0μg""","""0.10mg""","""1385""","""100%""","""—""","""—""","""6mg""","""1.40μg""","""—""","""0.01mg""","""—""","""14mg""","""""","""""","""213kJ""","""—""","""1mg""","""104""","""0.8g""","""0.01mg""","""15.4mg""","""0.05mg""","""90.8g""","""5.4g""","""—""","""27mg""","""0.1mg""","""核桃乳(佐餐调和型)""","""""","""—""","""0.1g""","""""","""0.09mg""","""—"""
"""—""","""—""","""2.1g""","""0.0μg""","""0.14mg""","""1386""","""100%""","""0μg""","""1mg""","""8mg""","""0μg""","""5.3μg""","""0.00mg""","""—""","""3mg""","""0g""","""""","""205kJ""","""0.02mg""","""20mg""","""104""","""1g""","""0mg""","""62.3mg""","""0.02mg""","""90.3g""","""8g""","""0mg""","""14mg""","""0.2mg""","""杏仁露""","""""","""52mg""","""0.1g""","""90μg""","""0.03mg""","""—"""
"""38.2%""","""4.4%""","""8.4g""","""22.0μg""","""1.12mg""","""1387""","""100%""","""9μg""","""0mg""","""5mg""","""4.00μg""","""""","""0.05mg""","""100.0%""","""360mg""","""14g""","""""","""1593kJ""","""1.40mg""","""74mg""","""106""","""21g""","""0.16mg""","""23.0mg""","""1.45mg""","""7.5g""","""54.5g""","""6mg""","""623mg""","""1.0mg""","""可可粉""","""""","""0mg""","""8.7g""","""8μg""","""0.15mg""","""57.4%"""
"""—""","""—""","""10g""","""113.0μg""","""2mg""","""1388""","""100%""","""3μg""","""0mg""","""70mg""","""3.30μg""","""""","""0.05mg""","""—""","""355mg""","""0g""","""""","""1812kJ""","""1mg""","""145mg""","""106""","""8.5g""","""0.30mg""","""178mg""","""0.26mg""","""2.0g""","""77.0g""","""0mg""","""218mg""","""4.1mg""","""麦乳精""","""""","""0mg""","""2.8g""","""2μg""","""0.26mg""","""—"""
"""Tr""","""Tr""","""2.4g""","""1146.0μg""","""1.54mg""","""1389""","""100%""","""—""","""—""","""132mg""","""3.50μg""","""4.0μg""","""1.12mg""","""100.0%""","""820mg""","""""","""""","""1690kJ""","""37.07mg""","""274mg""","""106""","""5.8g""","""1.28mg""","""93.2mg""","""0.82mg""","""1.2g""","""88.4g""","""—""","""393mg""","""10.3mg""","""高乐高营养饮品""","""""","""1mg""","""2.2g""","""""","""0.89mg""","""100.0%"""
"""44.3%""","""17.8%""","""2.2g""","""0.0μg""","""0.38mg""","""1390""","""100%""","""—""","""285.0mg""","""4mg""","""0.20μg""","""7.2μg""","""0.03mg""","""99.7%""","""3mg""","""""","""""","""1727kJ""","""Tr""","""147mg""","""106""","""0.1g""","""0.01mg""","""196.4mg""","""0.01mg""","""0.2g""","""96.7g""","""0.00mg""","""84mg""","""0.2mg""","""果珍""","""""","""—""","""0.8g""","""""","""0.07mg""","""37.6%"""
"""29.6%""","""37.3%""","""1.7g""","""0.0μg""","""0.39mg""","""1391""","""100%""","""Tr""","""393.0mg""","""8mg""","""0.30μg""","""4.8μg""","""0.04mg""","""99.9%""","""166mg""","""Tr""","""""","""1724kJ""","""0.20mg""","""69mg""","""106""","""0.2g""","""0.03mg""","""1.9mg""","""0.01mg""","""0.2g""","""97.5g""","""0.00mg""","""42mg""","""0.1mg""","""柠檬茶""","""""","""—""","""0.4g""","""""","""2.00mg""","""33.0%"""
"""—""","""—""","""0.2g""","""0μg""","""0mg""","""1392""","""100%""","""0μg""","""0mg""","""0mg""","""0.20μg""","""""","""0.01mg""","""—""","""0mg""","""0g""","""""","""200kJ""","""0.20mg""","""31mg""","""107""","""1g""","""0.01mg""","""20.4mg""","""0.02mg""","""88.3g""","""10.5g""","""0mg""","""13mg""","""1mg""","""冰棍""","""""","""0mg""","""0.2g""","""88μg""","""0.10mg""","""—"""
"""—""","""—""","""5.3g""","""48.0μg""","""0.37mg""","""1393""","""100%""","""1μg""","""0mg""","""12mg""","""2μg""","""""","""0.01mg""","""—""","""125mg""","""0g""","""""","""531kJ""","""0.20mg""","""126mg""","""107""","""2.4g""","""0.03mg""","""54.2mg""","""0.02mg""","""74.4g""","""17.3g""","""0mg""","""67mg""","""0.5mg""","""冰淇淋""","""""","""0mg""","""0.6g""","""74μg""","""0.05mg""","""—"""
"""32.8%""","""3.5%""","""3.2g""","""19.0μg""","""0.17mg""","""1394""","""100%""","""—""","""—""","""11mg""","""1.30μg""","""6.2μg""","""0.11mg""","""99.9%""","""71mg""","""0.90g""","""""","""641kJ""","""0.04mg""","""86mg""","""107""","""2.7g""","""0.20mg""","""31.0mg""","""0.22mg""","""64.8g""","""28.5g""","""—""","""64mg""","""0.1mg""","""冰淇淋(草莓味)""","""""","""—""","""0.8g""","""""","""0.00mg""","""63.6%"""
"""6.8%""","""2.2%""","""10.1g""","""—""","""0.27mg""","""1395""","""100%""","""—""","""0.0mg""","""7mg""","""—""","""—""","""0.04mg""","""99.9%""","""111mg""","""Tr""","""""","""858kJ""","""0.13mg""","""78mg""","""107""","""2.9g""","""0.09mg""","""56.3mg""","""0.33mg""","""60.6g""","""25.6g""","""—""","""42mg""","""0.3mg""","""冰淇淋(苦咖啡味)""","""""","""—""","""0.8g""","""""","""0.00mg""","""90.9%"""
"""33.8%""","""Tr""","""12.8g""","""—""","""0.33mg""","""1396""","""100%""","""—""","""0.0mg""","""10mg""","""0.90μg""","""3.1μg""","""0.13mg""","""96.8%""","""96mg""","""Tr""","""""","""882kJ""","""0.09mg""","""110mg""","""107""","""3.5g""","""0.18mg""","""41.1mg""","""0.12mg""","""62.4g""","""20.5g""","""—""","""86mg""","""0.1mg""","""冰淇淋(加奶油)""","""""","""—""","""0.8g""","""""","""0.00mg""","""62.6%"""
"""—""","""—""","""2.6g""","""47.0μg""","""0.23mg""","""1397""","""100%""","""—""","""—""","""7mg""","""—""","""—""","""0.05mg""","""—""","""149mg""","""""","""""","""616kJ""","""Tr""","""109mg""","""107""","""2.9g""","""0.14mg""","""45.2mg""","""0.04mg""","""66.1g""","""27.7g""","""0.00mg""","""76mg""","""0.1mg""","""冰淇淋(草莓圣代)""","""""","""10mg""","""0.7g""","""""","""0.04mg""","""—"""
"""—""","""—""","""4.8g""","""Tr""","""0.43mg""","""1398""","""100%""","""—""","""0.0mg""","""13mg""","""—""","""—""","""0.05mg""","""—""","""184mg""","""""","""""","""732kJ""","""Tr""","""139mg""","""107""","""3.6g""","""0.15mg""","""65.1mg""","""0.02mg""","""61.7g""","""29.0g""","""—""","""94mg""","""0.4mg""","""冰淇淋(巧克力圣代)""","""""","""15mg""","""0.9g""","""""","""0.07mg""","""—"""
"""—""","""—""","""5.5g""","""63.0μg""","""0.48mg""","""1399""","""100%""","""—""","""0.0mg""","""17mg""","""—""","""—""","""0.04mg""","""—""","""217mg""","""""","""""","""669kJ""","""Tr""","""165mg""","""107""","""3.5g""","""0.11mg""","""68.8mg""","""0.07mg""","""66.2g""","""23.9g""","""—""","""96mg""","""0.7mg""","""冰淇淋(脆皮甜筒)""","""""","""16mg""","""0.9g""","""""","""0.19mg""","""—"""
"""30.1%""","""9.3%""","""13.1g""","""8.0μg""","""0.37mg""","""1400""","""100%""","""—""","""—""","""10mg""","""—""","""8.3μg""","""0.06mg""","""99.9%""","""170mg""","""0.80g""","""""","""1173kJ""","""0.44mg""","""91mg""","""107""","""4.2g""","""0.16mg""","""61.2mg""","""0.09mg""","""45.0g""","""36.7g""","""—""","""65mg""","""0.1mg""","""冰淇淋(花心筒)""","""""","""—""","""1.0g""","""""","""0.00mg""","""60.5%"""
"""6.6%""","""2.2%""","""10.5g""","""Tr""","""0.32mg""","""1401""","""100%""","""—""","""0.0mg""","""7mg""","""2.60μg""","""—""","""0.12mg""","""99.9%""","""93mg""","""0.80g""","""""","""854kJ""","""0.10mg""","""98mg""","""107""","""3.3g""","""0.19mg""","""66.3mg""","""0.03mg""","""60.7g""","""24.5g""","""—""","""90mg""","""0.1mg""","""冰淇淋(金白合)""","""""","""—""","""1.0g""","""""","""0.00mg""","""91.1%"""
"""13.6%""","""1.4%""","""6.2g""","""33.0μg""","""0.11mg""","""1402""","""100%""","""—""","""0.0mg""","""—""","""1.70μg""","""—""","""0.05mg""","""100.0%""","""63mg""","""Tr""","""商品名：百乐宝小牛奶。""","""619kJ""","""0.07mg""","""61mg""","""107""","""2.8g""","""0.19mg""","""50.1mg""","""0.14mg""","""70.1g""","""20.1g""","""0.10mg""","""54mg""","""0.1mg""","""雪糕(百乐宝)""","""""","""—""","""0.8g""","""""","""0.00mg""","""85.0%"""
"""15.9%""","""Tr""","""4.8g""","""—""","""0.10mg""","""1403""","""100%""","""—""","""—""","""—""","""—""","""—""","""0.03mg""","""100.0%""","""77mg""","""1.70g""","""""","""909kJ""","""Tr""","""—""","""107""","""2.7g""","""0.07mg""","""44.6mg""","""0.27mg""","""50.7g""","""41.2g""","""—""","""47mg""","""0.5mg""","""雪糕(红豆缘)""","""""","""—""","""0.6g""","""""","""0.00mg""","""84.1%"""
"""41.6%""","""9.3%""","""1.0g""","""0.0μg""","""0.00mg""","""1404""","""100%""","""—""","""0.0mg""","""—""","""—""","""0.1μg""","""Tr""","""99.9%""","""—""","""0.00g""","""""","""311kJ""","""Tr""","""—""","""107""","""Tr""","""Tr""","""—""","""0.31mg""","""82.9g""","""16.1g""","""0.00mg""","""—""","""0.0mg""","""棒冰(可乐冰)""","""""","""—""","""0.0g""","""""","""0.02mg""","""49.0%"""
"""8.4%""","""38.8%""","""1.1g""","""0.0μg""","""0.00mg""","""1405""","""100%""","""—""","""0.0mg""","""—""","""—""","""0.7μg""","""Tr""","""91.4%""","""32mg""","""0.00g""","""""","""403kJ""","""Tr""","""—""","""107""","""Tr""","""0.01mg""","""16.8mg""","""0.28mg""","""77.6g""","""21.3g""","""0.00mg""","""—""","""0.0mg""","""棒冰(七彩旋)""","""""","""—""","""0.0g""","""""","""0.01mg""","""44.1%"""
"""—""","""—""","""0g""","""0μg""","""0.30mg""","""1406""","""100%""","""0μg""","""0mg""","""6mg""","""0.60μg""","""""","""0.15mg""","""—""","""47mg""","""0g""","""""","""80kJ""","""1.10mg""","""13mg""","""109""","""0.4g""","""0.04mg""","""11.4mg""","""0.03mg""","""95.1g""","""4.3g""","""0mg""","""12mg""","""0.4mg""","""啤酒(均值)""","""""","""0mg""","""0.2g""","""96μg""","""0.01mg""","""—"""
"""—""","""—""","""0.0g""","""0.0μg""","""0.19mg""","""1407""","""100%""","""—""","""0.0mg""","""1mg""","""0.80μg""","""—""","""0.00mg""","""—""","""25mg""","""0.00g""","""""","""117kJ""","""0.50mg""","""7mg""","""109""","""0.4g""","""0.02mg""","""0.4mg""","""0.13mg""","""92.9g""","""6.5g""","""0.00mg""","""6mg""","""0.1mg""","""啤酒(4.3％，青岛牌)""","""""","""—""","""0.2g""","""""","""0.27mg""","""—"""
"""—""","""—""","""0.0g""","""0.0μg""","""0.02mg""","""1408""","""100%""","""—""","""0.0mg""","""6mg""","""—""","""—""","""Tr""","""—""","""16mg""","""0.00g""","""""","""73kJ""","""—""","""2mg""","""109""","""0.3g""","""0.02mg""","""3.4mg""","""Tr""","""95.6g""","""4.0g""","""0.00mg""","""14mg""","""0.0mg""","""啤酒(4％，燕京牌)""","""""","""—""","""0.1g""","""""","""0.13mg""","""—"""
"""—""","""—""","""0.0g""","""0.0μg""","""0.01mg""","""1409""","""100%""","""—""","""0.0mg""","""15mg""","""0.30μg""","""—""","""0.00mg""","""—""","""44mg""","""0.00g""","""""","""126kJ""","""0.49mg""","""6mg""","""109""","""0.4g""","""0.02mg""","""2.3mg""","""Tr""","""92.4g""","""7.0g""","""0.00mg""","""35mg""","""0.0mg""","""啤酒(5.1％，生力牌)""","""""","""—""","""0.2g""","""""","""0.02mg""","""—"""
"""—""","""—""","""0g""","""0μg""","""0.08mg""","""1410""","""100%""","""0μg""","""0mg""","""5mg""","""0.10μg""","""""","""0.02mg""","""—""","""33mg""","""0g""","""""","""1674kJ""","""0mg""","""21mg""","""109""","""0.1g""","""0.03mg""","""1.6mg""","""0.05mg""","""89.6g""","""100g""","""0mg""","""3mg""","""0.6mg""","""葡萄酒(均值)""","""""","""0mg""","""0.1g""","""0μg""","""0.04mg""","""—"""
"""—""","""—""","""""","""""","""0.02mg""","""1411""","""100%""","""""","""""","""3mg""","""0.10μg""","""""","""0.01mg""","""—""","""35mg""","""""","""""","""161kJ""","""""","""18mg""","""109""","""0.1g""","""0.04mg""","""1.6mg""","""0.06mg""","""90.4g""","""9.4g""","""—""","""2mg""","""2.0mg""","""白葡萄酒""","""""","""""","""0.1g""","""""","""0.01mg""","""—"""
"""—""","""—""","""""","""""","""0.08mg""","""1412""","""100%""","""""","""""","""8mg""","""0.10μg""","""""","""0.04mg""","""—""","""27mg""","""""","""""","""180kJ""","""""","""20mg""","""109""","""0.1g""","""0.01mg""","""1.7mg""","""0.02mg""","""89.3g""","""10.5g""","""—""","""4mg""","""0.2mg""","""红葡萄酒""","""""","""""","""0.1g""","""""","""0.04mg""","""—"""
"""—""","""—""","""0.0g""","""0.0μg""","""0.04mg""","""1413""","""100%""","""—""","""0.0mg""","""5mg""","""0.00μg""","""—""","""Tr""","""—""","""83mg""","""0.00g""","""""","""173kJ""","""—""","""6mg""","""109""","""0.1g""","""0.01mg""","""1.7mg""","""0.05mg""","""89.6g""","""10.1g""","""0.00mg""","""5mg""","""0.4mg""","""葡萄酒(干白，11％，长城牌)""","""""","""—""","""0.2g""","""""","""0.09mg""","""—"""
"""—""","""—""","""0.0g""","""0.0μg""","""0.08mg""","""1414""","""100%""","""—""","""0.0mg""","""6mg""","""—""","""—""","""Tr""","""—""","""49mg""","""0.00g""","""""","""196kJ""","""0.12mg""","""6mg""","""109""","""0.3g""","""Tr""","""2.8mg""","""Tr""","""88.3g""","""11.2g""","""0.00mg""","""11mg""","""0.4mg""","""葡萄酒(干白，12％，张裕牌)""","""""","""—""","""0.2g""","""""","""0.11mg""","""—"""
"""—""","""—""","""0.0g""","""0.0μg""","""0.09mg""","""1415""","""100%""","""—""","""0.0mg""","""7mg""","""—""","""—""","""Tr""","""—""","""21mg""","""0.00g""","""""","""190kJ""","""0.14mg""","""5mg""","""109""","""0.3g""","""Tr""","""11.4mg""","""0.00mg""","""88.6g""","""10.9g""","""0.00mg""","""13mg""","""0.3mg""","""葡萄酒(半干白，11.5％，王朝牌)""","""""","""—""","""0.2g""","""""","""0.06mg""","""—"""
"""—""","""—""","""0.0g""","""0.0μg""","""0.03mg""","""1416""","""100%""","""—""","""0.0mg""","""8mg""","""0.00μg""","""—""","""Tr""","""—""","""122mg""","""0.00g""","""""","""187kJ""","""—""","""9mg""","""109""","""0.2g""","""0.01mg""","""3.3mg""","""0.02mg""","""88.7g""","""10.8g""","""0.00mg""","""14mg""","""0.6mg""","""葡萄酒(干红，11.5％，长城牌)""","""""","""—""","""0.3g""","""""","""0.17mg""","""—"""
"""—""","""—""","""0.0g""","""0.0μg""","""0.06mg""","""1417""","""100%""","""—""","""0.0mg""","""8mg""","""—""","""—""","""Tr""","""—""","""72mg""","""0.00g""","""""","""192kJ""","""0.11mg""","""5mg""","""109""","""0.3g""","""0.02mg""","""2.1mg""","""0.01mg""","""88.5g""","""11.0g""","""0.00mg""","""8mg""","""0.5mg""","""葡萄酒(干红，11.5％，王朝牌)""","""""","""—""","""0.2g""","""""","""0.17mg""","""—"""
"""—""","""—""","""0.0g""","""0.0μg""","""0.07mg""","""1418""","""100%""","""—""","""0.0mg""","""7mg""","""—""","""—""","""Tr""","""—""","""89mg""","""0.00g""","""""","""195kJ""","""0.12mg""","""6mg""","""109""","""0.3g""","""0.02mg""","""8.3mg""","""Tr""","""88.2g""","""11.2g""","""0.00mg""","""8mg""","""0.5mg""","""葡萄酒(干红，12％，张裕牌)""","""""","""—""","""0.3g""","""""","""0.13mg""","""—"""
"""—""","""—""","""0.2g""","""0.0μg""","""0.45mg""","""1419""","""100%""","""—""","""0.0mg""","""2mg""","""0.30μg""","""—""","""Tr""","""—""","""36mg""","""0.00g""","""""","""137kJ""","""0.05mg""","""8mg""","""109""","""Tr""","""0.01mg""","""2.6mg""","""Tr""","""92.1g""","""7.6g""","""0.00mg""","""2mg""","""0.5mg""","""黑加仑酒(8％)""","""""","""—""","""0.1g""","""""","""0.08mg""","""—"""
"""—""","""—""","""0.0g""","""—""","""Tr""","""1420""","""100%""","""Tr""","""0.0mg""","""5mg""","""Tr""","""—""","""Tr""","""—""","""55mg""","""0.00g""","""""","""360kJ""","""0.10mg""","""8mg""","""109""","""0.1g""","""0.01mg""","""27.0mg""","""0.04mg""","""78.8g""","""21.1g""","""—""","""24mg""","""0.4mg""","""雪利酒""","""""","""0mg""","""—""","""""","""0.01mg""","""—"""
"""—""","""—""","""""","""""","""0.52mg""","""1421""","""100%""","""""","""""","""15mg""","""0.70μg""","""""","""0.02mg""","""—""","""26mg""","""""","""""","""173kJ""","""0.50mg""","""41mg""","""109""","""1.6g""","""0.05mg""","""5.2mg""","""0.07mg""","""89.5g""","""8.6g""","""—""","""21mg""","""0.6mg""","""黄酒""","""""","""""","""0.3g""","""""","""0.27mg""","""—"""
"""—""","""—""","""0g""","""0μg""","""0.33mg""","""1422""","""100%""","""0μg""","""0mg""","""30mg""","""1.20μg""","""""","""0.01mg""","""—""","""2mg""","""0g""","""""","""1674kJ""","""0mg""","""12mg""","""109""","""2g""","""0.10mg""","""1.5mg""","""0.03mg""","""94.0g""","""98g""","""0mg""","""29mg""","""0.1mg""","""加饭黄酒""","""""","""0mg""","""""","""0μg""","""0.03mg""","""—"""
"""—""","""—""","""0g""","""0μg""","""0.70mg""","""1423""","""100%""","""0μg""","""0mg""","""6mg""","""0.30μg""","""""","""0.03mg""","""—""","""0mg""","""0g""","""""","""1674kJ""","""0mg""","""16mg""","""109""","""2g""","""0.01mg""","""1.0mg""","""0.01mg""","""86.2g""","""98g""","""0mg""","""9mg""","""0.1mg""","""江米酒""","""""","""0mg""","""0.1g""","""0μg""","""0.32mg""","""—"""
"""—""","""—""","""0g""","""0μg""","""0.39mg""","""1424""","""100%""","""0μg""","""0mg""","""0mg""","""0.30μg""","""""","""0mg""","""—""","""69mg""","""0g""","""""","""1674kJ""","""0mg""","""15mg""","""109""","""0g""","""0.04mg""","""4.2mg""","""0mg""","""87.7g""","""100g""","""0mg""","""30mg""","""1.3mg""","""绍兴黄酒(15度)""","""""","""0mg""","""0.2g""","""0μg""","""0.50mg""","""—"""
"""—""","""—""","""0.0g""","""0.0μg""","""0.26mg""","""1425""","""100%""","""—""","""0.0mg""","""20mg""","""—""","""—""","""Tr""","""—""","""62mg""","""0.00g""","""""","""355kJ""","""—""","""58mg""","""109""","""1.0g""","""Tr""","""20.8mg""","""0.05mg""","""78.8g""","""19.9g""","""0.00mg""","""31mg""","""0.3mg""","""花雕酒(16.5％)""","""""","""—""","""0.3g""","""""","""0.28mg""","""—"""
"""—""","""—""","""0g""","""0μg""","""0.04mg""","""1426""","""100%""","""0μg""","""0mg""","""1mg""","""0μg""","""""","""0.05mg""","""—""","""0mg""","""0g""","""""","""1674kJ""","""0mg""","""1mg""","""110""","""0g""","""0mg""","""0.5mg""","""0.02mg""","""49.7g""","""100g""","""0mg""","""0mg""","""0.1mg""","""二锅头(58度)""","""""","""0mg""","""0.2g""","""0μg""","""0mg""","""—"""
"""—""","""—""","""0g""","""0μg""","""0mg""","""1427""","""100%""","""0μg""","""0mg""","""0mg""","""0μg""","""""","""0mg""","""—""","""0mg""","""0g""","""""","""1674kJ""","""0mg""","""0mg""","""110""","""0g""","""0mg""","""0mg""","""0mg""","""52.8g""","""100g""","""0mg""","""0mg""","""0mg""","""曲酒(55度)""","""""","""0mg""","""""","""0μg""","""0mg""","""—"""
"""—""","""—""","""0.0g""","""0.0μg""","""0.03mg""","""1428""","""100%""","""0.0μg""","""0.0mg""","""Tr""","""—""","""—""","""Tr""","""—""","""0mg""","""0.00g""","""""","""660kJ""","""Tr""","""0mg""","""110""","""Tr""","""0.02mg""","""0.6mg""","""Tr""","""61.2g""","""38.8g""","""0.00mg""","""—""","""—""","""董酒(浓香型，46％)""","""""","""—""","""Tr""","""""","""Tr""","""—"""
"""—""","""—""","""0.0g""","""0.0μg""","""0.03mg""","""1429""","""100%""","""0.0μg""","""0.0mg""","""0mg""","""—""","""—""","""Tr""","""—""","""0mg""","""0.00g""","""""","""819kJ""","""Tr""","""Tr""","""110""","""Tr""","""Tr""","""0.4mg""","""0.01mg""","""51.8g""","""48.2g""","""0.00mg""","""Tr""","""0.0mg""","""二锅头(56%)""","""""","""—""","""Tr""","""""","""Tr""","""—"""
"""—""","""—""","""0.0g""","""0.0μg""","""Tr""","""1430""","""100%""","""0.0μg""","""0.0mg""","""Tr""","""—""","""—""","""Tr""","""—""","""0mg""","""0.00g""","""""","""770kJ""","""Tr""","""0mg""","""110""","""Tr""","""0.01mg""","""1.7mg""","""Tr""","""54.7g""","""45.3g""","""0.00mg""","""—""","""0.0mg""","""汾酒(清香型，53％)""","""""","""—""","""Tr""","""""","""Tr""","""—"""
"""—""","""—""","""0.0g""","""0.0μg""","""0.07mg""","""1431""","""100%""","""0.0μg""","""0.0mg""","""0mg""","""—""","""—""","""Tr""","""—""","""0mg""","""0.00g""","""""","""541kJ""","""Tr""","""1mg""","""110""","""Tr""","""Tr""","""1.3mg""","""Tr""","""68.2g""","""31.8g""","""0.00mg""","""1mg""","""Tr""","""古井贡酒(浓香型，38％)""","""""","""—""","""Tr""","""""","""0.01mg""","""—"""
"""—""","""—""","""0.0g""","""0.0μg""","""0.02mg""","""1432""","""100%""","""0.0μg""","""0.0mg""","""0mg""","""—""","""—""","""Tr""","""—""","""3mg""","""0.00g""","""""","""758kJ""","""Tr""","""0mg""","""110""","""Tr""","""Tr""","""0.5mg""","""Tr""","""55.4g""","""44.6g""","""0.00mg""","""—""","""0.0mg""","""剑南春(52％)""","""""","""—""","""Tr""","""""","""Tr""","""—"""
"""—""","""—""","""0.0g""","""0.0μg""","""0.02mg""","""1433""","""100%""","""0.0μg""","""0.0mg""","""0mg""","""—""","""—""","""Tr""","""—""","""3mg""","""0.00g""","""""","""541kJ""","""Tr""","""0mg""","""110""","""Tr""","""Tr""","""0.4mg""","""Tr""","""68.2g""","""31.8g""","""0.00mg""","""—""","""0.0mg""","""剑南春(浓香型，38％)""","""""","""—""","""Tr""","""""","""0.01mg""","""—"""
"""—""","""—""","""0.0g""","""0.0μg""","""0.03mg""","""1434""","""100%""","""0.0μg""","""0.0mg""","""0mg""","""—""","""—""","""Tr""","""—""","""0mg""","""0.00g""","""""","""537kJ""","""Tr""","""1mg""","""110""","""Tr""","""Tr""","""1.1mg""","""0.01mg""","""68.4g""","""31.6g""","""0.00mg""","""Tr""","""0.1mg""","""京酒(浓香型，38％)""","""""","""—""","""Tr""","""""","""0.01mg""","""—"""
"""—""","""—""","""0.0g""","""0.0μg""","""0.04mg""","""1435""","""100%""","""0.0μg""","""0.0mg""","""0mg""","""—""","""—""","""Tr""","""—""","""1mg""","""0.00g""","""""","""770kJ""","""Tr""","""1mg""","""110""","""Tr""","""Tr""","""0.4mg""","""Tr""","""54.7g""","""45.3g""","""0.00mg""","""Tr""","""0.2mg""","""茅台酒(53％)""","""""","""—""","""Tr""","""""","""Tr""","""—"""
"""—""","""—""","""0.0g""","""0.0μg""","""0.03mg""","""1436""","""100%""","""0.0μg""","""0.0mg""","""Tr""","""—""","""—""","""Tr""","""—""","""0mg""","""0.00g""","""""","""755kJ""","""Tr""","""Tr""","""110""","""Tr""","""Tr""","""0.4mg""","""0.01mg""","""55.6g""","""44.4g""","""0.00mg""","""Tr""","""0.0mg""","""五粮液(52％)""","""""","""—""","""Tr""","""""","""Tr""","""—"""
"""—""","""—""","""0.0g""","""0.0μg""","""0.06mg""","""1437""","""100%""","""0.0μg""","""0.0mg""","""1mg""","""—""","""—""","""Tr""","""—""","""3mg""","""0.00g""","""""","""821kJ""","""Tr""","""1mg""","""110""","""Tr""","""0.01mg""","""5.4mg""","""Tr""","""51.7g""","""48.3g""","""0.00mg""","""—""","""0.0mg""","""竹叶青酒(45％)""","""""","""—""","""Tr""","""""","""0.01mg""","""—"""
"""—""","""—""","""0.0g""","""0.0μg""","""0.04mg""","""1438""","""100%""","""0.0μg""","""0.0mg""","""0mg""","""Tr""","""—""","""Tr""","""—""","""9mg""","""0.00g""","""""","""556kJ""","""Tr""","""0mg""","""110""","""Tr""","""Tr""","""7.9mg""","""0.04mg""","""67.3g""","""32.7g""","""0.00mg""","""0mg""","""0.0mg""","""金奖白兰地(38％)""","""""","""—""","""Tr""","""""","""Tr""","""—"""
"""—""","""—""","""0.0g""","""0.0μg""","""0.00mg""","""1439""","""100%""","""—""","""0.0mg""","""0mg""","""0.00μg""","""—""","""0.01mg""","""—""","""1mg""","""0.00g""","""""","""568kJ""","""0.00mg""","""0mg""","""110""","""0.0g""","""0.01mg""","""1.0mg""","""0.01mg""","""66.6g""","""33.4g""","""—""","""5mg""","""0.0mg""","""伏特加""","""""","""0mg""","""0.0g""","""""","""0.00mg""","""—"""
"""—""","""—""","""0.0g""","""0.0μg""","""0.02mg""","""1440""","""100%""","""—""","""0.0mg""","""0mg""","""0.00μg""","""—""","""0.01mg""","""—""","""1mg""","""0.00g""","""""","""614kJ""","""0.05mg""","""0mg""","""110""","""0.0g""","""0.00mg""","""0.0mg""","""0.01mg""","""63.9g""","""36.1g""","""—""","""3mg""","""0.0mg""","""威士忌""","""""","""0mg""","""0.0g""","""""","""0.01mg""","""—"""
"""—""","""—""","""0.0g""","""—""","""Tr""","""1441""","""100%""","""Tr""","""0.0mg""","""3mg""","""Tr""","""—""","""Tr""","""—""","""72mg""","""0.00g""","""""","""128kJ""","""0.00mg""","""8mg""","""111""","""Tr""","""Tr""","""7.0mg""","""0.04mg""","""92.5g""","""7.5g""","""—""","""3mg""","""0.5mg""","""苹果酒(干型)""","""""","""0mg""","""—""","""""","""Tr""","""—"""
"""—""","""—""","""0.0g""","""—""","""Tr""","""1442""","""100%""","""Tr""","""0.0mg""","""3mg""","""Tr""","""—""","""Tr""","""—""","""72mg""","""0.00g""","""""","""150kJ""","""0.00mg""","""8mg""","""111""","""Tr""","""Tr""","""7.0mg""","""0.04mg""","""91.2g""","""8.8g""","""—""","""3mg""","""0.5mg""","""苹果酒(甜)""","""""","""0mg""","""—""","""""","""Tr""","""—"""
"""—""","""—""","""1.9g""","""—""","""—""","""1443""","""100%""","""—""","""5.0mg""","""—""","""—""","""—""","""0.03mg""","""—""","""71mg""","""""","""""","""630kJ""","""0.10mg""","""8mg""","""111""","""0.4g""","""0.01mg""","""6.0mg""","""—""","""65.1g""","""32.5g""","""—""","""7mg""","""0.2mg""","""果汁朗姆酒(9.9%)""","""""","""—""","""0.1g""","""""","""—""","""—"""
"""—""","""—""","""0.0g""","""—""","""—""","""1444""","""100%""","""—""","""0.0mg""","""—""","""—""","""—""","""0.00mg""","""—""","""2mg""","""0.00g""","""""","""221kJ""","""0.00mg""","""4mg""","""111""","""0.0g""","""0.00mg""","""16.0mg""","""—""","""86.9g""","""13.0g""","""—""","""2mg""","""0.0mg""","""鸡尾酒""","""""","""—""","""0.1g""","""""","""—""","""—"""
"""—""","""—""","""0.0g""","""0.0μg""","""0.01mg""","""1445""","""100%""","""0.0μg""","""0.0mg""","""2mg""","""0.10μg""","""—""","""0.00mg""","""—""","""16mg""","""0.00g""","""""","""610kJ""","""0.04mg""","""1mg""","""111""","""0.0g""","""0.00mg""","""3.0mg""","""0.01mg""","""64.0g""","""35.9g""","""—""","""2mg""","""0.0mg""","""马提尼酒(32%)""","""""","""0mg""","""0.1g""","""""","""0.02mg""","""—"""
"""—""","""—""","""0.0g""","""—""","""—""","""1446""","""100%""","""—""","""0.0mg""","""—""","""—""","""—""","""0.01mg""","""—""","""26mg""","""""","""""","""575kJ""","""0.10mg""","""2mg""","""111""","""0.1g""","""0.01mg""","""3.0mg""","""—""","""66.1g""","""33.7g""","""—""","""7mg""","""0.1mg""","""曼哈顿酒(30.6%)""","""""","""—""","""0.1g""","""""","""—""","""—"""
"""—""","""—""","""0.0g""","""0.0μg""","""0.06mg""","""1447""","""100%""","""—""","""1.6mg""","""1mg""","""0.10μg""","""—""","""0.01mg""","""—""","""11mg""","""""","""""","""391kJ""","""0.02mg""","""0mg""","""111""","""0.0g""","""0.01mg""","""44.0mg""","""0.01mg""","""76.9g""","""23.0g""","""—""","""6mg""","""0.0mg""","""酸味威士忌(16.8%)""","""""","""0mg""","""0.1g""","""""","""0.01mg""","""—"""
"""—""","""—""","""""","""""","""0.06mg""","""1448""","""100%""","""""","""""","""3mg""","""""","""""","""""","""—""","""5mg""","""""","""""","""1698kJ""","""""","""20mg""","""112""","""""","""""","""0.4mg""","""0.04mg""","""""","""99.9g""","""—""","""8mg""","""0.6mg""","""糖（白砂糖）""","""""","""""","""0.1g""","""""","""0.09mg""","""—"""
"""—""","""—""","""""","""""","""0.07mg""","""1449""","""100%""","""""","""""","""2mg""","""0.40μg""","""""","""""","""—""","""2mg""","""""","""""","""1683kJ""","""0.20mg""","""6mg""","""112""","""0.1g""","""""","""2.0mg""","""0.02mg""","""0.9g""","""98.9g""","""—""","""3mg""","""0.2mg""","""糖（绵白糖）""","""""","""""","""0.1g""","""""","""0.08mg""","""—"""
"""—""","""—""","""""","""""","""0.21mg""","""1450""","""100%""","""""","""""","""2mg""","""""","""""","""0.03mg""","""—""","""1mg""","""""","""""","""1688kJ""","""""","""23mg""","""112""","""""","""0.03mg""","""2.7mg""","""0.03mg""","""0.6g""","""99.3g""","""—""","""""","""1.4mg""","""糖（冰糖）""","""""","""""","""0.1g""","""""","""""","""—"""
"""—""","""—""","""""","""""","""0.35mg""","""1451""","""100%""","""""","""""","""54mg""","""4.20μg""","""""","""0.01mg""","""—""","""240mg""","""""","""""","""1654kJ""","""0.30mg""","""157mg""","""112""","""0.7g""","""""","""18.3mg""","""0.15mg""","""1.9g""","""96.6g""","""—""","""11mg""","""2.2mg""","""糖（红糖）""","""""","""""","""0.8g""","""""","""0.27mg""","""—"""
"""—""","""—""","""12.3g""","""0μg""","""2.12mg""","""1452""","""100%""","""1μg""","""0mg""","""17mg""","""0.00μg""","""""","""0.06mg""","""—""","""73mg""","""0g""","""""","""1820kJ""","""0.50mg""","""29mg""","""113""","""5g""","""0.01mg""","""168.1mg""","""0.23mg""","""6.5g""","""75.4g""","""11mg""","""123mg""","""4mg""","""花生牛轧糖""","""""","""0mg""","""0.9g""","""6μg""","""0.22mg""","""—"""
"""—""","""—""","""7g""","""0μg""","""0.29mg""","""1453""","""100%""","""1μg""","""0mg""","""20mg""","""1μg""","""""","""0.08mg""","""—""","""75mg""","""0g""","""""","""1723kJ""","""1mg""","""50mg""","""113""","""2.5g""","""0.17mg""","""222.5mg""","""0.14mg""","""5.6g""","""84.5g""","""0mg""","""26mg""","""3.4mg""","""奶糖""","""""","""0mg""","""0.8g""","""6μg""","""0.09mg""","""—"""
"""—""","""—""","""40.1g""","""0μg""","""1.02mg""","""1454""","""100%""","""1μg""","""0mg""","""56mg""","""1.20μg""","""""","""0.06mg""","""—""","""254mg""","""2g""","""""","""2465kJ""","""1.40mg""","""111mg""","""113""","""4.3g""","""0.08mg""","""112mg""","""0.23mg""","""1.0g""","""53.4g""","""2mg""","""114mg""","""2mg""","""巧克力""","""""","""0mg""","""1.2g""","""1μg""","""1mg""","""—"""
"""—""","""—""","""38.4g""","""0μg""","""1.36mg""","""1455""","""100%""","""2μg""","""0mg""","""69mg""","""0μg""","""""","""0.08mg""","""—""","""292mg""","""1g""","""""","""2405kJ""","""0.40mg""","""61mg""","""113""","""8.2g""","""0.07mg""","""111.2mg""","""0.30mg""","""2.1g""","""49.7g""","""12mg""","""128mg""","""6mg""","""巧克力(维夫)[朱古力威化]""","""""","""0mg""","""1.6g""","""2μg""","""1mg""","""—"""
"""—""","""—""","""14g""","""0μg""","""2mg""","""1456""","""100%""","""1μg""","""0mg""","""62mg""","""1.10μg""","""""","""0.10mg""","""—""","""148mg""","""4g""","""""","""1902kJ""","""4mg""","""186mg""","""113""","""6.0g""","""0.04mg""","""45.0mg""","""0.30mg""","""3.3g""","""75.6g""","""5mg""","""135mg""","""6.0mg""","""酥糖""","""""","""0mg""","""1.2g""","""3μg""","""0.50mg""","""—"""
"""—""","""—""","""0.4g""","""0μg""","""0.08mg""","""1457""","""100%""","""0μg""","""0mg""","""9mg""","""0μg""","""""","""0mg""","""—""","""11mg""","""0g""","""""","""1688kJ""","""0.10mg""","""10mg""","""113""","""0g""","""0mg""","""155mg""","""0.12mg""","""0.7g""","""98.4g""","""0mg""","""2mg""","""2.3mg""","""酸三色糖""","""""","""0mg""","""0.5g""","""1μg""","""0.05mg""","""—"""
"""25.6%""","""9.7%""","""20.7g""","""—""","""0.86mg""","""1458""","""100%""","""—""","""—""","""26mg""","""2.40μg""","""—""","""0.04mg""","""100.0%""","""144mg""","""Tr""","""""","""2072kJ""","""Tr""","""127mg""","""113""","""2.6g""","""0.11mg""","""246.6mg""","""0.50mg""","""1.1g""","""74.2g""","""—""","""67mg""","""4.0mg""","""夹心糖""","""""","""—""","""1.4g""","""""","""0.22mg""","""64.7%"""
"""—""","""—""","""0.3g""","""—""","""0.28mg""","""1459""","""100%""","""—""","""—""","""2mg""","""0.60μg""","""Tr""","""0.02mg""","""—""","""14mg""","""0.10g""","""""","""1567kJ""","""Tr""","""4mg""","""113""","""6.0g""","""0.04mg""","""57.3mg""","""0.02mg""","""8.0g""","""85.6g""","""—""","""9mg""","""0.7mg""","""水果味软糖""","""""","""—""","""0.1g""","""""","""0.05mg""","""—"""
"""30.3%""","""6.9%""","""8.2g""","""—""","""1.55mg""","""1460""","""100%""","""—""","""—""","""2mg""","""0.90μg""","""14.8μg""","""0.07mg""","""100.0%""","""200mg""","""""","""""","""1840kJ""","""Tr""","""65mg""","""113""","""2.2g""","""0.10mg""","""2.7mg""","""0.04mg""","""0.7g""","""88.2g""","""—""","""75mg""","""0.5mg""","""牛奶糖""","""""","""—""","""0.7g""","""""","""0.09mg""","""62.8%"""
"""—""","""—""","""1.6g""","""—""","""0.07mg""","""1461""","""100%""","""—""","""—""","""1mg""","""0.40μg""","""—""","""Tr""","""—""","""3mg""","""Tr""","""""","""1713kJ""","""Tr""","""2mg""","""113""","""Tr""","""0.01mg""","""8.3mg""","""0.01mg""","""1.0g""","""97.3g""","""—""","""1mg""","""0.1mg""","""酸奶软糖""","""""","""—""","""0.1g""","""""","""0.03mg""","""—"""
"""—""","""—""","""16.5g""","""79.0μg""","""—""","""1462""","""100%""","""—""","""—""","""—""","""—""","""3.5μg""","""0.02mg""","""—""","""—""","""""","""""","""1911kJ""","""Tr""","""—""","""113""","""3.7g""","""0.14mg""","""—""","""—""","""6.0g""","""72.8g""","""2.17mg""","""—""","""—""","""太妃糖""","""""","""—""","""1.0g""","""""","""—""","""—"""
"""—""","""—""","""32.8g""","""54.0μg""","""—""","""1463""","""100%""","""—""","""—""","""—""","""2.30μg""","""1.1μg""","""0.11mg""","""—""","""—""","""""","""""","""2303kJ""","""0.35mg""","""—""","""113""","""9.2g""","""0.49mg""","""—""","""—""","""1.1g""","""54.9g""","""1.38mg""","""—""","""—""","""巧克力(充气)""","""""","""—""","""2.0g""","""""","""—""","""—"""
"""—""","""—""","""33.5g""","""29.0μg""","""—""","""1464""","""100%""","""—""","""—""","""—""","""2.50μg""","""—""","""0.10mg""","""—""","""—""","""""","""""","""2317kJ""","""0.67mg""","""—""","""113""","""9.9g""","""0.37mg""","""—""","""—""","""1.0g""","""53.5g""","""—""","""—""","""—""","""巧克力(果仁)""","""""","""—""","""2.1g""","""""","""—""","""—"""
"""—""","""—""","""30.0g""","""1.0μg""","""1.62mg""","""1465""","""100%""","""—""","""0.0mg""","""115mg""","""3.10μg""","""—""","""0.06mg""","""—""","""365mg""","""5.90g""","""""","""2247kJ""","""0.43mg""","""32mg""","""113""","""4.2g""","""0.09mg""","""11.0mg""","""0.70mg""","""—""","""65.8g""","""—""","""132mg""","""—""","""巧克力(黑)""","""""","""0mg""","""—""","""""","""0.80mg""","""—"""
"""—""","""—""","""39.2g""","""32.0μg""","""—""","""1466""","""100%""","""—""","""—""","""—""","""2.50μg""","""1.8μg""","""0.11mg""","""—""","""—""","""""","""""","""2438kJ""","""0.53mg""","""—""","""113""","""8.2g""","""0.24mg""","""—""","""—""","""0.9g""","""49.9g""","""1.40mg""","""—""","""—""","""巧克力(牛奶)""","""""","""—""","""1.8g""","""""","""—""","""—"""
"""—""","""—""","""0.2g""","""10μg""","""0.27mg""","""1467""","""100%""","""60.0μg""","""0mg""","""12mg""","""0.30μg""","""""","""0.02mg""","""—""","""144mg""","""2g""","""""","""1252kJ""","""0.30mg""","""19mg""","""114""","""1g""","""0.05mg""","""200.5mg""","""0.19mg""","""25.8g""","""72.6g""","""1mg""","""10mg""","""3.1mg""","""海棠脯""","""""","""0mg""","""0.8g""","""26μg""","""0.13mg""","""—"""
"""—""","""—""","""0.3g""","""80μg""","""3.47mg""","""1468""","""100%""","""480.0μg""","""8.0mg""","""49mg""","""7μg""","""""","""0mg""","""—""","""409mg""","""5g""","""""","""1284kJ""","""2mg""","""397mg""","""114""","""3g""","""0.03mg""","""146.5mg""","""6.13mg""","""23.7g""","""72.1g""","""0mg""","""26mg""","""12.3mg""","""李广杏脯""","""""","""0mg""","""1.1g""","""24μg""","""0.23mg""","""—"""
"""—""","""—""","""0.1g""","""12μg""","""0.16mg""","""1469""","""100%""","""70.0μg""","""0mg""","""5mg""","""0.20μg""","""""","""0.01mg""","""—""","""67mg""","""2g""","""""","""1457kJ""","""0.10mg""","""9mg""","""114""","""1g""","""0.09mg""","""13mg""","""0.12mg""","""14.2g""","""84.9g""","""0mg""","""12mg""","""2mg""","""苹果脯""","""""","""0mg""","""0.2g""","""14μg""","""0.05mg""","""—"""
"""—""","""—""","""0.4g""","""8μg""","""0.18mg""","""1470""","""100%""","""50.0μg""","""6.0mg""","""29mg""","""1.40μg""","""""","""0.01mg""","""—""","""286mg""","""2g""","""""","""1358kJ""","""1mg""","""96mg""","""114""","""1.4g""","""0.12mg""","""243.0mg""","""0.22mg""","""19.2g""","""77.6g""","""6mg""","""32mg""","""10.4mg""","""桃脯""","""""","""0mg""","""1.4g""","""19μg""","""0.32mg""","""—"""
"""—""","""—""","""1g""","""157μg""","""1mg""","""1471""","""100%""","""940.0μg""","""6.0mg""","""12mg""","""2μg""","""""","""0.02mg""","""—""","""266mg""","""2g""","""""","""1430kJ""","""1mg""","""68mg""","""114""","""1g""","""0.09mg""","""213.3mg""","""0.26mg""","""15.3g""","""82.0g""","""1mg""","""22mg""","""5mg""","""杏脯""","""""","""0mg""","""1.3g""","""15μg""","""0.13mg""","""—"""
"""—""","""—""","""1g""","""10μg""","""0.41mg""","""1472""","""100%""","""60.0μg""","""10.0mg""","""13mg""","""2μg""","""""","""0.02mg""","""—""","""302mg""","""2g""","""""","""1301kJ""","""0.30mg""","""42mg""","""114""","""1g""","""0.08mg""","""192.1mg""","""0.17mg""","""22.6g""","""74.6g""","""5mg""","""18mg""","""6.3mg""","""金糕条[山楂条]""","""""","""0mg""","""1.6g""","""23μg""","""0.14mg""","""—"""
"""—""","""—""","""1g""","""25μg""","""1mg""","""1473""","""100%""","""150.0μg""","""3.0mg""","""66mg""","""1μg""","""""","""0.02mg""","""—""","""312mg""","""3g""","""""","""1407kJ""","""1mg""","""52mg""","""114""","""1.0g""","""0.03mg""","""116mg""","""1mg""","""16.7g""","""80.0g""","""2mg""","""41mg""","""12mg""","""山楂果丹皮""","""""","""0mg""","""1.5g""","""17μg""","""0.35mg""","""—"""
"""—""","""—""","""0.0g""","""0.0μg""","""0.34mg""","""1474""","""67%""","""—""","""—""","""61mg""","""0.70μg""","""—""","""0.22mg""","""—""","""1330mg""","""6.90g""","""""","""1148kJ""","""0.23mg""","""61mg""","""114""","""2.3g""","""0.04mg""","""120.7mg""","""0.28mg""","""27.0g""","""68.9g""","""—""","""68mg""","""4.3mg""","""冰糖酸角""","""""","""—""","""1.8g""","""""","""0.28mg""","""—"""
"""—""","""—""","""1.1g""","""0.0μg""","""0.61mg""","""1475""","""60%""","""596.0μg""","""—""","""51mg""","""—""","""3.1μg""","""0.02mg""","""—""","""1523mg""","""12.50g""","""""","""758kJ""","""0.80mg""","""378mg""","""114""","""2.7g""","""0.02mg""","""2574.2mg""","""0.31mg""","""42.1g""","""46.1g""","""—""","""67mg""","""7.2mg""","""甘草杏""","""""","""—""","""8.0g""","""""","""0.41mg""","""—"""
"""—""","""—""","""0.2g""","""0.0μg""","""—""","""1476""","""100%""","""—""","""0.9mg""","""—""","""—""","""—""","""—""","""—""","""—""","""""","""""","""1384kJ""","""—""","""22mg""","""114""","""2.0g""","""—""","""846.4mg""","""—""","""16.4g""","""79.0g""","""—""","""—""","""2.4mg""","""清凉杏肉""","""""","""—""","""2.4g""","""""","""—""","""—"""
"""12.7%""","""24.6%""","""1.1g""","""0.0μg""","""1.06mg""","""1477""","""70%""","""—""","""—""","""100mg""","""—""","""—""","""—""","""100.0%""","""1653mg""","""13.00g""","""""","""1207kJ""","""0.65mg""","""205mg""","""114""","""3.1g""","""0.04mg""","""895.6mg""","""0.40mg""","""17.2g""","""72.4g""","""—""","""151mg""","""24.7mg""","""雪梅""","""""","""—""","""6.2g""","""""","""0.58mg""","""62.7%"""
"""32.8%""","""57.0%""","""3.2g""","""0.0μg""","""0.65mg""","""1478""","""100%""","""—""","""—""","""184mg""","""0.60μg""","""—""","""Tr""","""99.9%""","""1317mg""","""17.10g""","""""","""1226kJ""","""—""","""219mg""","""114""","""3.4g""","""0.07mg""","""958.0mg""","""0.36mg""","""15.0g""","""70.8g""","""—""","""79mg""","""39.0mg""","""九制梅肉""","""""","""—""","""7.6g""","""""","""1.26mg""","""10.1%"""
"""Tr""","""43.2%""","""1.2g""","""0.0μg""","""0.48mg""","""1479""","""73%""","""Tr""","""—""","""25mg""","""6.10μg""","""—""","""0.03mg""","""100.1%""","""1437mg""","""14.10g""","""""","""1082kJ""","""0.77mg""","""100mg""","""114""","""2.6g""","""0.04mg""","""4.3mg""","""0.17mg""","""28.7g""","""65.9g""","""—""","""57mg""","""1.8mg""","""九制西梅""","""""","""—""","""1.6g""","""""","""0.47mg""","""56.9%"""
"""1.5%""","""39.8%""","""0.6g""","""0.0μg""","""0.55mg""","""1480""","""83%""","""Tr""","""—""","""23mg""","""1.10μg""","""—""","""0.03mg""","""99.9%""","""258mg""","""13.10g""","""""","""770kJ""","""Tr""","""49mg""","""114""","""2.3g""","""0.03mg""","""8322.8mg""","""0.21mg""","""28.7g""","""48.6g""","""—""","""23mg""","""5.4mg""","""九制应子""","""""","""—""","""19.8g""","""""","""0.32mg""","""58.6%"""
"""25.7%""","""17.0%""","""1.1g""","""0.0μg""","""1.26mg""","""1481""","""100%""","""—""","""—""","""7mg""","""—""","""—""","""0.02mg""","""99.9%""","""179mg""","""4.50g""","""""","""1345kJ""","""Tr""","""52mg""","""114""","""0.3g""","""0.01mg""","""85.5mg""","""0.03mg""","""19.4g""","""78.8g""","""0.10mg""","""231mg""","""2.1mg""","""梅脯""","""""","""—""","""0.4g""","""""","""—""","""57.2%"""
"""—""","""—""","""0.2g""","""0.0μg""","""—""","""1482""","""100%""","""—""","""Tr""","""—""","""—""","""—""","""—""","""—""","""—""","""""","""""","""1444kJ""","""—""","""24mg""","""114""","""2.5g""","""—""","""492.9mg""","""—""","""14.7g""","""82.0g""","""—""","""—""","""1.4mg""","""阿胶枣""","""""","""—""","""0.6g""","""""","""—""","""—"""
"""—""","""—""","""0.9g""","""0.0μg""","""0.52mg""","""1483""","""100%""","""Tr""","""14.0mg""","""24mg""","""0.30μg""","""—""","""0.06mg""","""—""","""548mg""","""6.40g""","""""","""1348kJ""","""Tr""","""52mg""","""114""","""2.7g""","""0.12mg""","""7.9mg""","""0.15mg""","""17.3g""","""78.0g""","""0.00mg""","""25mg""","""5.0mg""","""黑贡枣""","""""","""—""","""1.1g""","""""","""0.09mg""","""—"""
"""—""","""—""","""1.9g""","""0.0μg""","""—""","""1484""","""89%""","""—""","""51.0mg""","""—""","""—""","""—""","""—""","""—""","""—""","""""","""""","""1152kJ""","""—""","""22mg""","""114""","""1.8g""","""—""","""4247.5mg""","""—""","""30.9g""","""61.8g""","""—""","""—""","""2.0mg""","""多味山楂""","""""","""—""","""3.6g""","""""","""—""","""—"""
"""—""","""—""","""0.6g""","""0.0μg""","""—""","""1485""","""100%""","""—""","""6.3mg""","""—""","""—""","""—""","""—""","""—""","""—""","""""","""""","""1100kJ""","""—""","""21mg""","""114""","""0.5g""","""—""","""619.3mg""","""—""","""35.6g""","""62.9g""","""—""","""—""","""1.3mg""","""山楂脯""","""""","""—""","""0.4g""","""""","""—""","""—"""
"""—""","""—""","""0.1g""","""0.0μg""","""—""","""1486""","""100%""","""—""","""23.8mg""","""—""","""—""","""—""","""—""","""—""","""—""","""""","""商品名：小地瓜""","""1471kJ""","""—""","""10mg""","""114""","""2.4g""","""—""","""1287.4mg""","""—""","""12.1g""","""83.9g""","""—""","""—""","""1.9mg""","""地瓜干""","""""","""—""","""1.5g""","""""","""—""","""—"""
"""—""","""—""","""2g""","""0μg""","""0.37mg""","""1487""","""100%""","""0μg""","""3.0mg""","""2mg""","""0.20μg""","""—""","""Tr""","""—""","""28mg""","""0g""","""""","""1362kJ""","""0.10mg""","""4mg""","""128""","""0.4g""","""0.05mg""","""0.3mg""","""0.03mg""","""22.0g""","""76g""","""0mg""","""3mg""","""1.0mg""","""蜂蜜""","""""","""0mg""","""0.1g""","""22μg""","""0.07mg""","""—"""
"""—""","""—""","""0.3g""","""0.0μg""","""0.82mg""","""1488""","""100%""","""—""","""—""","""0mg""","""—""","""4.2μg""","""0.01mg""","""—""","""174mg""","""""","""""","""1536kJ""","""0.09mg""","""2mg""","""128""","""0.2g""","""0.01mg""","""2.0mg""","""0.02mg""","""10.0g""","""89.5g""","""0.00mg""","""—""","""0.3mg""","""蜂蜜(槐花)""","""""","""—""","""Tr""","""""","""0.08mg""","""—"""
"""—""","""—""","""0.3g""","""—""","""1.19mg""","""1489""","""100%""","""228.0μg""","""6.0mg""","""20mg""","""6.90μg""","""—""","""0.11mg""","""—""","""143mg""","""""","""""","""1386kJ""","""1.80mg""","""20mg""","""128""","""5.2g""","""0.14mg""","""11.1mg""","""0.41mg""","""18.2g""","""75.7g""","""—""","""9mg""","""8.5mg""","""蜂蜜(天麻)""","""""","""—""","""0.6g""","""""","""1.72mg""","""—"""
"""—""","""—""","""0.5g""","""0.0μg""","""0.67mg""","""1490""","""100%""","""Tr""","""3.0mg""","""32mg""","""1.50μg""","""—""","""Tr""","""—""","""116mg""","""""","""""","""1392kJ""","""0.10mg""","""10mg""","""128""","""0.3g""","""0.02mg""","""15.4mg""","""0.47mg""","""18.5g""","""80.5g""","""0.00mg""","""0mg""","""15.9mg""","""蜂蜜(硬蜜)""","""""","""—""","""0.2g""","""""","""2.25mg""","""—"""
"""—""","""—""","""0.3g""","""0.0μg""","""0.11mg""","""1491""","""100%""","""Tr""","""9.0mg""","""1mg""","""0.40μg""","""—""","""0.01mg""","""—""","""13mg""","""""","""""","""1437kJ""","""0.10mg""","""5mg""","""128""","""0.2g""","""Tr""","""4.0mg""","""0.90mg""","""15.8g""","""83.7g""","""0.00mg""","""3mg""","""1.3mg""","""蜂蜜(油菜花)""","""""","""—""","""Tr""","""""","""Tr""","""—"""
"""34.0%""","""2.9%""","""92.0g""","""54.0μg""","""1mg""","""1492""","""100%""","""0μg""","""0mg""","""1mg""","""0μg""","""""","""0mg""","""98.7%""","""3mg""","""0g""","""""","""3494kJ""","""0mg""","""9mg""","""115""","""0g""","""0mg""","""9.4mg""","""0.01mg""","""6.2g""","""2g""","""0mg""","""9mg""","""3.0mg""","""牛油""","""""","""153mg""","""""","""6μg""","""0mg""","""61.8%"""
"""36.1%""","""5.3%""","""88.0g""","""33.0μg""","""0mg""","""1493""","""100%""","""0μg""","""0mg""","""1mg""","""0μg""","""""","""0mg""","""99.8%""","""12mg""","""0g""","""""","""3448kJ""","""0mg""","""0mg""","""115""","""0g""","""0mg""","""13.2mg""","""0.06mg""","""4.0g""","""8.0g""","""1mg""","""18mg""","""1.0mg""","""羊油""","""""","""110mg""","""""","""4μg""","""0mg""","""57.3%"""
"""47.9%""","""8.9%""","""100g""","""27.0μg""","""0mg""","""1494""","""100%""","""0μg""","""0mg""","""0mg""","""0μg""","""""","""0.02mg""","""100.0%""","""0mg""","""0g""","""""","""3753kJ""","""0mg""","""0mg""","""115""","""0g""","""0.03mg""","""0mg""","""0mg""","""0.2g""","""0.2g""","""5mg""","""0mg""","""0mg""","""猪油(炼)""","""""","""93mg""","""""","""0μg""","""0mg""","""43.2%"""
"""58.8%""","""24.8%""","""99.9g""","""""","""0.54mg""","""1495""","""100%""","""""","""""","""3mg""","""""","""""","""""","""99.8%""","""2mg""","""""","""""","""3696kJ""","""""","""9mg""","""116""","""""","""""","""7.0mg""","""0.18mg""","""0.1g""","""0.0g""","""—""","""9mg""","""3.7mg""","""油（菜籽油)[青油]""","""""","""""","""""","""""","""0.11mg""","""13.1%"""
"""78.8%""","""11.1%""","""99.9g""","""""","""0.34mg""","""1496""","""100%""","""""","""""","""2mg""","""""","""""","""""","""100.0%""","""2mg""","""""","""""","""3696kJ""","""""","""5mg""","""116""","""""","""""","""0.7mg""","""0.03mg""","""0.1g""","""0.0g""","""—""","""8mg""","""1.1mg""","""油（茶油)""","""""","""""","""""","""""","""1.17mg""","""10.0%"""
"""24.7%""","""58.4%""","""100g""","""0μg""","""1.09mg""","""1497""","""100%""","""0μg""","""0mg""","""3mg""","""0μg""","""""","""0mg""","""100.0%""","""3mg""","""0g""","""""","""3761kJ""","""0mg""","""13mg""","""116""","""0g""","""0mg""","""5mg""","""0.16mg""","""0.1g""","""0.0g""","""93mg""","""7mg""","""2.0mg""","""豆油""","""""","""0mg""","""""","""0μg""","""0.43mg""","""15.9%"""
"""—""","""—""","""99.9g""","""0.0μg""","""""","""1498""","""100%""","""""","""0.0mg""","""""","""""","""""","""""","""—""","""""","""""","""""","""3698kJ""","""""","""""","""116""","""""","""""","""""","""""","""""","""0.1g""","""—""","""""","""""","""油（红花油)""","""""","""0mg""","""""","""""","""""","""—"""
"""17.8%""","""73.0%""","""100.0g""","""""","""0.30mg""","""1499""","""100%""","""""","""""","""1mg""","""""","""""","""""","""100.3%""","""""","""""","""""","""3700kJ""","""""","""3mg""","""116""","""""","""""","""0.6mg""","""0.02mg""","""""","""0.0g""","""—""","""5mg""","""0.2mg""","""油（胡麻油)""","""""","""""","""""","""""","""0.03mg""","""9.5%"""
"""40.8%""","""38.3%""","""100g""","""0μg""","""0.48mg""","""1500""","""100%""","""0μg""","""0mg""","""2mg""","""0μg""","""""","""0mg""","""99.9%""","""1mg""","""0g""","""""","""3761kJ""","""0mg""","""12mg""","""116""","""0g""","""0mg""","""4mg""","""0.15mg""","""0.1g""","""Tr""","""42mg""","""15mg""","""3mg""","""花生油""","""""","""0mg""","""0.1g""","""0μg""","""0.33mg""","""18.5%"""
"""19.3%""","""68.3%""","""100g""","""0μg""","""0.11mg""","""1501""","""100%""","""0μg""","""0mg""","""4mg""","""0μg""","""""","""0mg""","""101.6%""","""1mg""","""0g""","""""","""3761kJ""","""0mg""","""2mg""","""116""","""0g""","""0mg""","""3mg""","""0mg""","""0.1g""","""0.0g""","""55mg""","""4mg""","""1.0mg""","""葵花籽油""","""""","""0mg""","""""","""0μg""","""0.02mg""","""14.0%"""
"""34.7%""","""26.6%""","""100.0g""","""""","""""","""1502""","""100%""","""230.0μg""","""""","""""","""""","""""","""""","""100.0%""","""""","""""","""""","""3700kJ""","""""","""""","""116""","""""","""""","""""","""""","""""","""0.0g""","""—""","""""","""""","""油（辣椒油)""","""""","""""","""""","""""","""""","""38.4%"""
"""—""","""—""","""99.9g""","""0.0μg""","""""","""1503""","""100%""","""""","""0.0mg""","""""","""""","""""","""""","""—""","""""","""""","""""","""3698kJ""","""""","""""","""116""","""""","""""","""""","""""","""""","""0.1g""","""—""","""""","""""","""油（麦芽油)""","""""","""0mg""","""""","""""","""""","""—"""
"""27.0%""","""44.7%""","""99.8g""","""""","""0.74mg""","""1504""","""100%""","""""","""""","""1mg""","""""","""""","""""","""99.8%""","""1mg""","""""","""""","""3694kJ""","""""","""17mg""","""116""","""""","""""","""4.5mg""","""0.08mg""","""0.1g""","""0.1g""","""—""","""16mg""","""2.0mg""","""油（棉籽油)""","""""","""""","""""","""""","""""","""24.3%"""
"""45.1%""","""41.2%""","""100g""","""0μg""","""0.23mg""","""1505""","""100%""","""0μg""","""0mg""","""1mg""","""0μg""","""""","""0mg""","""100.7%""","""3mg""","""0g""","""""","""3757kJ""","""0mg""","""18mg""","""116""","""0g""","""0mg""","""5.1mg""","""0.05mg""","""0.2g""","""0.0g""","""24mg""","""1mg""","""2mg""","""色拉油""","""""","""64mg""","""""","""0μg""","""0.01mg""","""14.4%"""
"""—""","""—""","""99.9g""","""0.0μg""","""""","""1506""","""100%""","""""","""0.0mg""","""""","""""","""""","""""","""—""","""""","""""","""""","""3698kJ""","""""","""""","""116""","""""","""""","""""","""""","""""","""0.1g""","""—""","""""","""""","""油（椰子油)""","""""","""0mg""","""""","""""","""""","""—"""
"""27.7%""","""57.0%""","""99.2g""","""0μg""","""0.26mg""","""1507""","""100%""","""0μg""","""0mg""","""3mg""","""0μg""","""""","""0mg""","""100.0%""","""2mg""","""0g""","""""","""3745kJ""","""0mg""","""1mg""","""116""","""0g""","""0mg""","""1.4mg""","""0.23mg""","""0.2g""","""0.5g""","""51mg""","""18mg""","""1.4mg""","""玉米油""","""""","""0mg""","""0.1g""","""0μg""","""0.04mg""","""14.5%"""
"""39.4%""","""46.4%""","""100g""","""0μg""","""0.17mg""","""1508""","""100%""","""0μg""","""0mg""","""3mg""","""0μg""","""""","""0mg""","""100.0%""","""0mg""","""0g""","""""","""3757kJ""","""0mg""","""9mg""","""116""","""0g""","""0mg""","""1.1mg""","""0.05mg""","""0.1g""","""0.2g""","""69mg""","""4mg""","""2.2mg""","""芝麻油[香油]""","""""","""0mg""","""""","""0μg""","""1mg""","""14.1%"""
"""44.4%""","""12.1%""","""100.0g""","""""","""0.08mg""","""1509""","""100%""","""110.0μg""","""""","""""","""""","""""","""""","""100.0%""","""""","""""","""""","""3700kJ""","""""","""""","""116""","""""","""""","""1.3mg""","""""","""""","""0.0g""","""—""","""8mg""","""3.1mg""","""油（棕榈油)""","""""","""""","""""","""""","""0.01mg""","""43.4%"""
"""—""","""—""","""99.9g""","""0.0μg""","""""","""1510""","""100%""","""""","""0.0mg""","""""","""""","""""","""""","""—""","""""","""""","""""","""3698kJ""","""""","""""","""116""","""""","""""","""""","""""","""""","""0.1g""","""—""","""""","""0.4mg""","""油（橄榄油)""","""""","""0mg""","""""","""""","""""","""—"""
"""19.6%""","""72.6%""","""99.1g""","""Tr""","""0.03mg""","""1511""","""100%""","""0.0μg""","""0.0mg""","""1mg""","""—""","""—""","""Tr""","""100.0%""","""2mg""","""0.00g""","""""","""3680kJ""","""—""","""2mg""","""116""","""0.0g""","""0.01mg""","""1.8mg""","""Tr""","""0.1g""","""0.8g""","""—""","""1mg""","""0.6mg""","""核桃油""","""""","""—""","""0.0g""","""""","""0.39mg""","""7.6%"""
"""28.4%""","""57.8%""","""100.0g""","""Tr""","""0.22mg""","""1512""","""100%""","""0.0μg""","""0.0mg""","""—""","""—""","""—""","""Tr""","""100.1%""","""0mg""","""0.00g""","""""","""3700kJ""","""—""","""0mg""","""116""","""0.0g""","""Tr""","""4.1mg""","""0.06mg""","""0.0g""","""0.0g""","""17.70mg""","""—""","""0.3mg""","""栗米油[玉米胚芽油]""","""""","""—""","""0.0g""","""""","""—""","""13.9%"""
"""37.1%""","""47.7%""","""98.7g""","""Tr""","""0.57mg""","""1513""","""100%""","""0.0μg""","""0.0mg""","""1mg""","""—""","""—""","""—""","""100.0%""","""47mg""","""0.00g""","""""","""3674kJ""","""—""","""2mg""","""116""","""0.0g""","""—""","""1.8mg""","""—""","""Tr""","""1.3g""","""—""","""—""","""0.4mg""","""米糠油""","""""","""—""","""0.0g""","""""","""0.05mg""","""14.8%"""
"""76.4%""","""13.2%""","""99.8g""","""Tr""","""0.07mg""","""1514""","""100%""","""0.0μg""","""0.0mg""","""—""","""—""","""—""","""Tr""","""100.0%""","""0mg""","""0.00g""","""""","""3693kJ""","""Tr""","""—""","""116""","""0.0g""","""Tr""","""1.4mg""","""0.06mg""","""0.2g""","""0.0g""","""13.80mg""","""—""","""—""","""油茶籽油""","""""","""—""","""0.0g""","""""","""0.12mg""","""10.3%"""
"""37.3%""","""50.3%""","""100g""","""Tr""","""0.14mg""","""1515""","""100%""","""0.0μg""","""0.0mg""","""3mg""","""0μg""","""—""","""0mg""","""100.0%""","""0mg""","""0.00g""","""""","""3757kJ""","""0mg""","""9mg""","""116""","""0.0g""","""0mg""","""1mg""","""0mg""","""0.1g""","""0.2g""","""69mg""","""4mg""","""2mg""","""芝麻油[香油]""","""""","""0mg""","""0.0g""","""0μg""","""1mg""","""12.3%"""
"""31.0%""","""54.9%""","""99.9g""","""Tr""","""1.81mg""","""1516""","""100%""","""0.0μg""","""0.0mg""","""1mg""","""—""","""—""","""—""","""100.0%""","""1mg""","""0.00g""","""""","""3698kJ""","""—""","""1mg""","""116""","""0.0g""","""—""","""9.1mg""","""—""","""0.0g""","""0.1g""","""23.18mg""","""—""","""0.3mg""","""大豆色拉油""","""""","""—""","""0.0g""","""""","""—""","""14.1%"""
"""21.3%""","""64.9%""","""100g""","""Tr""","""1.29mg""","""1517""","""100%""","""0.0μg""","""0.0mg""","""1mg""","""0μg""","""—""","""0mg""","""100.8%""","""3mg""","""0.00g""","""""","""3757kJ""","""0mg""","""18mg""","""116""","""0.0g""","""0mg""","""5mg""","""0mg""","""Tr""","""0.3g""","""24mg""","""1mg""","""2mg""","""色拉油""","""""","""64mg""","""0.0g""","""0μg""","""Tr""","""14.6%"""
"""—""","""—""","""0.1g""","""0μg""","""1.17mg""","""1518""","""100%""","""17μg""","""0mg""","""156mg""","""1.40μg""","""""","""0.05mg""","""—""","""337mg""","""0g""","""""","""271kJ""","""2mg""","""66mg""","""117""","""6g""","""0.13mg""","""5757.0mg""","""0.06mg""","""67.3g""","""10.1g""","""0mg""","""204mg""","""9mg""","""酱油(均值)""","""""","""0mg""","""16.9g""","""67μg""","""1.11mg""","""—"""
"""—""","""—""","""0.2g""","""0.0μg""","""0.56mg""","""1519""","""100%""","""—""","""—""","""32mg""","""1.20μg""","""Tr""","""0.02mg""","""—""","""386mg""","""""","""""","""165kJ""","""1.13mg""","""25mg""","""117""","""5.1g""","""0.15mg""","""5699.8mg""","""0.07mg""","""76.2g""","""4.2g""","""0.00mg""","""78mg""","""3.5mg""","""黄豆酱油""","""""","""—""","""14.3g""","""""","""0.53mg""","""—"""
"""—""","""—""","""0.3g""","""0μg""","""1.25mg""","""1520""","""100%""","""2μg""","""0mg""","""13mg""","""2.40μg""","""""","""0.03mg""","""—""","""351mg""","""0g""","""""","""130kJ""","""1.40mg""","""17mg""","""118""","""2.1g""","""0.05mg""","""262.1mg""","""0.04mg""","""90.6g""","""5g""","""0mg""","""96mg""","""6.0mg""","""醋(均值)""","""""","""0mg""","""2.1g""","""91μg""","""3mg""","""—"""
"""—""","""—""","""1g""","""0μg""","""0mg""","""1521""","""100%""","""1μg""","""0mg""","""5mg""","""0.40μg""","""""","""0mg""","""—""","""12mg""","""0g""","""""","""25kJ""","""0mg""","""26mg""","""118""","""0.1g""","""0mg""","""226mg""","""0.11mg""","""99.4g""","""Tr""","""0mg""","""0mg""","""2.2mg""","""白醋""","""""","""0mg""","""0.7g""","""99μg""","""0mg""","""—"""
"""—""","""—""","""0.3g""","""0μg""","""4.38mg""","""1522""","""100%""","""6μg""","""0mg""","""132mg""","""1.00μg""","""""","""0.11mg""","""—""","""715mg""","""0g""","""""","""482kJ""","""7.40mg""","""125mg""","""118""","""10g""","""0.16mg""","""836.0mg""","""1mg""","""66.0g""","""18g""","""1mg""","""124mg""","""14mg""","""陈醋""","""""","""0mg""","""6.0g""","""66μg""","""8mg""","""—"""
"""—""","""—""","""7g""","""0μg""","""1.47mg""","""1523""","""100%""","""16μg""","""0mg""","""125mg""","""10.20μg""","""""","""0.11mg""","""—""","""772mg""","""2g""","""""","""774kJ""","""2.40mg""","""53mg""","""119""","""14g""","""0.46mg""","""6012.0mg""","""1mg""","""46.6g""","""17.1g""","""1mg""","""154mg""","""16.4mg""","""豆瓣酱""","""""","""0mg""","""15.9g""","""47μg""","""1.37mg""","""—"""
"""—""","""—""","""53.0g""","""0μg""","""3mg""","""1524""","""100%""","""14μg""","""0mg""","""21mg""","""2μg""","""""","""0.01mg""","""—""","""99mg""","""3g""","""""","""2508kJ""","""2.00mg""","""67mg""","""119""","""7g""","""0.15mg""","""2340.0mg""","""0.45mg""","""0.5g""","""25.3g""","""2mg""","""90mg""","""7.2mg""","""花生酱""","""""","""0mg""","""14.3g""","""0μg""","""0mg""","""—"""
"""—""","""—""","""1.2g""","""13μg""","""1.25mg""","""1525""","""100%""","""80.0μg""","""0mg""","""48mg""","""12.30μg""","""""","""0.05mg""","""—""","""508mg""","""3g""","""""","""612kJ""","""2.40mg""","""70mg""","""119""","""12.1g""","""0.28mg""","""3606.1mg""","""0.48mg""","""50.6g""","""21.3g""","""14mg""","""160mg""","""7.0mg""","""黄酱[大酱]""","""""","""0mg""","""14.8g""","""51μg""","""1.11mg""","""—"""
"""—""","""—""","""3g""","""132μg""","""0.26mg""","""1526""","""100%""","""790.0μg""","""0mg""","""91mg""","""1μg""","""""","""0.01mg""","""—""","""222mg""","""3g""","""""","""172kJ""","""1.10mg""","""117mg""","""119""","""1g""","""0.09mg""","""8028mg""","""0.12mg""","""71.2g""","""3.2g""","""3mg""","""30mg""","""4mg""","""辣椒酱[辣椒糊]""","""""","""0mg""","""22.0g""","""71μg""","""0.30mg""","""—"""
"""—""","""—""","""1g""","""5μg""","""1.38mg""","""1527""","""100%""","""30.0μg""","""0mg""","""26mg""","""6μg""","""""","""0.03mg""","""—""","""189mg""","""1g""","""""","""600kJ""","""2.00mg""","""29mg""","""119""","""6g""","""0.14mg""","""2097.2mg""","""0.12mg""","""53.9g""","""28.5g""","""2mg""","""76mg""","""4mg""","""甜面酱""","""""","""0mg""","""11.5g""","""54μg""","""1mg""","""—"""
"""37.7%""","""47.6%""","""53g""","""17μg""","""4.01mg""","""1528""","""100%""","""100.0μg""","""0mg""","""238mg""","""5μg""","""""","""0.16mg""","""99.6%""","""342mg""","""6g""","""""","""2662kJ""","""6mg""","""1170mg""","""119""","""19.2g""","""0.22mg""","""38.5mg""","""1mg""","""0.3g""","""22.7g""","""35mg""","""626mg""","""50.3mg""","""芝麻酱""","""""","""0mg""","""5.1g""","""0μg""","""2mg""","""13.9%"""
"""—""","""—""","""1.0g""","""173μg""","""1mg""","""1529""","""100%""","""1040.0μg""","""0mg""","""121mg""","""1.20μg""","""""","""0.04mg""","""—""","""585mg""","""9g""","""""","""527kJ""","""2.10mg""","""106mg""","""119""","""4.0g""","""0.22mg""","""5658.1mg""","""0.35mg""","""51.4g""","""24.8g""","""8mg""","""125mg""","""12mg""","""郫县辣酱""","""""","""0mg""","""18.8g""","""51μg""","""1mg""","""—"""
"""28.3%""","""49.3%""","""41.1g""","""Tr""","""0.90mg""","""1530""","""100%""","""—""","""—""","""44mg""","""12.40μg""","""29.1μg""","""0.02mg""","""82.2%""","""310mg""","""""","""""","""2051kJ""","""1.45mg""","""223mg""","""119""","""3.0g""","""0.15mg""","""2107.0mg""","""0.23mg""","""14.8g""","""28.2g""","""—""","""112mg""","""4.3mg""","""海鲜酱(阿香婆)""","""""","""25mg""","""12.9g""","""""","""0.37mg""","""4.6%"""
"""32.0%""","""44.7%""","""43.0g""","""Tr""","""0.54mg""","""1531""","""100%""","""—""","""—""","""18mg""","""2.50μg""","""34.5μg""","""0.03mg""","""82.7%""","""194mg""","""""","""""","""2074kJ""","""1.90mg""","""35mg""","""119""","""6.2g""","""0.14mg""","""1260.5mg""","""0.15mg""","""16.8g""","""22.2g""","""—""","""43mg""","""3.8mg""","""牛肉酱(阿香婆)""","""""","""23mg""","""11.8g""","""""","""0.39mg""","""6.0%"""
"""48.4%""","""35.2%""","""53.1g""","""Tr""","""3mg""","""1532""","""100%""","""14μg""","""0mg""","""126mg""","""8.30μg""","""2.4μg""","""0.05mg""","""100.0%""","""605mg""","""3g""","""""","""2697kJ""","""22.75mg""","""67mg""","""119""","""22.2g""","""0.09mg""","""2340mg""","""0.71mg""","""0.4g""","""22g""","""4.26mg""","""390mg""","""7mg""","""花生酱""","""""","""0mg""","""3.4g""","""0μg""","""1.67mg""","""16.4%"""
"""48.6%""","""33.1%""","""55.4g""","""Tr""","""2.30mg""","""1533""","""100%""","""—""","""—""","""131mg""","""5.80μg""","""0.0μg""","""0.05mg""","""99.9%""","""218mg""","""8.20g""","""""","""2685kJ""","""10.31mg""","""61mg""","""119""","""19.6g""","""0.10mg""","""214.5mg""","""0.58mg""","""0.4g""","""22.1g""","""4.97mg""","""224mg""","""3.8mg""","""花生酱(加巧克力)""","""""","""—""","""2.5g""","""""","""1.04mg""","""18.1%"""
"""37.7%""","""53.1%""","""66.8g""","""17μg""","""4mg""","""1534""","""100%""","""5μg""","""0mg""","""254mg""","""5μg""","""1.8μg""","""0.26mg""","""100.0%""","""424mg""","""6g""","""""","""2937kJ""","""7.26mg""","""1170mg""","""119""","""19g""","""0.24mg""","""38mg""","""1.02mg""","""0.4g""","""17g""","""35mg""","""626mg""","""50mg""","""芝麻酱""","""""","""0mg""","""5.4g""","""0μg""","""2mg""","""9.2%"""
"""22.8%""","""63.4%""","""43.4g""","""41.0μg""","""0.37mg""","""1535""","""100%""","""—""","""—""","""8mg""","""3.60μg""","""4.5μg""","""0.03mg""","""100.0%""","""127mg""","""1.10g""","""""","""1972kJ""","""Tr""","""13mg""","""119""","""2.3g""","""0.06mg""","""638.6mg""","""0.03mg""","""32.5g""","""19.8g""","""5.58mg""","""29mg""","""0.5mg""","""千岛沙拉酱""","""""","""15mg""","""2.0g""","""""","""0.08mg""","""13.8%"""
"""24.7%""","""61.0%""","""78.8g""","""87.0μg""","""0.47mg""","""1536""","""100%""","""—""","""—""","""4mg""","""4.30μg""","""3.2μg""","""0.07mg""","""100.0%""","""160mg""","""""","""""","""2980kJ""","""Tr""","""9mg""","""119""","""2.8g""","""0.09mg""","""733.6mg""","""0.02mg""","""15.4g""","""1.0g""","""14.63mg""","""71mg""","""0.6mg""","""沙拉酱""","""""","""—""","""2.0g""","""""","""0.05mg""","""14.2%"""
"""30.5%""","""55.8%""","""42.0g""","""130.0μg""","""1.33mg""","""1537""","""100%""","""—""","""Tr""","""115mg""","""1.80μg""","""5.0μg""","""0.08mg""","""99.8%""","""447mg""","""0.00g""","""""","""2518kJ""","""0.50mg""","""109mg""","""119""","""2.9g""","""0.30mg""","""68.5mg""","""0.40mg""","""0.4g""","""53.8g""","""—""","""196mg""","""11.6mg""","""奶油攀司""","""""","""—""","""0.9g""","""""","""0.41mg""","""13.4%"""
"""—""","""—""","""0.2g""","""0μg""","""0.50mg""","""1538""","""100%""","""0μg""","""1.0mg""","""4mg""","""1.10μg""","""""","""0.15mg""","""—""","""52mg""","""0g""","""""","""1148kJ""","""0.20mg""","""44mg""","""119""","""1g""","""0.10mg""","""9mg""","""0.09mg""","""32.5g""","""66.3g""","""0mg""","""8mg""","""2.1mg""","""草莓酱""","""""","""0mg""","""0.2g""","""32μg""","""0.13mg""","""—"""
"""—""","""—""","""0.2g""","""0μg""","""1mg""","""1539""","""100%""","""2μg""","""0mg""","""37mg""","""0.40μg""","""""","""0.03mg""","""—""","""989mg""","""2g""","""""","""378kJ""","""6mg""","""28mg""","""119""","""5g""","""0.03mg""","""37.1mg""","""0.33mg""","""75.8g""","""16.9g""","""4mg""","""117mg""","""1.1mg""","""番茄酱""","""""","""0mg""","""2.2g""","""76μg""","""0.28mg""","""—"""
"""—""","""—""","""0.1g""","""0μg""","""0.08mg""","""1540""","""100%""","""0μg""","""1.0mg""","""3mg""","""0μg""","""""","""0.28mg""","""—""","""26mg""","""0g""","""""","""1184kJ""","""0mg""","""2mg""","""119""","""0.4g""","""0.02mg""","""11.0mg""","""0.03mg""","""30.4g""","""69.0g""","""0mg""","""3mg""","""1.3mg""","""苹果酱""","""""","""0mg""","""0.1g""","""30μg""","""0mg""","""—"""
"""—""","""—""","""0.2g""","""0μg""","""0mg""","""1541""","""100%""","""0μg""","""3.0mg""","""6mg""","""0μg""","""""","""0.01mg""","""—""","""62mg""","""0g""","""""","""1170kJ""","""0.50mg""","""5mg""","""119""","""0.4g""","""0.01mg""","""14.2mg""","""0.08mg""","""31.2g""","""68.0g""","""0mg""","""11mg""","""1.3mg""","""桃酱""","""""","""0mg""","""0.2g""","""31μg""","""0mg""","""—"""
"""—""","""—""","""0.3g""","""5μg""","""0.04mg""","""1542""","""100%""","""30.0μg""","""1.0mg""","""5mg""","""0μg""","""""","""0.10mg""","""—""","""113mg""","""0g""","""""","""1220kJ""","""0.20mg""","""6mg""","""119""","""0.2g""","""0.07mg""","""5.0mg""","""0.03mg""","""28.3g""","""70.9g""","""0mg""","""4mg""","""0.4mg""","""杏酱""","""""","""0mg""","""0.3g""","""28μg""","""0.03mg""","""—"""
"""23.3%""","""32.2%""","""1.1g""","""0.0μg""","""0.17mg""","""1543""","""100%""","""2222.0μg""","""1mg""","""4mg""","""1μg""","""6.9μg""","""Tr""","""99.9%""","""64mg""","""1.00g""","""""","""1215kJ""","""0.09mg""","""44mg""","""119""","""1g""","""0.01mg""","""9mg""","""0.02mg""","""29.2g""","""69.3g""","""0.12mg""","""8mg""","""2mg""","""草莓酱""","""""","""0mg""","""0.1g""","""32μg""","""0.18mg""","""44.4%"""
"""20.8%""","""49.5%""","""0.2g""","""0.0μg""","""0.28mg""","""1544""","""100%""","""472.0μg""","""8.0mg""","""13mg""","""0.60μg""","""0.0μg""","""0.02mg""","""100.0%""","""324mg""","""1.40g""","""""","""488kJ""","""0.70mg""","""10mg""","""119""","""1.0g""","""0.02mg""","""1046.8mg""","""0.09mg""","""67.4g""","""28.0g""","""0.94mg""","""16mg""","""0.6mg""","""番茄沙司""","""""","""—""","""3.4g""","""""","""0.05mg""","""29.7%"""
"""22.9%""","""61.3%""","""8.2g""","""22μg""","""1mg""","""1545""","""100%""","""130.0μg""","""0mg""","""75mg""","""2μg""","""""","""0.03mg""","""99.3%""","""84mg""","""1g""","""""","""570kJ""","""1.00mg""","""61mg""","""120""","""11g""","""0.04mg""","""2460.0mg""","""0.16mg""","""68.3g""","""4.8g""","""8mg""","""74mg""","""4mg""","""腐乳(白)[酱豆腐]""","""""","""0mg""","""7.8g""","""68μg""","""1mg""","""15.1%"""
"""22.1%""","""63.1%""","""8g""","""20μg""","""1mg""","""1546""","""100%""","""120.0μg""","""0mg""","""90mg""","""0.50μg""","""""","""0.02mg""","""100.9%""","""96mg""","""1g""","""""","""556kJ""","""1mg""","""75mg""","""120""","""12g""","""0.09mg""","""2012.0mg""","""0.16mg""","""66.4g""","""3.9g""","""9mg""","""126mg""","""7mg""","""腐乳(臭)[臭豆腐]""","""""","""0mg""","""10.2g""","""66μg""","""1mg""","""15.7%"""
"""22.9%""","""61.3%""","""8.1g""","""15μg""","""2mg""","""1547""","""100%""","""90.0μg""","""0mg""","""78mg""","""7μg""","""""","""0.02mg""","""99.3%""","""81mg""","""1g""","""""","""643kJ""","""0.50mg""","""87mg""","""120""","""12.0g""","""0.21mg""","""3091.0mg""","""0.20mg""","""61.2g""","""8.2g""","""7mg""","""171mg""","""12mg""","""腐乳(红)[酱豆腐]""","""""","""0mg""","""10.5g""","""61μg""","""1.16mg""","""15.1%"""
"""—""","""—""","""11.6g""","""0.0μg""","""—""","""1548""","""100%""","""—""","""0.0mg""","""—""","""—""","""—""","""—""","""—""","""—""","""""","""""","""664kJ""","""—""","""91mg""","""120""","""13.1g""","""—""","""2020.0mg""","""—""","""67.8g""","""0.7g""","""—""","""—""","""4.0mg""","""腐乳(香辣味)""","""""","""—""","""6.8g""","""""","""—""","""—"""
"""—""","""—""","""11.6g""","""0.0μg""","""—""","""1549""","""100%""","""—""","""0.0mg""","""—""","""—""","""—""","""—""","""—""","""—""","""""","""""","""648kJ""","""—""","""100mg""","""120""","""12.3g""","""—""","""2080.0mg""","""—""","""69.2g""","""0.6g""","""—""","""—""","""5.1mg""","""腐乳[酱豆腐](白，王致和牌)""","""""","""—""","""6.3g""","""""","""—""","""—"""
"""—""","""—""","""0.2g""","""0μg""","""1.27mg""","""1550""","""100%""","""14μg""","""17.0mg""","""44mg""","""0μg""","""""","""0.04mg""","""—""","""508mg""","""3g""","""""","""312kJ""","""1mg""","""53mg""","""121""","""3.3g""","""0.09mg""","""4203.0mg""","""0.25mg""","""67.7g""","""14.6g""","""0mg""","""65mg""","""3.4mg""","""萝卜干""","""""","""0mg""","""14.2g""","""68μg""","""1mg""","""—"""
"""—""","""—""","""0.3g""","""82μg""","""1mg""","""1551""","""100%""","""490.0μg""","""2.0mg""","""54mg""","""2μg""","""""","""0.03mg""","""—""","""363mg""","""2g""","""""","""159kJ""","""0.50mg""","""155mg""","""121""","""2.2g""","""0.06mg""","""4253mg""","""0.14mg""","""75.0g""","""6.5g""","""0mg""","""41mg""","""4mg""","""榨菜""","""""","""0mg""","""16.0g""","""75μg""","""0.35mg""","""—"""
"""—""","""—""","""0.3g""","""53μg""","""2mg""","""1552""","""100%""","""320.0μg""","""0mg""","""9mg""","""9μg""","""""","""0mg""","""—""","""13mg""","""2g""","""""","""128kJ""","""2mg""","""115mg""","""121""","""2.5g""","""0.05mg""","""991mg""","""6mg""","""89.9g""","""4.4g""","""0mg""","""33mg""","""4.5mg""","""蕨菜(腌)""","""""","""0mg""","""2.9g""","""90μg""","""0.12mg""","""—"""
"""—""","""—""","""0.2g""","""8μg""","""1mg""","""1553""","""100%""","""50.0μg""","""4.0mg""","""40mg""","""1μg""","""""","""0.05mg""","""—""","""369mg""","""2g""","""""","""140kJ""","""1mg""","""294mg""","""121""","""2.4g""","""0.07mg""","""3304.2mg""","""1mg""","""77.1g""","""5.4g""","""0mg""","""36mg""","""6mg""","""腌雪里红""","""""","""0mg""","""14.9g""","""77μg""","""0.46mg""","""—"""
"""10.5%""","""62.8%""","""0.5g""","""0.0μg""","""1.29mg""","""1554""","""100%""","""1232.0μg""","""—""","""9mg""","""0.20μg""","""15.8μg""","""Tr""","""100.2%""","""211mg""","""5.90g""","""""","""173kJ""","""1.01mg""","""9mg""","""121""","""1.4g""","""0.07mg""","""2443.2mg""","""0.08mg""","""75.2g""","""10.8g""","""—""","""34mg""","""1.7mg""","""剁辣椒""","""""","""—""","""12.1g""","""""","""0.28mg""","""26.9%"""
"""—""","""—""","""6.1g""","""0.0μg""","""—""","""1555""","""100%""","""—""","""Tr""","""—""","""—""","""—""","""—""","""—""","""—""","""""","""""","""555kJ""","""—""","""68mg""","""121""","""5.6g""","""—""","""2620.0mg""","""—""","""68.9g""","""13.8g""","""—""","""—""","""2.4mg""","""酱八宝菜""","""""","""—""","""5.6g""","""""","""—""","""—"""
"""—""","""—""","""0.6g""","""0.0μg""","""—""","""1556""","""100%""","""—""","""Tr""","""—""","""—""","""—""","""—""","""—""","""—""","""""","""""","""291kJ""","""—""","""63mg""","""121""","""3.1g""","""—""","""3280.0mg""","""—""","""76.1g""","""12.7g""","""—""","""—""","""3.5mg""","""麻仁金丝""","""""","""—""","""7.5g""","""""","""—""","""—"""
"""—""","""—""","""0.2g""","""0.0μg""","""0.14mg""","""1557""","""100%""","""—""","""Tr""","""7mg""","""0.30μg""","""Tr""","""0.04mg""","""—""","""11mg""","""4.20g""","""""","""281kJ""","""1.65mg""","""—""","""121""","""7.0g""","""0.20mg""","""—""","""0.01mg""","""59.4g""","""11.3g""","""0.00mg""","""171mg""","""1.1mg""","""腌大头菜""","""""","""—""","""22.1g""","""""","""0.07mg""","""—"""
"""—""","""—""","""0.1g""","""0.0μg""","""0.63mg""","""1558""","""100%""","""—""","""Tr""","""4mg""","""0.60μg""","""Tr""","""0.02mg""","""—""","""—""","""3.30g""","""""","""110kJ""","""0.43mg""","""—""","""121""","""2.4g""","""0.03mg""","""—""","""0.01mg""","""68.7g""","""5.6g""","""0.00mg""","""43mg""","""2.3mg""","""腌芥菜头""","""""","""—""","""23.2g""","""""","""0.04mg""","""—"""
"""—""","""—""","""0.6g""","""28μg""","""0mg""","""1559""","""100%""","""17μg""","""Tr""","""22mg""","""3μg""","""—""","""0mg""","""—""","""94mg""","""1g""","""""","""133kJ""","""1mg""","""76mg""","""121""","""2.8g""","""0mg""","""5184mg""","""0mg""","""80.0g""","""3.7g""","""0mg""","""31mg""","""6.6mg""","""腌韭菜花""","""""","""0mg""","""12.9g""","""79μg""","""0mg""","""—"""
"""—""","""—""","""0.3g""","""0.0μg""","""0.60mg""","""1560""","""100%""","""—""","""—""","""—""","""Tr""","""Tr""","""Tr""","""—""","""—""","""5.70g""","""""","""230kJ""","""0.12mg""","""—""","""121""","""0.6g""","""0.01mg""","""—""","""0.01mg""","""78.7g""","""15.3g""","""0.00mg""","""—""","""2.0mg""","""腌萝卜条""","""""","""—""","""5.1g""","""""","""0.02mg""","""—"""
"""—""","""—""","""2.0g""","""0.0μg""","""—""","""1561""","""100%""","""63.0μg""","""—""","""6mg""","""0.70μg""","""—""","""0.01mg""","""—""","""49mg""","""""","""""","""186kJ""","""0.21mg""","""46mg""","""121""","""1.8g""","""0.03mg""","""1677.7mg""","""0.10mg""","""85.2g""","""4.8g""","""0.00mg""","""26mg""","""2.1mg""","""榨菜(鱼泉牌)""","""""","""—""","""6.2g""","""""","""0.13mg""","""—"""
"""—""","""—""","""0.1g""","""0.0μg""","""0.39mg""","""1562""","""100%""","""—""","""—""","""5mg""","""0.70μg""","""—""","""0.01mg""","""—""","""82mg""","""3.30g""","""""","""69kJ""","""0.15mg""","""47mg""","""121""","""1.5g""","""0.02mg""","""2461.7mg""","""0.03mg""","""87.2g""","""4.1g""","""0.00mg""","""22mg""","""2.1mg""","""榨菜(正林牌)""","""""","""—""","""7.1g""","""""","""0.22mg""","""—"""
"""—""","""—""","""2.2g""","""10μg""","""1.23mg""","""1563""","""100%""","""60.0μg""","""0mg""","""128mg""","""8μg""","""""","""0.09mg""","""—""","""154mg""","""2g""","""""","""1552kJ""","""2mg""","""2mg""","""122""","""10g""","""0.06mg""","""5mg""","""0.32mg""","""10.2g""","""76.9g""","""0mg""","""172mg""","""9.1mg""","""胡椒粉""","""""","""0mg""","""1.1g""","""10μg""","""1mg""","""—"""
"""—""","""—""","""8.0g""","""0μg""","""3mg""","""1564""","""100%""","""5μg""","""0mg""","""88mg""","""6μg""","""""","""0mg""","""—""","""1138mg""","""5g""","""""","""1559kJ""","""2mg""","""181mg""","""122""","""1.0g""","""0.03mg""","""27.2mg""","""1.25mg""","""12.4g""","""73.3g""","""10mg""","""66mg""","""34.4mg""","""五香粉""","""""","""0mg""","""5.3g""","""12μg""","""0mg""","""—"""
"""—""","""—""","""0g""","""0μg""","""0.24mg""","""1565""","""100%""","""100μg""","""0mg""","""2mg""","""1.00μg""","""""","""0mg""","""—""","""14mg""","""0g""","""""","""0kJ""","""0mg""","""22mg""","""123""","""0g""","""0mg""","""39311.0mg""","""0.14mg""","""0.1g""","""0.0g""","""0mg""","""0mg""","""1.0mg""","""精盐""","""""","""0mg""","""99.9g""","""0μg""","""0.29mg""","""—"""
"""—""","""—""","""0.2g""","""0μg""","""0.31mg""","""1566""","""100%""","""33μg""","""0mg""","""7mg""","""1.00μg""","""""","""0.08mg""","""—""","""4mg""","""0g""","""""","""1140kJ""","""0.30mg""","""100mg""","""123""","""40.1g""","""0.00mg""","""8160.0mg""","""0.12mg""","""0.2g""","""26.5g""","""0mg""","""4mg""","""1.2mg""","""味精""","""""","""0mg""","""33.0g""","""0μg""","""1mg""","""—"""
"""49.3%""","""18.1%""","""2.8g""","""Tr""","""0.61mg""","""1567""","""100%""","""—""","""—""","""2mg""","""1.70μg""","""766.5μg""","""0.09mg""","""100.7%""","""88mg""","""0.70g""","""""","""832kJ""","""0.56mg""","""8mg""","""123""","""10.7g""","""0.05mg""","""18864.4mg""","""0.14mg""","""2.4g""","""32.5g""","""0.00mg""","""66mg""","""1.0mg""","""鸡精""","""""","""5mg""","""51.6g""","""""","""0.16mg""","""33.3%"""
"""—""","""—""","""0g""","""0μg""","""3.08mg""","""1568""","""100%""","""2μg""","""0mg""","""54mg""","""3μg""","""""","""0.09mg""","""—""","""448mg""","""0g""","""""","""451kJ""","""4.30mg""","""9mg""","""123""","""3g""","""1mg""","""14mg""","""20.12mg""","""71.6g""","""24g""","""251mg""","""409mg""","""7.1mg""","""酵母(鲜)""","""""","""0mg""","""1.9g""","""72μg""","""1mg""","""—"""
"""—""","""—""","""2g""","""0μg""","""0mg""","""1569""","""100%""","""1μg""","""0.0mg""","""0mg""","""0μg""","""""","""7mg""","""—""","""0mg""","""8g""","""""","""1646kJ""","""45.20mg""","""106mg""","""123""","""48g""","""3.35mg""","""0mg""","""0mg""","""4.4g""","""45.5g""","""0mg""","""1893mg""","""18.2mg""","""酵母(干)""","""""","""0mg""","""0.8g""","""4μg""","""0mg""","""—"""
"""—""","""—""","""Tr""","""0.0μg""","""—""","""1570""","""100%""","""—""","""Tr""","""—""","""—""","""—""","""—""","""—""","""—""","""0.00g""","""商品名：料酒王""","""5kJ""","""—""","""14mg""","""123""","""0.3g""","""—""","""270.0mg""","""—""","""99.1g""","""Tr""","""—""","""—""","""0.1mg""","""料酒""","""""","""—""","""0.7g""","""""","""—""","""—"""
"""—""","""—""","""3.0g""","""0μg""","""2.37mg""","""1572""","""100%""","""10μg""","""0mg""","""202mg""","""5μg""","""""","""0.02mg""","""—""","""715mg""","""6g""","""""","""1196kJ""","""1mg""","""29mg""","""119""","""24.1g""","""0.09mg""","""264mg""","""1.04mg""","""22.7g""","""39.7g""","""41mg""","""43mg""","""4mg""","""五香豆豉""","""""","""0mg""","""10.5g""","""23μg""","""3.17mg""","""—"""
"""—""","""—""","""8.6g""","""Tr""","""—""","""1573""","""100%""","""—""","""—""","""—""","""—""","""—""","""0.04mg""","""—""","""—""","""""","""""","""939kJ""","""1.55mg""","""—""","""126""","""7.4g""","""0.07mg""","""—""","""—""","""53.6g""","""29.1g""","""—""","""—""","""—""","""包子(三鲜馅)""","""""","""—""","""1.3g""","""""","""—""","""—"""
"""—""","""—""","""14g""","""0μg""","""2.43mg""","""1574""","""100%""","""3μg""","""0mg""","""40mg""","""9μg""","""""","""0.26mg""","""—""","""508mg""","""1g""","""""","""1770kJ""","""2mg""","""59mg""","""127""","""13g""","""0.17mg""","""110mg""","""1.30mg""","""9.2g""","""61.7g""","""8mg""","""157mg""","""2.3mg""","""酥香兰花豆""","""""","""0mg""","""2.7g""","""9μg""","""1mg""","""—"""
"""46.4%""","""16.7%""","""26.7g""","""72.0μg""","""3.43mg""","""1575""","""80%""","""—""","""0.0mg""","""13mg""","""9.20μg""","""28.3μg""","""0.03mg""","""100.0%""","""226mg""","""""","""商品名：无锡酱排骨。""","""1520kJ""","""2.51mg""","""10mg""","""63""","""21.7g""","""0.12mg""","""825.5mg""","""0.07mg""","""39.0g""","""9.6g""","""0.60mg""","""103mg""","""2.4mg""","""酱排骨""","""""","""19mg""","""3.0g""","""""","""0.03mg""","""36.9%"""
"""—""","""—""","""0.1g""","""0.0μg""","""0.03mg""","""1576""","""100%""","""—""","""32.0mg""","""10mg""","""0.10μg""","""0.1μg""","""0.06mg""","""—""","""175mg""","""0.20g""","""""","""187kJ""","""0.21mg""","""3mg""","""101""","""0.7g""","""0.02mg""","""1.6mg""","""0.03mg""","""88.6g""","""10.2g""","""—""","""20mg""","""0.1mg""","""橙汁饮料(光明牌)""","""""","""—""","""0.4g""","""""","""0.00mg""","""—"""
"""—""","""—""","""0.0g""","""0.0μg""","""0.05mg""","""1577""","""100%""","""1088.0μg""","""59.0mg""","""1mg""","""Tr""","""Tr""","""Tr""","""—""","""4mg""","""""","""""","""201kJ""","""—""","""2mg""","""101""","""Tr""","""—""","""0.8mg""","""0.00mg""","""88.2g""","""11.8g""","""—""","""0mg""","""0.1mg""","""橙汁饮料(三得利牌)""","""""","""—""","""Tr""","""""","""0.00mg""","""—"""
"""—""","""—""","""1.2g""","""0.0μg""","""0.01mg""","""1578""","""56%""","""—""","""—""","""3mg""","""—""","""—""","""0.00mg""","""—""","""31mg""","""5.30g""","""""","""1389kJ""","""2.25mg""","""12mg""","""59""","""4.5g""","""0.32mg""","""0.1mg""","""0.05mg""","""15.0g""","""77.4g""","""—""","""114mg""","""0.0mg""","""荔枝(干)""","""""","""—""","""1.9g""","""""","""0.06mg""","""—"""
"""—""","""—""","""0.3g""","""""","""""","""1579""","""100%""","""""","""37.0mg""","""64mg""","""""","""""","""0.13mg""","""—""","""559mg""","""""","""""","""188kJ""","""1.30mg""","""208mg""","""52""","""4.7g""","""0.55mg""","""8.0mg""","""""","""87.7g""","""5.7g""","""—""","""83mg""","""4.8mg""","""黄麻叶(鲜)""","""""","""0mg""","""1.6g""","""""","""""","""—"""
"""—""","""—""","""12.2g""","""0.0μg""","""2.90mg""","""1580""","""100%""","""690.0μg""","""2.0mg""","""220mg""","""—""","""—""","""0.41mg""","""—""","""1700mg""","""36.90g""","""""","""1416kJ""","""7.00mg""","""540mg""","""122""","""13.0g""","""0.25mg""","""40.0mg""","""0.80mg""","""5.7g""","""63.3g""","""—""","""400mg""","""28.5mg""","""咖喱粉""","""""","""—""","""5.8g""","""""","""—""","""—"""
"""38.8%""","""19.3%""","""0.3g""","""0.0μg""","""0.66mg""","""1581""","""100%""","""—""","""—""","""44mg""","""1.90μg""","""2.9μg""","""0.03mg""","""99.9%""","""454mg""","""""","""商品名：金标老抽。""","""550kJ""","""1.68mg""","""27mg""","""117""","""7.9g""","""0.08mg""","""6910.4mg""","""0.40mg""","""51.5g""","""23.8g""","""0.00mg""","""175mg""","""6.1mg""","""老抽""","""""","""—""","""16.5g""","""""","""0.57mg""","""41.8%"""
"""41.3%""","""29.1%""","""55.1g""","""776.0μg""","""7mg""","""1582""","""100%""","""3μg""","""0mg""","""22mg""","""28μg""","""""","""0mg""","""100.3%""","""103mg""","""0g""","""""","""2694kJ""","""0mg""","""266mg""","""80""","""32g""","""0.25mg""","""90mg""","""0.10mg""","""4.6g""","""5.3g""","""14mg""","""905mg""","""11mg""","""鸡蛋黄粉""","""""","""2850mg""","""3.4g""","""5μg""","""0.05mg""","""29.9%"""
"""—""","""—""","""9g""","""23μg""","""2mg""","""1583""","""100%""","""140.0μg""","""0mg""","""111mg""","""2.00μg""","""""","""0.12mg""","""—""","""204mg""","""29g""","""""","""1574kJ""","""2mg""","""639mg""","""122""","""7g""","""0.43mg""","""47.4mg""","""1.02mg""","""11.0g""","""66.5g""","""2mg""","""69mg""","""8.4mg""","""花椒""","""""","""0mg""","""6.9g""","""11μg""","""3.33mg""","""—"""
"""9.1%""","""49.2%""","""8.8g""","""—""","""1.00mg""","""1584""","""100%""","""99.0μg""","""—""","""132mg""","""2.70μg""","""10.1μg""","""0.08mg""","""99.7%""","""2013mg""","""55.10g""","""""","""1292kJ""","""26.32mg""","""81mg""","""106""","""17.1g""","""0.11mg""","""2.2mg""","""1.32mg""","""0.7g""","""68.9g""","""—""","""204mg""","""4.2mg""","""咖啡豆""","""""","""—""","""4.5g""","""""","""1.59mg""","""41.4%"""
"""0.0%""","""0.2%""","""0.5g""","""0.0μg""","""0.35mg""","""1585""","""100%""","""—""","""0.0mg""","""327mg""","""12.60μg""","""—""","""0.01mg""","""0.3%""","""3535mg""","""0.00g""","""""","""1508kJ""","""28.17mg""","""141mg""","""106""","""12.2g""","""0.07mg""","""37.0mg""","""0.14mg""","""3.1g""","""75.4g""","""—""","""303mg""","""4.4mg""","""咖啡粉""","""""","""0mg""","""8.8g""","""""","""1.71mg""","""0.1%"""
"""31.7%""","""6.0%""","""2.4g""","""Tr""","""0.62mg""","""1586""","""100%""","""—""","""—""","""4mg""","""9.30μg""","""16.3μg""","""0.04mg""","""100.1%""","""136mg""","""""","""""","""677kJ""","""0.47mg""","""13mg""","""84""","""10.1g""","""0.05mg""","""383.3mg""","""0.06mg""","""61.2g""","""24.5g""","""0.00mg""","""92mg""","""1.0mg""","""鱼排""","""""","""24mg""","""1.8g""","""""","""0.09mg""","""62.4%"""
"""—""","""—""","""0g""","""0μg""","""0.74mg""","""1587""","""100%""","""0μg""","""0mg""","""1mg""","""0μg""","""""","""0.02mg""","""—""","""5mg""","""0g""","""""","""1674kJ""","""0.30mg""","""1mg""","""110""","""0g""","""0.03mg""","""7.6mg""","""0.01mg""","""57.3g""","""100g""","""0mg""","""14mg""","""0.3mg""","""崇明老白酒""","""""","""0mg""","""0.1g""","""0μg""","""0.02mg""","""—"""
"""—""","""—""","""0g""","""0μg""","""0mg""","""1588""","""100%""","""0μg""","""0mg""","""1mg""","""0μg""","""""","""0mg""","""—""","""0mg""","""0g""","""""","""1674kJ""","""0mg""","""0mg""","""110""","""0g""","""0mg""","""0mg""","""0.08mg""","""69.2g""","""100g""","""0mg""","""0mg""","""0mg""","""低度汉酒(37.2度)""","""""","""0mg""","""""","""0μg""","""0mg""","""—"""
"""—""","""—""","""0g""","""0μg""","""0.13mg""","""1589""","""100%""","""0μg""","""0mg""","""1mg""","""0μg""","""""","""0mg""","""—""","""0mg""","""0g""","""""","""1674kJ""","""0mg""","""0mg""","""110""","""0g""","""0mg""","""0mg""","""0.02mg""","""55.4g""","""100g""","""0mg""","""2mg""","""0mg""","""甘州大曲""","""""","""0mg""","""""","""0μg""","""0.01mg""","""—"""
"""—""","""—""","""0g""","""0μg""","""0mg""","""1590""","""100%""","""0μg""","""0mg""","""0mg""","""0μg""","""""","""0mg""","""—""","""0mg""","""0g""","""""","""1674kJ""","""0mg""","""2mg""","""110""","""0g""","""0mg""","""0.1mg""","""0mg""","""57.9g""","""100g""","""0mg""","""0mg""","""0mg""","""汉口白酒(49.6度)""","""""","""0mg""","""""","""0μg""","""0mg""","""—"""
"""—""","""—""","""0g""","""0μg""","""0mg""","""1591""","""100%""","""0μg""","""0mg""","""2mg""","""0μg""","""""","""0mg""","""—""","""0mg""","""0g""","""""","""1674kJ""","""0mg""","""0mg""","""110""","""0g""","""0mg""","""0.7mg""","""0.08mg""","""66.1g""","""100g""","""0mg""","""0mg""","""0mg""","""汉口小麦酒(40.7度)""","""""","""0mg""","""""","""0μg""","""0mg""","""—"""
"""—""","""—""","""0g""","""0μg""","""0.01mg""","""1592""","""100%""","""0μg""","""0mg""","""0mg""","""0μg""","""""","""0mg""","""—""","""0mg""","""0g""","""""","""1674kJ""","""0mg""","""0mg""","""110""","""0g""","""0mg""","""0mg""","""0.11mg""","""67.6g""","""100g""","""0mg""","""0mg""","""0mg""","""黄鹤楼酒(39度)""","""""","""0mg""","""""","""0μg""","""0mg""","""—"""
"""—""","""—""","""0g""","""0μg""","""0mg""","""1593""","""100%""","""0μg""","""0mg""","""0mg""","""0μg""","""""","""0mg""","""—""","""0mg""","""0g""","""""","""1674kJ""","""0mg""","""0mg""","""110""","""0g""","""0mg""","""0.8mg""","""0.03mg""","""66.0g""","""100g""","""0mg""","""0mg""","""0mg""","""精制小麦酒""","""""","""0mg""","""""","""0μg""","""0mg""","""—"""
"""—""","""—""","""0g""","""0μg""","""0mg""","""1594""","""100%""","""0μg""","""0mg""","""0mg""","""0μg""","""""","""0mg""","""—""","""0mg""","""0g""","""""","""1674kJ""","""0mg""","""0mg""","""110""","""0g""","""0mg""","""0mg""","""0mg""","""56.6g""","""100g""","""0mg""","""0mg""","""0mg""","""景泰大曲""","""""","""0mg""","""""","""0μg""","""0mg""","""—"""
"""—""","""—""","""0g""","""0μg""","""0mg""","""1595""","""100%""","""0μg""","""0mg""","""0mg""","""0μg""","""""","""0mg""","""—""","""0mg""","""0g""","""""","""1674kJ""","""0mg""","""0mg""","""110""","""0g""","""0mg""","""0mg""","""0mg""","""59.0g""","""100g""","""0mg""","""0mg""","""0mg""","""景泰二曲""","""""","""0mg""","""""","""0μg""","""0mg""","""—"""
"""—""","""—""","""0g""","""0μg""","""0.08mg""","""1596""","""100%""","""0μg""","""0mg""","""7mg""","""0μg""","""""","""0mg""","""—""","""20mg""","""0g""","""""","""1674kJ""","""0mg""","""10mg""","""110""","""0g""","""0mg""","""0mg""","""0.01mg""","""51.0g""","""100g""","""0mg""","""6mg""","""0.9mg""","""酒泉酒""","""""","""0mg""","""""","""0μg""","""0.05mg""","""—"""
"""—""","""—""","""0g""","""0μg""","""0mg""","""1597""","""100%""","""0μg""","""0mg""","""0mg""","""0μg""","""""","""0mg""","""—""","""0mg""","""0g""","""""","""1674kJ""","""0mg""","""2mg""","""110""","""0g""","""0mg""","""0.3mg""","""0mg""","""55.0g""","""100g""","""0mg""","""2mg""","""0.1mg""","""凉洲曲酒""","""""","""0mg""","""""","""0μg""","""0mg""","""—"""
"""—""","""—""","""0g""","""0μg""","""0mg""","""1598""","""100%""","""0μg""","""0mg""","""0mg""","""0μg""","""""","""0mg""","""—""","""0mg""","""0g""","""""","""1674kJ""","""0mg""","""0mg""","""110""","""0g""","""0mg""","""0mg""","""0mg""","""55.2g""","""100g""","""0mg""","""0mg""","""0mg""","""宁河大曲""","""""","""0mg""","""""","""0μg""","""0mg""","""—"""
"""—""","""—""","""0g""","""0μg""","""0mg""","""1599""","""100%""","""0μg""","""0mg""","""0mg""","""0μg""","""""","""0mg""","""—""","""0mg""","""0g""","""""","""1674kJ""","""0mg""","""0mg""","""110""","""0g""","""0mg""","""0mg""","""0mg""","""55.1g""","""100g""","""0mg""","""0mg""","""0mg""","""宁河二曲""","""""","""0mg""","""""","""0μg""","""0mg""","""—"""
"""—""","""—""","""0g""","""0μg""","""0mg""","""1600""","""100%""","""0μg""","""0mg""","""0mg""","""0μg""","""""","""0mg""","""—""","""0mg""","""0g""","""""","""1674kJ""","""0mg""","""4mg""","""110""","""0g""","""0mg""","""0.1mg""","""0.08mg""","""52.8g""","""100g""","""0mg""","""0mg""","""0mg""","""三粮小麦(55度)""","""""","""0mg""","""""","""0μg""","""0mg""","""—"""
"""—""","""—""","""0g""","""0μg""","""0mg""","""1601""","""100%""","""0μg""","""0mg""","""0mg""","""0μg""","""""","""0mg""","""—""","""0mg""","""0g""","""""","""1674kJ""","""0mg""","""0mg""","""110""","""0g""","""0mg""","""0mg""","""0mg""","""55.0g""","""100g""","""0mg""","""0mg""","""0mg""","""丝路春酒""","""""","""0mg""","""""","""0μg""","""0mg""","""—"""
"""—""","""—""","""0g""","""0μg""","""0mg""","""1602""","""100%""","""0μg""","""0mg""","""2mg""","""0μg""","""""","""0mg""","""—""","""0mg""","""0g""","""""","""1674kJ""","""0mg""","""0mg""","""110""","""0g""","""0mg""","""0.2mg""","""0.09mg""","""48.0g""","""100g""","""0mg""","""0mg""","""0mg""","""特制汉酒(59.9度)""","""""","""0mg""","""""","""0μg""","""0mg""","""—"""
"""—""","""—""","""0g""","""0μg""","""0mg""","""1603""","""100%""","""0μg""","""0mg""","""1mg""","""0μg""","""""","""0mg""","""—""","""9mg""","""0g""","""""","""1674kJ""","""0mg""","""0mg""","""110""","""0g""","""0mg""","""0mg""","""0.12mg""","""51.6g""","""100g""","""0mg""","""0mg""","""0mg""","""特制三粮酒(56.2度)""","""""","""0mg""","""""","""0μg""","""0mg""","""—"""
"""—""","""—""","""0g""","""0μg""","""0.18mg""","""1604""","""100%""","""0μg""","""0mg""","""1mg""","""0μg""","""""","""0mg""","""—""","""0mg""","""0g""","""""","""1674kJ""","""0mg""","""5mg""","""110""","""0g""","""0mg""","""0.4mg""","""0.01mg""","""51.0g""","""100g""","""0mg""","""0mg""","""0.1mg""","""乌林春酒(青稞酒)""","""""","""0mg""","""""","""0μg""","""0mg""","""—"""
"""—""","""—""","""0g""","""0μg""","""0mg""","""1605""","""100%""","""0μg""","""0mg""","""0mg""","""0μg""","""""","""0mg""","""—""","""0mg""","""0g""","""""","""1674kJ""","""0mg""","""2mg""","""110""","""0g""","""0mg""","""0.1mg""","""0.06mg""","""62.8g""","""100g""","""0mg""","""0mg""","""0mg""","""五酿春(44.4度)""","""""","""0mg""","""""","""0μg""","""0mg""","""—"""
"""—""","""—""","""0g""","""0μg""","""0mg""","""1606""","""100%""","""0μg""","""0mg""","""0mg""","""0μg""","""""","""0mg""","""—""","""0mg""","""0g""","""""","""1674kJ""","""0mg""","""0mg""","""110""","""0g""","""0mg""","""0.6mg""","""0.04mg""","""59.5g""","""100g""","""0mg""","""0mg""","""0mg""","""小麦酒(48度)""","""""","""0mg""","""""","""0μg""","""0mg""","""—"""
"""—""","""—""","""0g""","""0μg""","""0mg""","""1607""","""100%""","""0μg""","""0mg""","""0mg""","""0μg""","""""","""0mg""","""—""","""0mg""","""0g""","""""","""1674kJ""","""0mg""","""0mg""","""110""","""0g""","""0mg""","""0.3mg""","""0.05mg""","""57.6g""","""100g""","""0mg""","""0mg""","""0mg""","""小麦酒(50度)""","""""","""0mg""","""""","""0μg""","""0mg""","""—"""
"""—""","""—""","""0g""","""0μg""","""0.13mg""","""1608""","""100%""","""0μg""","""0mg""","""0mg""","""0μg""","""""","""0.04mg""","""—""","""0mg""","""0g""","""""","""1674kJ""","""0mg""","""0mg""","""110""","""0g""","""0mg""","""0mg""","""0mg""","""50.9g""","""100g""","""0mg""","""0mg""","""0mg""","""燕岭春(57度)""","""""","""0mg""","""""","""0μg""","""0mg""","""—"""
"""—""","""—""","""0g""","""0μg""","""0.09mg""","""1609""","""100%""","""0μg""","""0mg""","""1mg""","""0μg""","""""","""0.05mg""","""—""","""0mg""","""0g""","""""","""1674kJ""","""0mg""","""3mg""","""110""","""0g""","""0mg""","""0.8mg""","""0.03mg""","""50.9g""","""100g""","""0mg""","""0mg""","""0.1mg""","""醉流霞(57度)""","""""","""0mg""","""""","""0μg""","""0mg""","""—"""
"""—""","""—""","""0.1g""","""2μg""","""1.00mg""","""1610""","""100%""","""10.0μg""","""2.0mg""","""4mg""","""0.10μg""","""""","""0.01mg""","""—""","""95mg""","""1g""","""""","""283kJ""","""0.20mg""","""14mg""","""101""","""0.4g""","""0.02mg""","""3.0mg""","""0.14mg""","""83.1g""","""16.0g""","""0mg""","""14mg""","""0.4mg""","""甘蔗汁""","""""","""0mg""","""0.4g""","""83μg""","""1mg""","""—"""
"""—""","""—""","""0.1g""","""0.0μg""","""0.45mg""","""1611""","""100%""","""—""","""—""","""29mg""","""1.30μg""","""0.6μg""","""0.02mg""","""—""","""342mg""","""Tr""","""商品名：上等生抽。""","""85kJ""","""1.08mg""","""16mg""","""117""","""4.8g""","""0.11mg""","""6384.7mg""","""0.08mg""","""81.2g""","""Tr""","""0.00mg""","""59mg""","""2.7mg""","""生抽""","""""","""—""","""15.5g""","""""","""0.29mg""","""—"""
"""—""","""—""","""0g""","""0μg""","""2mg""","""1612""","""100%""","""0μg""","""5.0mg""","""6mg""","""0μg""","""""","""0.21mg""","""—""","""50mg""","""0g""","""""","""1676kJ""","""0.20mg""","""29mg""","""106""","""0.2g""","""1mg""","""12mg""","""0.07mg""","""1.2g""","""98.4g""","""0mg""","""4mg""","""7mg""","""酸梅晶""","""""","""0mg""","""0.2g""","""1μg""","""0.05mg""","""—"""
"""—""","""—""","""2.3g""","""""","""4.34mg""","""1614""","""100%""","""5800.0μg""","""19.0mg""","""196mg""","""3.20μg""","""""","""0.02mg""","""—""","""1661mg""","""""","""""","""1522kJ""","""8.00mg""","""325mg""","""105""","""34.2g""","""0.35mg""","""28.2mg""","""1.74mg""","""7.5g""","""50.3g""","""—""","""191mg""","""14.4mg""","""茶（绿茶）""","""""","""""","""5.7g""","""""","""32.60mg""","""—"""
