id,cate_id,food_name,alias_name,english_name,edible_part,water,energy,protein,fat,cholesterol,ash,carbohydrate,dietary_fiber,carotene,shihuangchun,vitamin_a,vitamin_e,thiamin,riboflavin,niacin,vitamin_c,calcium,phosphorus,potassium,sodium,magnesium,iron,zinc,selenium,copper,manganese,iodine,sfa,mufa,pufa,fatty_acids_total
1,,小麦,,,,,1326kJ,12g,1g,0mg,,64g,11g,2μg,10μg,0μg,2mg,0mg,0mg,4mg,0mg,34mg,325mg,289mg,7mg,4mg,5mg,2mg,4μg,0mg,3mg,,,,,
2,,五谷香,,,,,1577kJ,10g,3g,0mg,,78g,0g,3μg,6μg,0μg,2mg,0mg,0mg,0mg,0mg,2mg,13mg,7mg,1mg,0mg,0mg,0mg,1μg,0mg,0mg,,,,,
3,,小麦粉(标准粉),,,,,1439kJ,11g,2g,0mg,,72g,2g,1μg,13μg,0μg,2mg,0mg,0mg,2mg,0mg,31mg,188mg,190mg,3mg,50mg,4mg,2mg,5μg,0mg,2mg,,,,,
4,,小麦粉(富强粉，特一粉),,,,,1464kJ,10g,1g,0mg,,75g,1g,1μg,13μg,0μg,1mg,0mg,0mg,2mg,0mg,27mg,114mg,128mg,3mg,32mg,3mg,1mg,7μg,0mg,1mg,,,,,
5,,小麦粉(特二粉),,,,,1460kJ,10g,1g,0mg,,74g,2g,1μg,12μg,0μg,1mg,0mg,0mg,2mg,0mg,30mg,120mg,124mg,2mg,48mg,3mg,1mg,6μg,1mg,1mg,,,,,
6,,小麦胚粉,,,,,1640kJ,36g,10g,0mg,,39g,6g,5μg,4μg,0μg,23mg,4mg,1mg,4mg,0mg,85mg,1168mg,1523mg,5mg,198mg,1mg,23mg,65μg,1mg,17mg,,,,,
7,,麸皮,,,,,920kJ,16g,4g,0mg,,30g,31g,4μg,14μg,20μg,4mg,0mg,0mg,12mg,0mg,206mg,682mg,862mg,12mg,382mg,10mg,6mg,7μg,2mg,11mg,,,,,
8,,挂面(均值),,,,,1448kJ,10g,1g,0mg,,75g,1g,1μg,12μg,0μg,1mg,0mg,0mg,2mg,0mg,17mg,134mg,129mg,184mg,49mg,3mg,1mg,12μg,0mg,1mg,,,,,
9,,挂面(标准粉),,,,,1439kJ,10g,1g,0mg,,74g,2g,1μg,12μg,0μg,1mg,0mg,0mg,2mg,0mg,14mg,153mg,157mg,150mg,51mg,4mg,1mg,10μg,0mg,1mg,,,,,
10,,挂面(富强粉),,,,,1452kJ,10g,1g,0mg,,76g,0g,1μg,13μg,0μg,1mg,0mg,0mg,2mg,0mg,21mg,112mg,122mg,111mg,48mg,3mg,1mg,11μg,0mg,1mg,,,,,
11,,挂面(精制龙须面),,,,,1452kJ,11g,0g,0mg,,74g,0g,2μg,12μg,0μg,0mg,0mg,0mg,2mg,0mg,26mg,137mg,109mg,293mg,48mg,2mg,1mg,14μg,0mg,1mg,,,,,
12,,面条(均值),,,,,1188kJ,8g,1g,0mg,,61g,1g,1μg,28μg,0μg,1mg,0mg,0mg,1mg,0mg,11mg,162mg,135mg,28mg,39mg,4mg,1mg,12μg,0mg,1mg,,,,,
13,,面条(标准粉，切面),,,,,1172kJ,8g,2g,0mg,,58g,2g,1μg,30μg,0μg,0mg,0mg,0mg,3mg,0mg,13mg,142mg,161mg,3mg,61mg,3mg,1mg,0μg,0mg,1mg,,,,,
14,,面条(富强粉，切面),,,,,1192kJ,9g,1g,0mg,,60g,0g,0μg,29μg,0μg,0mg,0mg,0mg,2mg,0mg,24mg,92mg,102mg,2mg,29mg,2mg,1mg,17μg,0mg,1mg,,,,,
15,,面条(特粉，切面),,,,,1197kJ,7g,0g,0mg,,64g,1g,1μg,28μg,0μg,0mg,0mg,0mg,0mg,0mg,3mg,181mg,128mg,10mg,36mg,5mg,2mg,16μg,0mg,1mg,,,,,
16,,面条(富强粉，煮),,,,,456kJ,3g,0g,0mg,,24g,0g,0μg,73μg,0μg,0mg,0mg,0mg,2mg,0mg,4mg,25mg,15mg,27mg,10mg,0mg,0mg,0μg,0mg,0mg,,,,,
17,,面条(干切面),,,,,1485kJ,11g,0g,0mg,,78g,0g,1μg,10μg,0μg,0mg,0mg,0mg,3mg,0mg,8mg,142mg,100mg,61mg,42mg,10mg,2mg,8μg,0mg,1mg,,,,,
18,,面条(虾蓉面),,,,,1795kJ,8g,15g,0mg,,65g,4g,2μg,6μg,0μg,1mg,0mg,0mg,3mg,0mg,17mg,92mg,101mg,304mg,24mg,2mg,0mg,9μg,0mg,0mg,,,,,
19,,通心面[通心粉],,,,,1464kJ,12g,0g,0mg,,75g,0g,0μg,12μg,0μg,0mg,0mg,0mg,1mg,0mg,14mg,97mg,209mg,35mg,58mg,3mg,2mg,6μg,0mg,1mg,,,,,
20,,花卷,,,,,883kJ,6g,1g,0mg,,44g,2g,1μg,46μg,0μg,0mg,0mg,0mg,1mg,0mg,19mg,72mg,83mg,95mg,12mg,0mg,0mg,6μg,0mg,0mg,,,,,
21,,空锅饼,,,,,1159kJ,9g,0g,0mg,,60g,1g,1μg,29μg,0μg,0mg,0mg,0mg,0mg,0mg,2mg,133mg,138mg,243mg,30mg,6mg,2mg,24μg,0mg,1mg,,,,,
22,,烙饼(标准粉),,,,,1067kJ,8g,2g,0mg,,51g,2g,1μg,36μg,0μg,1mg,0mg,0mg,0mg,0mg,20mg,146mg,141mg,149mg,51mg,2mg,1mg,8μg,0mg,1mg,,,,,
23,,馒头(均值),,,,,925kJ,7g,1g,0mg,,46g,1g,1μg,44μg,0μg,1mg,0mg,0mg,0mg,0mg,38mg,107mg,138mg,165mg,30mg,2mg,1mg,8μg,0mg,1mg,,,,,
24,,馒头(标准粉),,,,,975kJ,8g,1g,0mg,,48g,2g,1μg,40μg,0μg,1mg,0mg,0mg,0mg,0mg,18mg,136mg,129mg,165mg,39mg,2mg,1mg,10μg,0mg,1mg,,,,,
25,,馒头(富强粉),,,,,870kJ,6g,1g,0mg,,43g,1g,1μg,47μg,0μg,0mg,0mg,0mg,0mg,0mg,58mg,78mg,146mg,165mg,20mg,2mg,0mg,7μg,0mg,0mg,,,,,
26,,烧饼(加糖),,,,,1226kJ,8g,2g,0mg,,61g,2g,1μg,26μg,0μg,0mg,0mg,0mg,1mg,0mg,51mg,105mg,122mg,62mg,26mg,2mg,0mg,12μg,0mg,0mg,,,,,
27,,油饼,,,,,1669kJ,8g,23g,0mg,,40g,2g,2μg,25μg,0μg,14mg,0mg,0mg,0mg,0mg,46mg,124mg,106mg,572mg,13mg,2mg,1mg,11μg,0mg,1mg,,,,,
28,,油条,,,,,1615kJ,7g,18g,0mg,,50g,1g,3μg,22μg,0μg,3mg,0mg,0mg,1mg,0mg,6mg,77mg,227mg,585mg,19mg,1mg,1mg,9μg,0mg,1mg,,,,,
29,,水面筋,,,,,590kJ,24g,0g,0mg,,11g,1g,1μg,64μg,0μg,1mg,0mg,0mg,1mg,0mg,76mg,133mg,69mg,15mg,26mg,4mg,2mg,1μg,0mg,1mg,,,,,
30,,油面筋,,,,,2050kJ,27g,25g,0mg,,39g,1g,0μg,7μg,0μg,7mg,0mg,0mg,2mg,0mg,29mg,98mg,45mg,30mg,40mg,2mg,2mg,23μg,0mg,1mg,,,,,
31,,稻米(均值),,,,,1448kJ,7g,1g,0mg,,77g,1g,1μg,13μg,0μg,0mg,0mg,0mg,2mg,0mg,13mg,110mg,103mg,4mg,34mg,2mg,2mg,2μg,0mg,1mg,,,,,
32,,粳米(标一),,,,,1435kJ,8g,1g,0mg,,77g,1g,1μg,14μg,0μg,1mg,0mg,0mg,1mg,0mg,11mg,121mg,97mg,2mg,34mg,1mg,1mg,2μg,0mg,1mg,,,,,
33,,粳米(标二),,,,,1452kJ,8g,1g,0mg,,77g,0g,0μg,13μg,0μg,1mg,0mg,0mg,3mg,0mg,3mg,99mg,78mg,1mg,20mg,0mg,1mg,6μg,0mg,1mg,,,,,
34,,粳米(标三),,,,,1443kJ,7g,1g,0mg,,77g,0g,0μg,14μg,0μg,0mg,0mg,0mg,4mg,0mg,5mg,108mg,78mg,1mg,0mg,1mg,1mg,5μg,0mg,1mg,,,,,
35,,粳米(标四),,,,,1448kJ,8g,1g,0mg,,77g,1g,1μg,13μg,0μg,0mg,0mg,0mg,5mg,0mg,4mg,123mg,106mg,2mg,20mg,1mg,1mg,5μg,0mg,1mg,,,,,
36,,粳米(特等),,,,,1397kJ,7g,0g,0mg,,75g,0g,0μg,16μg,0μg,1mg,0mg,0mg,1mg,0mg,24mg,80mg,58mg,6mg,25mg,1mg,1mg,2μg,0mg,1mg,,,,,
37,,籼米(标一),,,,,1448kJ,8g,1g,0mg,,77g,1g,1μg,13μg,0μg,0mg,0mg,0mg,2mg,0mg,7mg,146mg,89mg,3mg,33mg,1mg,1mg,4μg,0mg,1mg,,,,,
38,,籼米(标准)[机米],,,,,1452kJ,8g,1g,0mg,,78g,1g,1μg,13μg,0μg,1mg,0mg,0mg,1mg,0mg,12mg,112mg,109mg,2mg,28mg,2mg,1mg,2μg,0mg,1mg,,,,,
39,,籼米(优标),,,,,1460kJ,8g,1g,0mg,,77g,0g,1μg,13μg,0μg,0mg,0mg,0mg,3mg,0mg,8mg,85mg,64mg,1mg,13mg,0mg,2mg,7μg,0mg,1mg,,,,,
40,,早籼,,,,,1502kJ,10g,2g,0mg,,75g,1g,2μg,10μg,0μg,0mg,0mg,0mg,5mg,0mg,13mg,257mg,214mg,2mg,0mg,5mg,3mg,2μg,0mg,3mg,,,,,
41,,早籼(标一),,,,,1469kJ,9g,1g,0mg,,77g,0g,1μg,12μg,0μg,0mg,0mg,0mg,2mg,0mg,10mg,141mg,124mg,2mg,57mg,1mg,2mg,2μg,0mg,1mg,,,,,
42,,早籼(标二),,,,,1443kJ,10g,1g,0mg,,75g,0g,1μg,14μg,0μg,0mg,0mg,0mg,3mg,0mg,6mg,192mg,171mg,1mg,79mg,1mg,2mg,2μg,1mg,2mg,,,,,
43,,早籼(特等),,,,,1448kJ,9g,1g,0mg,,76g,1g,1μg,13μg,0μg,0mg,0mg,0mg,2mg,0mg,6mg,141mg,108mg,1mg,42mg,1mg,2mg,2μg,0mg,1mg,,,,,
44,,晚籼(标一),,,,,1443kJ,8g,1g,0mg,,77g,0g,1μg,14μg,0μg,0mg,0mg,0mg,2mg,0mg,9mg,140mg,112mg,2mg,53mg,1mg,2mg,3μg,0mg,1mg,,,,,
45,,晚籼(标二),,,,,1435kJ,9g,1g,0mg,,75g,0g,1μg,14μg,0μg,0mg,0mg,0mg,3mg,0mg,6mg,141mg,146mg,1mg,60mg,3mg,2mg,2μg,0mg,1mg,,,,,
46,,晚籼(特等),,,,,1431kJ,8g,0g,0mg,,77g,0g,1μg,14μg,0μg,0mg,0mg,0mg,2mg,0mg,6mg,104mg,107mg,1mg,28mg,1mg,2mg,2μg,0mg,1mg,,,,,
47,,籼稻谷(红),,,,,1439kJ,7g,2g,0mg,,74g,2g,1μg,13μg,0μg,0mg,0mg,0mg,5mg,0mg,0mg,0mg,220mg,22mg,0mg,6mg,3mg,3μg,0mg,3mg,,,,,
48,,黑米,,,,,1393kJ,9g,2g,0mg,,68g,4g,2μg,14μg,0μg,0mg,0mg,0mg,8mg,0mg,12mg,356mg,256mg,7mg,147mg,2mg,4mg,3μg,0mg,2mg,,,,,
49,,香大米,,,,,1448kJ,13g,1g,0mg,,72g,1g,1μg,13μg,0μg,1mg,0mg,0mg,3mg,0mg,8mg,106mg,49mg,22mg,12mg,5mg,1mg,5μg,1mg,2mg,,,,,
50,,糯米[江米](均值),,,,,1456kJ,7g,1g,0mg,,78g,1g,1μg,13μg,0μg,1mg,0mg,0mg,2mg,0mg,26mg,113mg,137mg,2mg,49mg,1mg,2mg,3μg,0mg,2mg,,,,,
51,,优糯米,,,,,1439kJ,9g,1g,0mg,,75g,1g,0μg,14μg,0μg,1mg,0mg,0mg,2mg,0mg,8mg,48mg,136mg,1mg,50mg,1mg,1mg,3μg,0mg,1mg,,,,,
52,,早糯谷,,,,,1481kJ,7g,3g,0mg,,74g,3g,1μg,11μg,7μg,0mg,0mg,0mg,1mg,0mg,19mg,297mg,0mg,4mg,149mg,3mg,5mg,2μg,1mg,0mg,,,,,
53,,紫红糯米[血糯米],,,,,1435kJ,8g,2g,0mg,,74g,1g,1μg,14μg,0μg,1mg,0mg,0mg,4mg,0mg,13mg,183mg,219mg,4mg,16mg,4mg,2mg,3μg,0mg,2mg,,,,,
54,,粳糯米,,,,,1435kJ,8g,1g,0mg,,76g,1g,1μg,14μg,0μg,0mg,0mg,0mg,2mg,0mg,21mg,94mg,125mg,3mg,42mg,2mg,2mg,3μg,0mg,2mg,,,,,
55,,籼糯米,,,,,1473kJ,8g,1g,0mg,,78g,0g,1μg,12μg,0μg,0mg,0mg,0mg,2mg,0mg,14mg,82mg,132mg,2mg,52mg,2mg,2mg,2μg,0mg,1mg,,,,,
56,,米饭(蒸)(均值),,,,,485kJ,3g,0g,0mg,,26g,0g,0μg,71μg,0μg,0mg,0mg,0mg,2mg,0mg,7mg,62mg,30mg,2mg,15mg,1mg,1mg,0μg,0mg,1mg,,,,,
57,,粳米饭(蒸),,,,,490kJ,3g,0g,0mg,,26g,0g,0μg,71μg,0μg,0mg,0mg,0mg,2mg,0mg,7mg,62mg,39mg,3mg,20mg,2mg,1mg,0μg,0mg,1mg,,,,,
58,,籼米饭(蒸),,,,,477kJ,2g,0g,0mg,,26g,0g,0μg,71μg,0μg,0mg,0mg,0mg,2mg,0mg,6mg,0mg,21mg,2mg,10mg,0mg,0mg,0μg,0mg,0mg,,,,,
59,,粳米粥,,,,,192kJ,1g,0g,0mg,,10g,0g,0μg,89μg,0μg,0mg,0mg,0mg,0mg,0mg,7mg,20mg,13mg,3mg,7mg,0mg,0mg,0μg,0mg,0mg,,,,,
60,,籼米粉[排米粉],,,,,1485kJ,7g,0g,0mg,,81g,0g,0μg,11μg,0μg,0mg,0mg,0mg,1mg,0mg,6mg,62mg,14mg,16mg,16mg,3mg,1mg,7μg,0mg,1mg,,,,,
61,,籼米粉(干，细),,,,,1448kJ,8g,0g,0mg,,78g,0g,1μg,12μg,0μg,0mg,0mg,0mg,0mg,0mg,0mg,53mg,43mg,6mg,23mg,1mg,2mg,3μg,0mg,1mg,,,,,
62,,高蛋白豆米粉(籼米),,,,,1732kJ,16g,7g,0mg,,71g,0g,3μg,2μg,0μg,0mg,1mg,1mg,0mg,0mg,0mg,0mg,0mg,0mg,0mg,0mg,0mg,0μg,0mg,0mg,,,,,
63,,玉米(鲜),,,,,444kJ,4g,1g,0mg,,20g,3g,1μg,71μg,0μg,0mg,0mg,0mg,2mg,16mg,0mg,117mg,238mg,1mg,32mg,1mg,1mg,2μg,0mg,0mg,,,,,
64,,玉米(白，干),,,,,1406kJ,9g,4g,0mg,,67g,8g,1μg,12μg,0μg,8mg,0mg,0mg,2mg,0mg,10mg,244mg,262mg,2mg,95mg,2mg,2mg,4μg,0mg,1mg,,,,,
65,,玉米(黄，干),,,,,1402kJ,9g,4g,0mg,,67g,6g,1μg,13μg,17μg,4mg,0mg,0mg,2mg,0mg,14mg,218mg,300mg,3mg,96mg,2mg,2mg,4μg,0mg,0mg,,,,,
66,,玉米面(白),,,,,1423kJ,8g,4g,0mg,,67g,6g,1μg,13μg,0μg,7mg,0mg,0mg,3mg,0mg,12mg,187mg,276mg,0mg,111mg,1mg,1mg,2μg,0mg,0mg,,,,,
67,,玉米面(黄),,,,,1427kJ,8g,3g,0mg,,70g,6g,1μg,12μg,7μg,4mg,0mg,0mg,2mg,0mg,22mg,196mg,249mg,2mg,84mg,3mg,1mg,2μg,0mg,0mg,,,,,
68,,玉米面(强化豆粉),,,,,1418kJ,12g,5g,0mg,,62g,6g,1μg,14μg,0μg,7mg,0mg,0mg,3mg,0mg,18mg,234mg,370mg,2mg,106mg,3mg,1mg,9μg,0mg,1mg,,,,,
69,,玉米糁(黄),,,,,1452kJ,8g,3g,0mg,,72g,4g,1μg,13μg,0μg,1mg,0mg,0mg,1mg,0mg,49mg,143mg,177mg,2mg,151mg,2mg,1mg,5μg,0mg,0mg,,,,,
70,,玉米笋(罐头),,,,,25kJ,1g,0g,0mg,,0g,5g,1μg,93μg,7μg,0mg,0mg,0mg,0mg,0mg,6mg,4mg,36mg,171mg,0mg,0mg,0mg,1μg,0mg,0mg,,,,,
71,,大麦[元麦],,,,,1284kJ,10g,1g,0mg,,63g,10g,2μg,13μg,0μg,1mg,0mg,0mg,4mg,0mg,66mg,381mg,49mg,0mg,158mg,6mg,4mg,10μg,1mg,1mg,,,,,
72,,肚里黄,,,,,1343kJ,9g,1g,0mg,,69g,8g,2μg,12μg,0μg,1mg,0mg,0mg,2mg,0mg,3mg,436mg,223mg,5mg,80mg,2mg,2mg,0μg,14mg,1mg,,,,,
73,,青稞,,,,,1418kJ,8g,2g,0mg,,73g,2g,3μg,12μg,0μg,1mg,0mg,0mg,7mg,0mg,113mg,405mg,644mg,77mg,65mg,41mg,2mg,5μg,5mg,2mg,,,,,
74,,小米,,,,,1498kJ,9g,3g,0mg,,74g,2g,1μg,12μg,17μg,4mg,0mg,0mg,2mg,0mg,41mg,229mg,284mg,4mg,107mg,5mg,2mg,5μg,1mg,1mg,,,,,
75,,小米面,,,,,1490kJ,7g,2g,0mg,,77g,1g,1μg,12μg,0μg,0mg,0mg,0mg,2mg,0mg,40mg,159mg,129mg,6mg,57mg,6mg,1mg,3μg,0mg,1mg,,,,,
76,,小米粥,,,,,192kJ,1g,1g,0mg,,8g,0g,0μg,89μg,0μg,0mg,0mg,0mg,1mg,0mg,10mg,32mg,19mg,4mg,22mg,1mg,0mg,0μg,0mg,0mg,,,,,
77,,大黄米[黍子],,,,,1460kJ,14g,3g,0mg,,68g,4g,1μg,11μg,0μg,2mg,0mg,0mg,1mg,0mg,30mg,244mg,201mg,2mg,116mg,6mg,3mg,2μg,1mg,2mg,,,,,
78,,黄米,,,,,1431kJ,10g,2g,0mg,,72g,4g,1μg,11μg,0μg,5mg,0mg,0mg,1mg,0mg,0mg,0mg,0mg,3mg,0mg,0mg,2mg,0μg,1mg,0mg,,,,,
79,,高粱米,,,,,1469kJ,10g,3g,0mg,,70g,4g,2μg,10μg,0μg,2mg,0mg,0mg,2mg,0mg,22mg,329mg,281mg,6mg,129mg,6mg,2mg,3μg,1mg,1mg,,,,,
80,,糜子(带皮),,,,,1351kJ,11g,1g,0mg,,69g,6g,4μg,9μg,0μg,4mg,0mg,0mg,1mg,0mg,99mg,205mg,148mg,10mg,146mg,5mg,2mg,12μg,1mg,1mg,,,,,
81,,糜子米(炒米),,,,,1565kJ,8g,3g,0mg,,80g,1g,1μg,8μg,0μg,0mg,0mg,0mg,1mg,0mg,12mg,233mg,252mg,11mg,112mg,14mg,2mg,5μg,0mg,1mg,,,,,
82,,苦荞麦粉,,,,,1272kJ,10g,3g,0mg,,60g,6g,2μg,19μg,0μg,2mg,0mg,0mg,2mg,0mg,39mg,244mg,320mg,2mg,94mg,4mg,2mg,6μg,1mg,1mg,,,,,
83,,荞麦,,,,,1356kJ,9g,2g,0mg,,66g,6g,2μg,13μg,3μg,4mg,0mg,0mg,2mg,0mg,47mg,297mg,401mg,5mg,258mg,6mg,4mg,2μg,1mg,2mg,,,,,
84,,荞麦(带皮),,,,,1222kJ,10g,2g,0mg,,60g,13g,2μg,14μg,0μg,0mg,0mg,0mg,1mg,0mg,154mg,296mg,439mg,4mg,193mg,10mg,3mg,1μg,14mg,1mg,,,,,
85,,莜麦面,,,,,1531kJ,12g,7g,0mg,,63g,5g,2μg,11μg,3μg,8mg,0mg,0mg,4mg,0mg,27mg,35mg,319mg,2mg,146mg,14mg,2mg,0μg,1mg,4mg,,,,,
86,,薏米[薏仁米，苡米],,,,,1494kJ,13g,3g,0mg,,69g,2g,2μg,11μg,0μg,2mg,0mg,0mg,2mg,0mg,42mg,217mg,238mg,4mg,88mg,4mg,2mg,3μg,0mg,1mg,,,,,
87,,薏米面,,,,,1431kJ,11g,2g,0mg,,69g,5g,2μg,11μg,0μg,5mg,0mg,0mg,2mg,0mg,42mg,134mg,163mg,2mg,50mg,7mg,1mg,3μg,0mg,2mg,,,,,
88,,马铃薯[土豆，洋芋],,,,,318kJ,2g,0g,0mg,,16g,1g,1μg,80μg,5μg,0mg,0mg,0mg,1mg,27mg,8mg,40mg,342mg,3mg,23mg,1mg,0mg,1μg,0mg,0mg,,,,,
89,,马铃薯丁(脱水),,,,,1410kJ,6g,0g,0mg,,77g,3g,2μg,11μg,0μg,0mg,0mg,0mg,0mg,20mg,39mg,87mg,267mg,23mg,51mg,2mg,0mg,2μg,1mg,0mg,,,,,
90,,马铃薯粉,,,,,1410kJ,7g,0g,0mg,,76g,1g,3μg,12μg,20μg,0mg,0mg,0mg,5mg,0mg,171mg,123mg,1075mg,5mg,27mg,11mg,1mg,2μg,1mg,0mg,,,,,
91,,甘薯(白心)[红皮山芋],,,,,435kJ,1g,0g,0mg,,24g,1g,1μg,73μg,37μg,0mg,0mg,0mg,1mg,24mg,24mg,46mg,174mg,58mg,17mg,1mg,0mg,1μg,0mg,0mg,,,,,
92,,甘薯(红心)[山芋，红薯],,,,,414kJ,1g,0g,0mg,,23g,2g,1μg,73μg,125μg,0mg,0mg,0mg,1mg,26mg,23mg,39mg,130mg,28mg,12mg,0mg,0mg,0μg,0mg,0mg,,,,,
93,,甘薯片[白薯干],,,,,1423kJ,5g,1g,0mg,,78g,2g,2μg,12μg,25μg,0mg,0mg,0mg,1mg,9mg,112mg,115mg,353mg,26mg,102mg,4mg,0mg,3μg,0mg,1mg,,,,,
94,,甘薯粉[地瓜粉],,,,,1406kJ,3g,0g,0mg,,81g,0g,2μg,14μg,3μg,0mg,0mg,0mg,0mg,0mg,33mg,12mg,66mg,26mg,102mg,10mg,0mg,3μg,0mg,0mg,,,,,
95,,木薯,,,,,485kJ,2g,0g,0mg,,26g,2g,1μg,69μg,0μg,0mg,0mg,0mg,1mg,35mg,88mg,50mg,764mg,8mg,66mg,2mg,0mg,0μg,0mg,0mg,,,,,
96,,蚕豆淀粉,,,,,1427kJ,0g,0g,0mg,,85g,0g,0μg,14μg,0μg,0mg,0mg,0mg,0mg,0mg,36mg,29mg,10mg,18mg,8mg,2mg,0mg,1μg,0mg,0mg,,,,,
97,,豌豆淀粉,,,,,1427kJ,1g,0g,0mg,,85g,0g,1μg,14μg,0μg,0mg,0mg,0mg,0mg,0mg,4mg,10mg,93mg,3mg,4mg,2mg,0mg,0μg,0mg,0mg,,,,,
98,,玉米淀粉,,,,,1443kJ,1g,0g,0mg,,85g,0g,0μg,14μg,0μg,0mg,0mg,0mg,1mg,0mg,18mg,25mg,8mg,6mg,6mg,4mg,0mg,1μg,0mg,0mg,,,,,
99,,团粉[芡粉],,,,,1448kJ,2g,0g,0mg,,85g,1g,0μg,13μg,0μg,0mg,0mg,0mg,0mg,0mg,34mg,25mg,16mg,13mg,14mg,4mg,0mg,0μg,0mg,0mg,,,,,
100,,藕粉,,,,,1556kJ,0g,0g,0mg,,93g,0g,0μg,6μg,0μg,0mg,0mg,0mg,0mg,0mg,8mg,9mg,35mg,11mg,2mg,18mg,0mg,2μg,0mg,0mg,,,,,
101,,桂花藕粉,,,,,1439kJ,0g,0g,0mg,,85g,0g,1μg,14μg,0μg,0mg,0mg,0mg,0mg,0mg,36mg,13mg,14mg,6mg,5mg,21mg,0mg,0μg,0mg,0mg,,,,,
102,,魔芋精粉[鬼芋粉，南星粉],,,,,155kJ,5g,0g,0mg,,4g,74g,4μg,12μg,0μg,0mg,0mg,0mg,0mg,0mg,45mg,272mg,299mg,50mg,66mg,2mg,2mg,350μg,0mg,1mg,,,,,
103,,粉丝,,,,,1402kJ,1g,0g,0mg,,83g,1g,0μg,15μg,0μg,0mg,0mg,0mg,0mg,0mg,31mg,16mg,18mg,9mg,11mg,6mg,0mg,3μg,0mg,0mg,,,,,
104,,豌豆粉丝,,,,,1536kJ,0g,0g,0mg,,91g,0g,0μg,8μg,0μg,0mg,0mg,0mg,0mg,0mg,10mg,9mg,6mg,5mg,4mg,4mg,0mg,0μg,0mg,0mg,,,,,
105,,粉条,,,,,1410kJ,0g,0g,0mg,,84g,1g,1μg,14μg,0μg,0mg,0mg,0mg,0mg,0mg,35mg,23mg,18mg,10mg,11mg,5mg,1mg,2μg,0mg,0mg,,,,,
106,,黄豆[大豆],,,,,1502kJ,35g,16g,0mg,,19g,16g,5μg,10μg,37μg,19mg,0mg,0mg,2mg,0mg,191mg,465mg,1503mg,2mg,199mg,8mg,3mg,6μg,1mg,2mg,,,,,
107,,黑豆[黑大豆],,,,,1594kJ,36g,16g,0mg,,23g,10g,5μg,10μg,5μg,17mg,0mg,0mg,2mg,0mg,224mg,500mg,1377mg,3mg,243mg,7mg,4mg,7μg,2mg,3mg,,,,,
108,,青豆[青大豆],,,,,1561kJ,34g,16g,0mg,,23g,13g,5μg,10μg,132μg,10mg,0mg,0mg,3mg,0mg,200mg,395mg,718mg,2mg,128mg,8mg,3mg,6μg,1mg,2mg,,,,,
109,,黄豆粉,,,,,1749kJ,33g,18g,0mg,,31g,7g,5μg,7μg,63μg,34mg,0mg,0mg,2mg,0mg,207mg,395mg,1890mg,4mg,129mg,8mg,4mg,2μg,1mg,2mg,,,,,
110,,豆腐花[豆腐粉],,,,,1678kJ,10g,3g,0mg,,84g,0g,2μg,2μg,42μg,5mg,0mg,0mg,0mg,0mg,175mg,95mg,339mg,0mg,60mg,3mg,1mg,2μg,0mg,1mg,,,,,
111,,豆浆粉,,,,,1766kJ,20g,9g,0mg,,65g,2g,3μg,2μg,0μg,18mg,0mg,0mg,1mg,0mg,101mg,253mg,771mg,26mg,122mg,4mg,2mg,3μg,1mg,1mg,,,,,
112,,豆粕,,,,,1297kJ,42g,2g,0mg,,30g,8g,6μg,12μg,0μg,6mg,0mg,0mg,2mg,0mg,154mg,28mg,1391mg,76mg,158mg,15mg,0mg,2μg,1mg,2mg,,,,,
113,,豆粕(膨化)[大豆蛋白],,,,,1343kJ,37g,1g,0mg,,42g,6g,5μg,9μg,0μg,1mg,0mg,0mg,6mg,0mg,144mg,161mg,950mg,3mg,60mg,10mg,3mg,3μg,1mg,2mg,,,,,
114,,豆腐(均值),,,,,339kJ,8g,4g,0mg,,4g,0g,1μg,83μg,0μg,3mg,0mg,0mg,0mg,0mg,164mg,119mg,125mg,7mg,27mg,2mg,1mg,2μg,0mg,0mg,,,,,
115,,豆腐(北),,,,,410kJ,12g,5g,0mg,,2g,0g,1μg,80μg,5μg,7mg,0mg,0mg,0mg,0mg,138mg,158mg,106mg,7mg,63mg,2mg,1mg,2μg,0mg,1mg,,,,,
116,,豆腐(南)[南豆腐],,,,,238kJ,6g,2g,0mg,,2g,0g,1μg,88μg,0μg,4mg,0mg,0mg,1mg,0mg,116mg,90mg,154mg,3mg,36mg,2mg,1mg,3μg,0mg,0mg,,,,,
117,,豆腐(内酯),,,,,205kJ,5g,2g,0mg,,3g,0g,1μg,89μg,0μg,3mg,0mg,0mg,0mg,0mg,17mg,57mg,95mg,6mg,24mg,1mg,1mg,1μg,0mg,0mg,,,,,
118,,豆腐脑[老豆腐],,,,,63kJ,2g,1g,0mg,,0g,0g,1μg,97μg,0μg,10mg,0mg,0mg,0mg,0mg,18mg,5mg,107mg,3mg,28mg,1mg,0mg,0μg,0mg,0mg,,,,,
119,,豆浆,,,,,59kJ,2g,1g,0mg,,0g,1g,0μg,96μg,15μg,1mg,0mg,0mg,0mg,0mg,10mg,30mg,48mg,3mg,9mg,0mg,0mg,0μg,0mg,0mg,,,,,
120,,豆奶[豆乳],,,,,126kJ,2g,2g,5mg,,2g,0g,0μg,94μg,0μg,4mg,0mg,0mg,0mg,0mg,23mg,35mg,92mg,3mg,7mg,1mg,0mg,1μg,6mg,0mg,,,,,
121,,豆汁(生),,,,,42kJ,1g,0g,0mg,,1g,0g,0μg,97μg,0μg,0mg,0mg,0mg,0mg,0mg,8mg,21mg,47mg,6mg,6mg,0mg,0mg,0μg,0mg,0mg,,,,,
122,,酸豆奶,,,,,280kJ,2g,1g,0mg,,12g,0g,0μg,84μg,0μg,1mg,0mg,0mg,1mg,0mg,32mg,22mg,70mg,19mg,16mg,0mg,0mg,0μg,0mg,0mg,,,,,
123,,豆腐丝,,,,,841kJ,22g,10g,0mg,,5g,1g,3μg,58μg,5μg,10mg,0mg,0mg,0mg,0mg,204mg,220mg,74mg,21mg,127mg,9mg,2mg,1μg,0mg,2mg,,,,,
124,,豆腐丝(干),,,,,1887kJ,58g,23g,0mg,,4g,0g,8μg,7μg,0μg,8mg,0mg,1mg,0mg,0mg,5mg,74mg,7mg,110mg,0mg,1mg,4mg,3μg,0mg,2mg,,,,,
125,,豆腐丝(油),,,,,1255kJ,24g,17g,0mg,,12g,2g,6μg,38μg,3μg,18mg,0mg,0mg,2mg,0mg,152mg,423mg,208mg,769mg,93mg,5mg,3mg,6μg,0mg,1mg,,,,,
126,,豆腐卷,,,,,841kJ,18g,12g,0mg,,6g,1g,2μg,62μg,30μg,28mg,0mg,0mg,0mg,0mg,156mg,288mg,82mg,81mg,152mg,6mg,3mg,3μg,0mg,2mg,,,,,
127,,豆腐皮,,,,,1711kJ,45g,17g,0mg,,19g,0g,3μg,16μg,0μg,21mg,0mg,0mg,2mg,0mg,116mg,318mg,536mg,9mg,111mg,14mg,4mg,2μg,2mg,4mg,,,,,
128,,油豆腐,,,,,1021kJ,17g,18g,0mg,,4g,1g,2μg,59μg,5μg,25mg,0mg,0mg,0mg,0mg,147mg,238mg,158mg,32mg,72mg,5mg,2mg,1μg,0mg,1mg,,,,,
129,,腐竹,,,,,1920kJ,45g,22g,0mg,,21g,1g,4μg,8μg,0μg,28mg,0mg,0mg,1mg,0mg,77mg,284mg,553mg,26mg,71mg,16mg,4mg,7μg,1mg,3mg,,,,,
130,,枝竹,,,,,1975kJ,44g,25g,0mg,,18g,3g,3μg,7μg,0μg,27mg,0mg,0mg,1mg,0mg,49mg,490mg,837mg,83mg,162mg,11mg,3mg,6μg,1mg,3mg,,,,,
131,,千张[百页],,,,,1088kJ,24g,16g,0mg,,4g,1g,2μg,52μg,5μg,23mg,0mg,0mg,0mg,0mg,313mg,309mg,94mg,21mg,80mg,6mg,3mg,2μg,0mg,2mg,,,,,
132,,豆腐干(均值),,,,,586kJ,16g,4g,0mg,,11g,1g,4μg,65μg,0μg,0mg,0mg,0mg,0mg,0mg,308mg,273mg,140mg,76mg,64mg,5mg,2mg,0μg,1mg,1mg,,,,,
133,,豆腐干(菜干),,,,,569kJ,13g,7g,0mg,,5g,0g,3μg,71μg,0μg,1mg,0mg,0mg,0mg,0mg,179mg,79mg,70mg,634mg,81mg,3mg,1mg,0μg,0mg,1mg,,,,,
134,,豆腐干(臭干),,,,,414kJ,10g,5g,0mg,,4g,0g,3μg,78μg,0μg,0mg,0mg,0mg,0mg,0mg,720mg,166mg,136mg,34mg,40mg,4mg,1mg,3μg,0mg,1mg,,,,,
135,,豆腐干(酱油干),,,,,653kJ,15g,9g,0mg,,4g,0g,2μg,70μg,0μg,16mg,0mg,0mg,0mg,0mg,413mg,188mg,130mg,90mg,46mg,6mg,1mg,0μg,1mg,1mg,,,,,
136,,豆腐干(卤干),,,,,1406kJ,14g,17g,0mg,,32g,2g,3μg,32μg,0μg,0mg,0mg,0mg,0mg,0mg,731mg,162mg,134mg,41mg,43mg,4mg,4mg,0μg,1mg,1mg,,,,,
137,,豆腐干(蒲包干),,,,,565kJ,12g,6g,0mg,,9g,0g,1μg,72μg,0μg,14mg,0mg,0mg,0mg,0mg,134mg,57mg,236mg,633mg,21mg,9mg,2mg,0μg,0mg,1mg,,,,,
138,,豆腐干(香干),,,,,632kJ,16g,8g,0mg,,4g,1g,2μg,69μg,7μg,16mg,0mg,0mg,0mg,0mg,299mg,219mg,99mg,234mg,88mg,6mg,2mg,3μg,0mg,1mg,,,,,
139,,豆腐干(小香干),,,,,728kJ,18g,9g,0mg,,5g,0g,7μg,61μg,0μg,7mg,0mg,0mg,0mg,0mg,1019mg,177mg,141mg,372mg,87mg,23mg,3mg,24μg,0mg,2mg,,,,,
140,,豆腐干(熏干),,,,,640kJ,16g,6g,0mg,,8g,0g,2μg,68μg,2μg,7mg,0mg,0mg,1mg,0mg,173mg,109mg,136mg,233mg,109mg,4mg,2mg,9μg,0mg,1mg,,,,,
141,,豆肝尖,,,,,803kJ,17g,12g,0mg,,4g,6g,4μg,58μg,0μg,38mg,0mg,0mg,0mg,0mg,5mg,209mg,24mg,614mg,25mg,7mg,2mg,3μg,0mg,1mg,,,,,
142,,素大肠,,,,,640kJ,18g,4g,0mg,,12g,1g,2μg,63μg,0μg,0mg,0mg,0mg,0mg,0mg,445mg,249mg,179mg,145mg,56mg,4mg,4mg,0μg,1mg,1mg,,,,,
143,,素火腿,,,,,883kJ,19g,13g,0mg,,4g,1g,8μg,55μg,0μg,26mg,0mg,0mg,0mg,0mg,8mg,115mg,24mg,676mg,25mg,7mg,2mg,3μg,0mg,2mg,,,,,
144,,素鸡,,,,,803kJ,16g,12g,0mg,,3g,1g,2μg,64μg,10μg,18mg,0mg,0mg,0mg,0mg,319mg,180mg,42mg,374mg,61mg,5mg,2mg,7μg,0mg,1mg,,,,,
145,,素鸡丝卷,,,,,778kJ,11g,14g,0mg,,4g,6g,2μg,64μg,5μg,28mg,0mg,0mg,0mg,0mg,103mg,261mg,56mg,0mg,121mg,6mg,2mg,2μg,0mg,2mg,,,,,
146,,素什锦,,,,,724kJ,14g,10g,0mg,,6g,2g,2μg,65μg,0μg,10mg,0mg,0mg,0mg,0mg,174mg,186mg,143mg,475mg,45mg,6mg,1mg,3μg,0mg,1mg,,,,,
147,,炸素虾,,,,,2410kJ,28g,44g,0mg,,17g,3g,5μg,3μg,0μg,51mg,0mg,0mg,2mg,0mg,251mg,245mg,211mg,1440mg,110mg,6mg,2mg,4μg,0mg,1mg,,,,,
148,,烤麸,,,,,506kJ,20g,0g,0mg,,9g,0g,1μg,69μg,0μg,0mg,0mg,0mg,1mg,0mg,30mg,72mg,25mg,230mg,38mg,3mg,1mg,0μg,0mg,1mg,,,,,
149,,绿豆,,,,,1322kJ,22g,1g,0mg,,56g,6g,3μg,12μg,22μg,11mg,0mg,0mg,2mg,0mg,81mg,337mg,787mg,3mg,125mg,6mg,2mg,4μg,1mg,1mg,,,,,
150,,绿豆面,,,,,1381kJ,21g,1g,0mg,,60g,6g,3μg,10μg,15μg,0mg,0mg,0mg,1mg,0mg,134mg,304mg,1055mg,3mg,0mg,8mg,3mg,11μg,2mg,0mg,,,,,
151,,绿豆饼[饼折],,,,,510kJ,15g,1g,0mg,,13g,0g,1μg,70μg,0μg,0mg,0mg,0mg,0mg,0mg,18mg,25mg,16mg,3mg,2mg,1mg,0mg,0μg,0mg,0mg,,,,,
152,,赤小豆[小豆，红小豆],,,,,1293kJ,20g,1g,0mg,,56g,8g,3μg,13μg,13μg,14mg,0mg,0mg,2mg,0mg,74mg,305mg,860mg,2mg,138mg,7mg,2mg,4μg,1mg,1mg,,,,,
153,,小豆粥,,,,,255kJ,1g,0g,0mg,,13g,1g,0μg,84μg,0μg,0mg,0mg,0mg,0mg,0mg,13mg,14mg,45mg,2mg,17mg,1mg,0mg,0μg,0mg,0mg,,,,,
154,,豆沙,,,,,1017kJ,6g,2g,0mg,,51g,2g,1μg,39μg,0μg,4mg,0mg,0mg,0mg,0mg,42mg,68mg,139mg,24mg,2mg,8mg,0mg,1μg,0mg,0mg,,,,,
155,,红豆馅,,,,,1004kJ,5g,4g,0mg,,47g,8g,1μg,36μg,0μg,9mg,0mg,0mg,2mg,0mg,2mg,89mg,226mg,3mg,13mg,1mg,1mg,1μg,0mg,0mg,,,,,
156,,花豆(红),,,,,1326kJ,19g,1g,0mg,,57g,6g,2μg,15μg,72μg,6mg,0mg,0mg,3mg,0mg,38mg,48mg,358mg,12mg,17mg,0mg,1mg,19μg,1mg,1mg,,,,,
157,,花豆(紫),,,,,1318kJ,17g,1g,0mg,,58g,7g,2μg,13μg,47μg,10mg,0mg,0mg,3mg,0mg,221mg,169mg,641mg,20mg,120mg,6mg,3mg,74μg,1mg,1mg,,,,,
158,,芸豆(白),,,,,1238kJ,23g,1g,0mg,,47g,10g,4μg,14μg,0μg,6mg,0mg,0mg,2mg,0mg,0mg,0mg,0mg,0mg,0mg,0mg,0mg,0μg,0mg,0mg,,,,,
159,,芸豆(红),,,,,1314kJ,21g,1g,0mg,,54g,8g,4μg,11μg,30μg,8mg,0mg,0mg,2mg,0mg,176mg,218mg,1215mg,1mg,164mg,5mg,2mg,5μg,1mg,1mg,,,,,
160,,芸豆(虎皮),,,,,1397kJ,22g,1g,0mg,,59g,4g,4μg,10μg,0μg,6mg,0mg,0mg,2mg,0mg,156mg,66mg,809mg,3mg,31mg,2mg,1mg,10μg,1mg,1mg,,,,,
161,,芸豆(杂，带皮),,,,,1280kJ,22g,1g,0mg,,53g,10g,4μg,10μg,0μg,0mg,0mg,0mg,0mg,0mg,349mg,386mg,1058mg,10mg,197mg,9mg,2mg,14μg,1mg,1mg,,,,,
162,,蚕豆,,,,,1402kJ,22g,1g,0mg,,60g,2g,3μg,13μg,0μg,2mg,0mg,0mg,2mg,2mg,31mg,418mg,1117mg,86mg,57mg,8mg,3mg,1μg,1mg,1mg,,,,,
163,,蚕豆(带皮),,,,,1272kJ,25g,1g,0mg,,49g,11g,3μg,12μg,8μg,5mg,0mg,0mg,2mg,0mg,49mg,339mg,992mg,21mg,113mg,3mg,5mg,4μg,1mg,1mg,,,,,
164,,蚕豆(去皮),,,,,1431kJ,25g,2g,0mg,,56g,2g,3μg,11μg,50μg,7mg,0mg,0mg,2mg,0mg,54mg,181mg,801mg,2mg,94mg,2mg,3mg,5μg,1mg,1mg,,,,,
165,,马牙大豆,,,,,1343kJ,27g,1g,0mg,,51g,8g,3μg,10μg,0μg,2mg,1mg,0mg,0mg,0mg,7mg,510mg,181mg,87mg,89mg,1mg,3mg,1μg,3mg,1mg,,,,,
166,,脑豆,,,,,1506kJ,23g,4g,0mg,,58g,2g,2μg,11μg,0μg,19mg,0mg,0mg,3mg,0mg,327mg,354mg,686mg,12mg,171mg,8mg,2mg,7μg,1mg,2mg,,,,,
167,,蚕豆(烤),,,,,1556kJ,27g,2g,0mg,,62g,2g,3μg,4μg,18μg,5mg,0mg,0mg,5mg,0mg,229mg,454mg,1083mg,11mg,138mg,5mg,3mg,5μg,1mg,1mg,,,,,
168,,蚕豆(炸)[开花豆],,,,,1866kJ,27g,20g,0mg,,40g,0g,2μg,10μg,0μg,5mg,0mg,0mg,8mg,0mg,207mg,330mg,742mg,548mg,69mg,4mg,3mg,2μg,1mg,0mg,,,,,
169,,扁豆,,,,,1364kJ,25g,0g,0mg,,55g,6g,2μg,10μg,5μg,2mg,0mg,0mg,3mg,0mg,137mg,218mg,439mg,2mg,92mg,19mg,2mg,32μg,1mg,1mg,,,,,
170,,扁豆(白),,,,,1075kJ,19g,1g,0mg,,42g,13g,5μg,19μg,0μg,1mg,0mg,0mg,1mg,0mg,68mg,340mg,1070mg,1mg,163mg,4mg,2mg,1μg,1mg,1mg,,,,,
171,,眉豆[饭豇豆],,,,,1339kJ,19g,1g,0mg,,59g,7g,3μg,12μg,0μg,12mg,0mg,0mg,2mg,0mg,60mg,310mg,525mg,86mg,171mg,6mg,5mg,3μg,1mg,2mg,,,,,
172,,豇豆,,,,,1347kJ,19g,1g,0mg,,58g,7g,3μg,11μg,10μg,9mg,0mg,0mg,2mg,0mg,40mg,344mg,737mg,7mg,36mg,7mg,3mg,6μg,2mg,1mg,,,,,
173,,豇豆(紫),,,,,1318kJ,19g,0g,0mg,,59g,7g,4μg,11μg,3μg,11mg,0mg,0mg,2mg,0mg,67mg,345mg,500mg,4mg,41mg,8mg,2mg,2μg,1mg,1mg,,,,,
174,,豌豆,,,,,1310kJ,20g,1g,0mg,,55g,10g,2μg,10μg,42μg,8mg,0mg,0mg,2mg,0mg,97mg,259mg,823mg,10mg,118mg,5mg,2mg,2μg,0mg,1mg,,,,,
175,,豌豆(花),,,,,1347kJ,22g,1g,0mg,,57g,7g,2μg,12μg,40μg,10mg,1mg,0mg,2mg,0mg,106mg,218mg,736mg,3mg,112mg,4mg,2mg,10μg,1mg,1mg,,,,,
176,,荆豆,,,,,1657kJ,44g,14g,0mg,,23g,5g,5μg,9μg,42μg,0mg,0mg,0mg,2mg,0mg,207mg,785mg,0mg,0mg,0mg,7mg,0mg,0μg,0mg,0mg,,,,,
177,,木豆[扭豆，豆蓉],,,,,1423kJ,20g,4g,0mg,,55g,4g,6μg,11μg,0μg,0mg,1mg,0mg,0mg,0mg,231mg,528mg,0mg,0mg,0mg,12mg,0mg,0μg,0mg,0mg,,,,,
178,,白萝卜[莱菔],,,,,88kJ,1g,0g,0mg,,4g,1g,1μg,93μg,3μg,1mg,0mg,0mg,0mg,21mg,36mg,26mg,173mg,62mg,16mg,0mg,0mg,1μg,0mg,0mg,,,,,
179,,变萝卜[红皮萝卜],,,,,113kJ,1g,0g,0mg,,5g,1g,1μg,92μg,3μg,2mg,0mg,0mg,1mg,24mg,45mg,33mg,167mg,68mg,22mg,1mg,0mg,1μg,0mg,0mg,,,,,
180,,红旦旦萝卜,,,,,71kJ,1g,0g,0mg,,4g,1g,0μg,94μg,0μg,1mg,0mg,0mg,0mg,4mg,9mg,43mg,63mg,20mg,11mg,3mg,0mg,1μg,0mg,0mg,,,,,
181,,红萝卜,,,,,84kJ,1g,0g,0mg,,4g,1g,0μg,94μg,0μg,1mg,0mg,0mg,0mg,3mg,11mg,26mg,110mg,63mg,16mg,3mg,1mg,0μg,0mg,0mg,,,,,
182,,红心萝卜,,,,,159kJ,1g,0g,0mg,,8g,1g,1μg,88μg,13μg,0mg,0mg,0mg,0mg,20mg,86mg,30mg,385mg,49mg,23mg,1mg,1mg,1μg,0mg,0mg,,,,,
183,,花叶萝卜,,,,,180kJ,1g,0g,0mg,,9g,2g,0μg,87μg,0μg,0mg,0mg,0mg,0mg,3mg,16mg,25mg,104mg,47mg,20mg,3mg,1mg,0μg,0mg,0mg,,,,,
184,,青萝卜,,,,,130kJ,1g,0g,0mg,,6g,1g,1μg,91μg,10μg,0mg,0mg,0mg,0mg,14mg,40mg,34mg,232mg,70mg,12mg,1mg,0mg,1μg,0mg,0mg,,,,,
185,,水萝卜[脆萝卜],,,,,84kJ,1g,0g,0mg,,4g,1g,1μg,93μg,42μg,0mg,0mg,0mg,0mg,45mg,0mg,0mg,0mg,10mg,0mg,0mg,0mg,0μg,0mg,0mg,,,,,
186,,小水萝卜[算盘子，红皮萝卜],,,,,79kJ,1g,0g,0mg,,3g,1g,1μg,94μg,3μg,1mg,0mg,0mg,0mg,22mg,32mg,21mg,286mg,34mg,17mg,0mg,0mg,1μg,0mg,0mg,,,,,
187,,心里美萝卜,,,,,88kJ,1g,0g,0mg,,4g,1g,1μg,94μg,2μg,0mg,0mg,0mg,0mg,23mg,68mg,24mg,116mg,85mg,34mg,0mg,0mg,1μg,0mg,0mg,,,,,
188,,胡萝卜(红)[金笋，丁香萝卜],,,,,155kJ,1g,0g,0mg,,8g,1g,1μg,89μg,688μg,0mg,0mg,0mg,1mg,13mg,32mg,27mg,190mg,71mg,14mg,1mg,0mg,1μg,0mg,0mg,,,,,
189,,胡萝卜(黄),,,,,180kJ,1g,0g,0mg,,9g,1g,1μg,87μg,668μg,0mg,0mg,0mg,0mg,16mg,32mg,16mg,193mg,25mg,7mg,0mg,0mg,3μg,0mg,0mg,,,,,
190,,胡萝卜(脱水),,,,,1339kJ,4g,2g,0mg,,72g,6g,5μg,11μg,2875μg,0mg,0mg,0mg,3mg,32mg,458mg,118mg,1117mg,301mg,82mg,8mg,2mg,4μg,1mg,1mg,,,,,
191,,芥菜头[大头菜，水芥],,,,,138kJ,2g,0g,0mg,,6g,1g,1μg,90μg,0μg,0mg,0mg,0mg,1mg,34mg,65mg,36mg,243mg,66mg,19mg,1mg,0mg,1μg,0mg,0mg,,,,,
192,,苤蓝[玉蔓菁，球茎甘蓝],,,,,126kJ,1g,0g,0mg,,6g,1g,1μg,91μg,3μg,0mg,0mg,0mg,0mg,41mg,25mg,46mg,190mg,30mg,24mg,0mg,0mg,0μg,0mg,0mg,,,,,
193,,甜菜根[甜菜头，糖萝卜],,,,,314kJ,1g,0g,0mg,,18g,6g,1μg,75μg,0μg,2mg,0mg,0mg,0mg,8mg,56mg,18mg,254mg,21mg,38mg,1mg,0mg,0μg,0mg,1mg,,,,,
194,,扁豆[月亮菜],,,,,155kJ,3g,0g,0mg,,6g,2g,1μg,88μg,25μg,0mg,0mg,0mg,1mg,13mg,38mg,54mg,178mg,4mg,34mg,2mg,1mg,1μg,0mg,0mg,,,,,
195,,蚕豆,,,,,1402kJ,22g,1g,0mg,,60g,2g,3μg,13μg,0μg,2mg,0mg,0mg,2mg,2mg,31mg,418mg,1117mg,86mg,57mg,8mg,3mg,1μg,1mg,1mg,,,,,
196,,刀豆,,,,,151kJ,3g,0g,0mg,,5g,2g,1μg,89μg,37μg,0mg,0mg,0mg,1mg,15mg,49mg,57mg,209mg,8mg,29mg,5mg,1mg,1μg,0mg,0mg,,,,,
197,,豆角,,,,,126kJ,2g,0g,0mg,,5g,2g,1μg,90μg,33μg,2mg,0mg,0mg,1mg,18mg,29mg,55mg,207mg,3mg,35mg,2mg,1mg,2μg,0mg,0mg,,,,,
198,,豆角(白),,,,,126kJ,2g,0g,0mg,,5g,3g,0μg,90μg,97μg,2mg,0mg,0mg,1mg,39mg,26mg,40mg,192mg,10mg,28mg,1mg,1mg,2μg,0mg,1mg,,,,,
199,,荷兰豆,,,,,113kJ,2g,0g,0mg,,4g,1g,0μg,92μg,80μg,0mg,0mg,0mg,1mg,16mg,51mg,19mg,116mg,9mg,16mg,1mg,0mg,0μg,0mg,0mg,,,,,
200,,龙豆,,,,,134kJ,4g,0g,0mg,,3g,2g,1μg,90μg,87μg,1mg,0mg,0mg,1mg,11mg,147mg,54mg,142mg,4mg,46mg,1mg,0mg,4μg,0mg,0mg,,,,,
201,,龙牙豆[玉豆],,,,,71kJ,3g,0g,0mg,,1g,1g,0μg,94μg,87μg,0mg,0mg,1mg,1mg,12mg,30mg,38mg,200mg,2mg,20mg,1mg,0mg,6μg,0mg,1mg,,,,,
202,,毛豆[青豆，菜用大豆],,,,,515kJ,13g,5g,0mg,,6g,4g,2μg,70μg,22μg,2mg,0mg,0mg,1mg,27mg,135mg,188mg,478mg,4mg,70mg,4mg,2mg,2μg,1mg,1mg,,,,,
203,,四季豆[菜豆],,,,,117kJ,2g,0g,0mg,,4g,2g,1μg,91μg,35μg,1mg,0mg,0mg,0mg,6mg,42mg,51mg,123mg,9mg,27mg,2mg,0mg,0μg,0mg,0mg,,,,,
204,,豌豆(带荚)[回回豆],,,,,439kJ,7g,0g,0mg,,18g,3g,1μg,70μg,37μg,1mg,0mg,0mg,2mg,14mg,21mg,127mg,332mg,1mg,43mg,2mg,1mg,2μg,0mg,1mg,,,,,
205,,豌豆尖,,,,,933kJ,3g,0g,0mg,,53g,1g,1μg,42μg,452μg,0mg,0mg,0mg,0mg,11mg,17mg,65mg,160mg,3mg,24mg,5mg,1mg,2μg,0mg,1mg,,,,,
206,,油豆角[多花菜豆],,,,,92kJ,2g,0g,0mg,,2g,2g,1μg,92μg,27μg,2mg,0mg,0mg,1mg,11mg,69mg,56mg,240mg,3mg,35mg,2mg,0mg,1μg,1mg,0mg,,,,,
207,,垅船豆,,,,,142kJ,2g,0g,0mg,,6g,1g,0μg,90μg,13μg,0mg,0mg,0mg,0mg,13mg,37mg,0mg,192mg,1mg,22mg,1mg,0mg,0μg,0mg,0mg,,,,,
208,,芸豆,,,,,105kJ,1g,0g,0mg,,5g,2g,1μg,91μg,40μg,0mg,0mg,0mg,1mg,9mg,88mg,37mg,112mg,4mg,16mg,1mg,1mg,0μg,0mg,0mg,,,,,
209,,豇豆,,,,,1347kJ,19g,1g,0mg,,58g,7g,3μg,11μg,10μg,9mg,0mg,0mg,2mg,0mg,40mg,344mg,737mg,7mg,36mg,7mg,3mg,6μg,2mg,1mg,,,,,
210,,豇豆(长),,,,,121kJ,3g,0g,0mg,,4g,2g,0μg,91μg,20μg,1mg,0mg,0mg,1mg,18mg,42mg,50mg,145mg,5mg,43mg,1mg,1mg,1μg,0mg,0mg,,,,,
211,,发芽豆,,,,,536kJ,12g,1g,0mg,,18g,1g,1μg,66μg,0μg,3mg,0mg,0mg,2mg,4mg,41mg,134mg,179mg,4mg,1mg,5mg,1mg,1μg,0mg,0mg,,,,,
212,,黄豆芽,,,,,184kJ,4g,2g,0mg,,3g,2g,1μg,89μg,5μg,1mg,0mg,0mg,1mg,8mg,21mg,74mg,160mg,7mg,21mg,1mg,1mg,1μg,0mg,0mg,,,,,
213,,绿豆芽,,,,,75kJ,2g,0g,0mg,,2g,1g,0μg,95μg,3μg,0mg,0mg,0mg,0mg,6mg,9mg,37mg,68mg,4mg,18mg,1mg,0mg,0μg,0mg,0mg,,,,,
214,,豌豆苗,,,,,142kJ,4g,1g,0mg,,3g,2g,1μg,90μg,445μg,2mg,0mg,0mg,1mg,67mg,40mg,67mg,222mg,18mg,21mg,4mg,1mg,1μg,0mg,1mg,,,,,
215,,茄子(均值),,,,,88kJ,1g,0g,0mg,,4g,1g,0μg,93μg,8μg,1mg,0mg,0mg,1mg,5mg,24mg,23mg,142mg,5mg,13mg,0mg,0mg,0μg,0mg,0mg,,,,,
216,,茄子(绿皮),,,,,105kJ,1g,1g,0mg,,4g,1g,0μg,93μg,20μg,1mg,0mg,0mg,1mg,7mg,12mg,26mg,162mg,7mg,13mg,0mg,0mg,1μg,0mg,0mg,,,,,
217,,茄子(圆),,,,,117kJ,2g,0g,0mg,,5g,2g,0μg,91μg,0μg,1mg,0mg,0mg,0mg,1mg,5mg,19mg,112mg,3mg,17mg,2mg,0mg,0μg,0mg,0mg,,,,,
218,,茄子(紫皮，长),,,,,79kJ,1g,0g,0mg,,4g,2g,0μg,93μg,30μg,0mg,0mg,0mg,1mg,7mg,55mg,28mg,136mg,6mg,15mg,0mg,0mg,1μg,0mg,0mg,,,,,
219,,番茄[西红柿],,,,,79kJ,1g,0g,0mg,,4g,0g,0μg,94μg,92μg,1mg,0mg,0mg,1mg,19mg,10mg,23mg,163mg,5mg,9mg,0mg,0mg,0μg,0mg,0mg,,,,,
220,,番茄(整个，罐头),,,,,88kJ,2g,1g,0mg,,2g,1g,1μg,94μg,192μg,2mg,0mg,0mg,1mg,5mg,31mg,22mg,197mg,247mg,12mg,0mg,0mg,0μg,0mg,0mg,,,,,
221,,奶柿子[西红柿],,,,,54kJ,1g,0g,0mg,,2g,1g,0μg,96μg,88μg,1mg,0mg,0mg,1mg,8mg,15mg,21mg,163mg,8mg,9mg,0mg,0mg,0μg,0mg,0mg,,,,,
222,,辣椒(红，尖，干),,,,,887kJ,15g,12g,0mg,,11g,42g,6μg,15μg,0μg,9mg,1mg,0mg,1mg,0mg,12mg,298mg,1085mg,4mg,131mg,6mg,8mg,0μg,1mg,12mg,,,,,
223,,辣椒(红，小),,,,,134kJ,1g,0g,0mg,,6g,3g,1μg,89μg,232μg,0mg,0mg,0mg,1mg,144mg,37mg,95mg,222mg,3mg,16mg,1mg,0mg,2μg,0mg,0mg,,,,,
224,,辣椒(青，尖),,,,,96kJ,1g,0g,0mg,,4g,2g,1μg,92μg,57μg,1mg,0mg,0mg,0mg,62mg,15mg,33mg,209mg,2mg,15mg,1mg,0mg,1μg,0mg,0mg,,,,,
225,,甜椒[灯笼椒，柿子椒],,,,,92kJ,1g,0g,0mg,,4g,1g,0μg,93μg,57μg,1mg,0mg,0mg,1mg,72mg,14mg,20mg,142mg,3mg,12mg,1mg,0mg,0μg,0mg,0mg,,,,,
226,,甜椒(脱水),,,,,1284kJ,8g,0g,0mg,,68g,8g,5μg,10μg,2818μg,6mg,0mg,0mg,4mg,846mg,130mg,106mg,1443mg,26mg,145mg,7mg,2mg,3μg,1mg,1mg,,,,,
227,,葫子,,,,,113kJ,1g,0g,0mg,,6g,1g,0μg,92μg,163μg,1mg,0mg,0mg,1mg,29mg,49mg,27mg,73mg,1mg,10mg,0mg,1mg,4μg,1mg,0mg,,,,,
228,,秋葵[黄秋葵，羊角豆],,,,,155kJ,2g,0g,0mg,,7g,4g,1μg,86μg,52μg,1mg,0mg,0mg,1mg,4mg,45mg,65mg,95mg,4mg,29mg,0mg,0mg,1μg,0mg,0mg,,,,,
229,,白瓜,,,,,42kJ,1g,0g,0mg,,2g,1g,0μg,96μg,0μg,0mg,0mg,0mg,0mg,16mg,6mg,11mg,70mg,1mg,8mg,0mg,0mg,1μg,0mg,0mg,,,,,
230,,菜瓜[生瓜，白瓜],,,,,75kJ,1g,0g,0mg,,4g,0g,0μg,95μg,3μg,0mg,0mg,0mg,0mg,12mg,20mg,14mg,136mg,2mg,15mg,0mg,0mg,1μg,0mg,0mg,,,,,
231,,冬瓜,,,,,46kJ,0g,0g,0mg,,2g,1g,0μg,97μg,13μg,0mg,0mg,0mg,0mg,18mg,19mg,12mg,78mg,2mg,8mg,0mg,0mg,0μg,0mg,0mg,,,,,
232,,方瓜,,,,,54kJ,1g,0g,0mg,,2g,1g,0μg,96μg,23μg,0mg,0mg,0mg,1mg,2mg,40mg,13mg,4mg,4mg,9mg,0mg,1mg,0μg,0mg,0mg,,,,,
233,,佛手瓜[棒瓜，菜肴梨],,,,,67kJ,1g,0g,0mg,,3g,1g,1μg,94μg,3μg,0mg,0mg,0mg,0mg,8mg,17mg,18mg,76mg,1mg,10mg,0mg,0mg,1μg,0mg,0mg,,,,,
234,,葫芦[长瓜，蒲瓜，瓠瓜],,,,,63kJ,1g,0g,0mg,,3g,1g,0μg,95μg,7μg,0mg,0mg,0mg,0mg,11mg,16mg,15mg,87mg,1mg,7mg,0mg,0mg,0μg,0mg,0mg,,,,,
235,,葫芦条(干),,,,,916kJ,4g,2g,0mg,,46g,18g,4μg,25μg,0μg,0mg,0mg,0mg,1mg,0mg,114mg,187mg,480mg,36mg,80mg,8mg,3mg,2μg,1mg,2mg,,,,,
236,,黄瓜[胡瓜],,,,,63kJ,1g,0g,0mg,,2g,0g,0μg,96μg,15μg,0mg,0mg,0mg,0mg,9mg,24mg,24mg,102mg,5mg,15mg,0mg,0mg,0μg,0mg,0mg,,,,,
237,,节瓜[毛瓜],,,,,50kJ,1g,0g,0mg,,2g,1g,0μg,96μg,0μg,0mg,0mg,0mg,0mg,39mg,4mg,13mg,40mg,0mg,7mg,0mg,0mg,0μg,0mg,0mg,,,,,
238,,金瓜,,,,,59kJ,0g,0g,0mg,,3g,1g,0μg,96μg,10μg,0mg,0mg,0mg,1mg,2mg,17mg,10mg,152mg,1mg,8mg,1mg,0mg,0μg,0mg,0mg,,,,,
239,,金丝瓜[裸瓣瓜],,,,,155kJ,3g,2g,0mg,,1g,1g,1μg,92μg,2μg,0mg,0mg,0mg,1mg,1mg,25mg,28mg,90mg,2mg,13mg,0mg,2mg,1μg,0mg,0mg,,,,,
240,,苦瓜[凉瓜，癞瓜],,,,,79kJ,1g,0g,0mg,,4g,1g,1μg,93μg,17μg,1mg,0mg,0mg,0mg,56mg,14mg,35mg,256mg,2mg,18mg,1mg,0mg,0μg,0mg,0mg,,,,,
241,,南瓜[倭瓜，番瓜],,,,,92kJ,1g,0g,0mg,,4g,1g,0μg,94μg,148μg,0mg,0mg,0mg,0mg,8mg,16mg,24mg,145mg,1mg,8mg,0mg,0mg,0μg,0mg,0mg,,,,,
242,,南瓜粉,,,,,1339kJ,7g,2g,0mg,,68g,12g,5μg,6μg,10μg,27mg,0mg,1mg,12mg,7mg,171mg,307mg,411mg,84mg,18mg,28mg,1mg,2μg,1mg,1mg,,,,,
243,,蛇瓜[蛇豆，大豆角],,,,,63kJ,2g,0g,0mg,,2g,2g,0μg,94μg,3μg,0mg,0mg,0mg,0mg,4mg,191mg,14mg,763mg,2mg,47mg,1mg,0mg,0μg,0mg,0mg,,,,,
244,,丝瓜,,,,,84kJ,1g,0g,0mg,,4g,1g,0μg,94μg,15μg,0mg,0mg,0mg,0mg,5mg,14mg,29mg,115mg,3mg,11mg,0mg,0mg,1μg,0mg,0mg,,,,,
245,,笋瓜[生瓜],,,,,50kJ,0g,0g,0mg,,2g,1g,0μg,96μg,17μg,0mg,0mg,0mg,0mg,5mg,14mg,27mg,96mg,0mg,7mg,1mg,0mg,0μg,0mg,0mg,,,,,
246,,西葫芦,,,,,75kJ,1g,0g,0mg,,3g,1g,0μg,95μg,5μg,0mg,0mg,0mg,0mg,6mg,15mg,17mg,92mg,5mg,9mg,0mg,0mg,0μg,0mg,0mg,,,,,
247,,面西胡瓜,,,,,42kJ,1g,0g,0mg,,2g,0g,0μg,97μg,97μg,0mg,0mg,0mg,0mg,0mg,14mg,3mg,70mg,1mg,12mg,1mg,0mg,0μg,0mg,0mg,,,,,
248,,小西胡瓜,,,,,92kJ,1g,0g,0mg,,5g,0g,0μg,94μg,0μg,0mg,0mg,0mg,0mg,0mg,5mg,6mg,18mg,2mg,0mg,0mg,0mg,1μg,0mg,0mg,,,,,
249,,大蒜[蒜头],,,,,527kJ,4g,0g,0mg,,26g,1g,1μg,67μg,5μg,1mg,0mg,0mg,1mg,7mg,39mg,117mg,302mg,20mg,21mg,1mg,1mg,3μg,0mg,0mg,,,,,
250,,大蒜(脱水),,,,,1418kJ,13g,0g,0mg,,71g,4g,4μg,7μg,0μg,0mg,0mg,0mg,0mg,79mg,65mg,297mg,798mg,37mg,61mg,7mg,2mg,19μg,1mg,1mg,,,,,
251,,大蒜(紫皮),,,,,569kJ,5g,0g,0mg,,28g,1g,1μg,64μg,3μg,1mg,0mg,0mg,1mg,7mg,10mg,129mg,437mg,8mg,28mg,1mg,1mg,6μg,0mg,0mg,,,,,
252,,青蒜,,,,,126kJ,2g,0g,0mg,,4g,2g,1μg,90μg,98μg,1mg,0mg,0mg,1mg,16mg,24mg,25mg,168mg,9mg,17mg,1mg,0mg,1μg,0mg,0mg,,,,,
253,,蒜黄,,,,,88kJ,2g,0g,0mg,,2g,1g,0μg,93μg,47μg,1mg,0mg,0mg,1mg,18mg,24mg,58mg,168mg,8mg,16mg,1mg,0mg,1μg,0mg,0mg,,,,,
254,,蒜苗,,,,,155kJ,2g,0g,0mg,,6g,2g,1μg,89μg,47μg,1mg,0mg,0mg,0mg,35mg,29mg,44mg,226mg,5mg,18mg,1mg,0mg,1μg,0mg,0mg,,,,,
255,,蒜苔,,,,,255kJ,2g,0g,0mg,,13g,2g,1μg,82μg,80μg,1mg,0mg,0mg,0mg,1mg,19mg,52mg,161mg,4mg,28mg,4mg,1mg,2μg,0mg,0mg,,,,,
256,,大葱,,,,,126kJ,2g,0g,0mg,,5g,1g,0μg,91μg,10μg,0mg,0mg,0mg,0mg,17mg,29mg,38mg,144mg,5mg,19mg,1mg,0mg,1μg,0mg,0mg,,,,,
257,,大葱(红皮),,,,,192kJ,2g,0g,0mg,,9g,1g,1μg,86μg,8μg,0mg,0mg,0mg,0mg,8mg,24mg,53mg,329mg,3mg,18mg,0mg,0mg,7μg,0mg,0mg,,,,,
258,,分葱[四季葱，菜葱],,,,,138kJ,2g,1g,0mg,,4g,1g,0μg,92μg,0μg,0mg,0mg,0mg,1mg,24mg,85mg,32mg,226mg,8mg,21mg,1mg,0mg,0μg,0mg,0mg,,,,,
259,,细香葱[香葱，四季葱],,,,,155kJ,2g,0g,0mg,,6g,1g,0μg,90μg,77μg,0mg,0mg,0mg,0mg,14mg,54mg,61mg,0mg,0mg,0mg,2mg,0mg,0μg,0mg,0mg,,,,,
260,,小葱,,,,,100kJ,2g,0g,0mg,,4g,1g,0μg,93μg,140μg,0mg,0mg,0mg,0mg,21mg,72mg,26mg,143mg,10mg,18mg,1mg,0mg,1μg,0mg,0mg,,,,,
261,,洋葱[葱头],,,,,163kJ,1g,0g,0mg,,8g,1g,0μg,89μg,3μg,0mg,0mg,0mg,0mg,8mg,24mg,39mg,147mg,4mg,15mg,1mg,0mg,1μg,0mg,0mg,,,,,
262,,洋葱(白皮，脱水),,,,,1381kJ,6g,0g,0mg,,76g,6g,3μg,9μg,5μg,0mg,0mg,0mg,1mg,22mg,186mg,78mg,740mg,32mg,49mg,1mg,1mg,4μg,0mg,1mg,,,,,
263,,洋葱(紫皮，脱水),,,,,1356kJ,7g,0g,0mg,,73g,8g,3μg,9μg,3μg,0mg,0mg,0mg,1mg,5mg,351mg,162mg,912mg,77mg,132mg,6mg,1mg,2μg,1mg,1mg,,,,,
264,,韭菜,,,,,109kJ,2g,0g,0mg,,3g,1g,1μg,92μg,235μg,1mg,0mg,0mg,1mg,24mg,42mg,38mg,247mg,8mg,25mg,2mg,0mg,1μg,0mg,0mg,,,,,
265,,韭黄[韭芽],,,,,92kJ,2g,0g,0mg,,3g,1g,0μg,93μg,43μg,0mg,0mg,0mg,1mg,15mg,25mg,48mg,192mg,7mg,12mg,2mg,0mg,1μg,0mg,0mg,,,,,
266,,韭苔,,,,,138kJ,2g,0g,0mg,,6g,2g,0μg,89μg,80μg,1mg,0mg,0mg,0mg,1mg,11mg,29mg,121mg,1mg,22mg,4mg,1mg,2μg,0mg,0mg,,,,,
267,,薤[皎头],,,,,0kJ,0g,0g,0mg,,0g,0g,0μg,81μg,560μg,0mg,0mg,0mg,0mg,27mg,160mg,58mg,120mg,0mg,39mg,4mg,1mg,0μg,0mg,0mg,,,,,
268,,薤白[小根蒜，山蒜，团蒜],,,,,510kJ,3g,0g,0mg,,26g,1g,1μg,68μg,15μg,0mg,0mg,0mg,1mg,36mg,100mg,53mg,0mg,0mg,0mg,5mg,0mg,0μg,0mg,0mg,,,,,
269,,大白菜(均值),,,,,71kJ,2g,0g,0mg,,2g,1g,1μg,95μg,20μg,1mg,0mg,0mg,1mg,31mg,50mg,31mg,0mg,58mg,11mg,1mg,0mg,0μg,0mg,0mg,,,,,
270,,大白菜(白梗)[黄芽白],,,,,88kJ,2g,0g,0mg,,3g,1g,1μg,94μg,42μg,1mg,0mg,0mg,1mg,47mg,69mg,30mg,130mg,89mg,12mg,0mg,0mg,0μg,0mg,0mg,,,,,
271,,大白菜(青白口),,,,,63kJ,1g,0g,0mg,,2g,1g,0μg,95μg,13μg,0mg,0mg,0mg,0mg,28mg,35mg,28mg,90mg,48mg,9mg,1mg,1mg,0μg,0mg,0mg,,,,,
272,,大白菜(小白口),,,,,59kJ,1g,0g,0mg,,2g,1g,1μg,95μg,5μg,0mg,0mg,0mg,0mg,19mg,45mg,35mg,137mg,35mg,11mg,1mg,0mg,1μg,0mg,0mg,,,,,
273,,白菜(脱水),,,,,1197kJ,6g,1g,0mg,,64g,9g,10μg,10μg,0μg,0mg,0mg,0mg,5mg,187mg,908mg,485mg,2269mg,492mg,219mg,14mg,5mg,6μg,1mg,3mg,,,,,
274,,酸白菜[酸菜],,,,,59kJ,1g,0g,0mg,,2g,0g,1μg,95μg,5μg,1mg,0mg,0mg,1mg,2mg,48mg,38mg,104mg,43mg,21mg,2mg,0mg,1μg,0mg,0mg,,,,,
275,,小白菜,,,,,63kJ,2g,0g,0mg,,2g,1g,1μg,94μg,280μg,1mg,0mg,0mg,1mg,28mg,90mg,36mg,178mg,74mg,18mg,2mg,1mg,1μg,0mg,0mg,,,,,
276,,白菜薹[菜薹，菜心],,,,,105kJ,3g,0g,0mg,,2g,2g,1μg,91μg,160μg,1mg,0mg,0mg,1mg,44mg,96mg,54mg,236mg,26mg,19mg,3mg,1mg,7μg,0mg,0mg,,,,,
277,,红菜薹[紫菜薹],,,,,172kJ,3g,2g,0mg,,2g,1g,1μg,91μg,13μg,1mg,0mg,0mg,1mg,57mg,26mg,60mg,221mg,2mg,15mg,2mg,1mg,8μg,0mg,0mg,,,,,
278,,瓢儿白[瓢儿菜],,,,,63kJ,2g,0g,0mg,,2g,2g,1μg,94μg,200μg,0mg,0mg,0mg,0mg,10mg,59mg,36mg,245mg,57mg,91mg,2mg,1mg,3μg,0mg,0mg,,,,,
279,,乌菜[乌塌菜，塌棵菜],,,,,105kJ,3g,0g,0mg,,3g,1g,1μg,92μg,168μg,1mg,0mg,0mg,1mg,45mg,186mg,53mg,154mg,116mg,24mg,3mg,1mg,0μg,0mg,0mg,,,,,
280,,油菜,,,,,96kJ,2g,0g,0mg,,3g,1g,1μg,93μg,103μg,1mg,0mg,0mg,1mg,36mg,108mg,39mg,210mg,56mg,22mg,1mg,0mg,1μg,0mg,0mg,,,,,
281,,油菜(黑),,,,,71kJ,2g,0g,0mg,,2g,1g,1μg,94μg,243μg,1mg,0mg,0mg,0mg,24mg,191mg,34mg,143mg,99mg,34mg,6mg,1mg,0μg,0mg,1mg,,,,,
282,,油菜(脱水),,,,,1251kJ,8g,1g,0mg,,66g,9g,8μg,9μg,577μg,8mg,0mg,0mg,10mg,124mg,596mg,182mg,635mg,405mg,105mg,19mg,5mg,13μg,3mg,1mg,,,,,
283,,油菜(小),,,,,46kJ,1g,0g,0mg,,1g,1g,1μg,96μg,243μg,1mg,0mg,0mg,0mg,7mg,153mg,41mg,157mg,53mg,27mg,4mg,1mg,0μg,0mg,0mg,,,,,
284,,油菜薹[菜薹],,,,,84kJ,3g,0g,0mg,,1g,2g,1μg,92μg,90μg,1mg,0mg,0mg,1mg,65mg,156mg,51mg,192mg,83mg,27mg,3mg,1mg,1μg,0mg,0mg,,,,,
285,,甘蓝[圆白菜，卷心菜],,,,,92kJ,2g,0g,0mg,,4g,1g,0μg,93μg,12μg,0mg,0mg,0mg,0mg,40mg,49mg,26mg,124mg,27mg,12mg,1mg,0mg,1μg,0mg,0mg,,,,,
286,,菜花[花椰菜],,,,,100kJ,2g,0g,0mg,,3g,1g,1μg,92μg,5μg,0mg,0mg,0mg,1mg,61mg,23mg,47mg,200mg,32mg,18mg,1mg,0mg,1μg,0mg,0mg,,,,,
287,,菜花(脱水)[脱水花椰菜],,,,,1197kJ,6g,1g,0mg,,64g,13g,6μg,10μg,0μg,0mg,0mg,0mg,7mg,82mg,185mg,182mg,554mg,264mg,99mg,6mg,2mg,6μg,1mg,1mg,,,,,
288,,西兰花[绿菜花],,,,,138kJ,4g,1g,0mg,,3g,2g,1μg,90μg,1202μg,1mg,0mg,0mg,1mg,51mg,67mg,72mg,17mg,19mg,17mg,1mg,1mg,1μg,0mg,0mg,,,,,
289,,芥菜[雪里红，雪菜],,,,,100kJ,2g,0g,0mg,,3g,2g,1μg,92μg,52μg,1mg,0mg,0mg,0mg,31mg,230mg,47mg,281mg,30mg,24mg,3mg,1mg,1μg,0mg,0mg,,,,,
290,,芥菜(大叶)[盖菜],,,,,59kJ,2g,0g,0mg,,1g,1g,1μg,95μg,283μg,1mg,0mg,0mg,0mg,72mg,28mg,36mg,224mg,29mg,18mg,1mg,0mg,1μg,0mg,1mg,,,,,
291,,芥菜(茎用)[青头菜],,,,,29kJ,1g,0g,0mg,,0g,3g,1μg,95μg,47μg,1mg,0mg,0mg,0mg,7mg,23mg,35mg,316mg,41mg,5mg,1mg,0mg,1μg,0mg,0mg,,,,,
292,,芥菜(小叶)[小芥菜],,,,,100kJ,2g,0g,0mg,,3g,1g,1μg,93μg,242μg,2mg,0mg,0mg,1mg,51mg,80mg,40mg,210mg,39mg,23mg,2mg,0mg,0μg,0mg,0mg,,,,,
293,,芥蓝[甘蓝菜，盖蓝菜],,,,,79kJ,3g,0g,0mg,,1g,2g,1μg,93μg,575μg,1mg,0mg,0mg,1mg,76mg,128mg,50mg,104mg,50mg,18mg,2mg,1mg,1μg,0mg,1mg,,,,,
294,,菠菜[赤根菜],,,,,100kJ,3g,0g,0mg,,3g,2g,1μg,91μg,487μg,2mg,0mg,0mg,1mg,32mg,66mg,47mg,311mg,85mg,58mg,3mg,1mg,1μg,0mg,1mg,,,,,
295,,菠菜(脱水),,,,,1184kJ,6g,1g,0mg,,63g,13g,8μg,9μg,598μg,8mg,0mg,0mg,4mg,82mg,411mg,222mg,919mg,242mg,183mg,26mg,4mg,7μg,2mg,2mg,,,,,
296,,冬寒菜[冬苋菜，冬葵],,,,,126kJ,4g,0g,0mg,,3g,2g,1μg,90μg,1158μg,0mg,0mg,0mg,1mg,20mg,82mg,56mg,280mg,14mg,30mg,2mg,1mg,2μg,0mg,2mg,,,,,
297,,观达菜[根达菜，牛皮菜],,,,,59kJ,2g,0g,0mg,,1g,1g,1μg,95μg,63μg,0mg,0mg,0mg,0mg,23mg,70mg,41mg,222mg,260mg,20mg,1mg,1mg,1μg,0mg,0mg,,,,,
298,,胡萝卜缨(红),,,,,167kJ,2g,0g,0mg,,7g,4g,4μg,82μg,162μg,0mg,0mg,0mg,0mg,41mg,350mg,39mg,493mg,75mg,33mg,8mg,1mg,1μg,0mg,0mg,,,,,
299,,苦菜[节节花，拒马菜],,,,,146kJ,3g,1g,0mg,,5g,5g,1μg,85μg,90μg,3mg,0mg,0mg,1mg,19mg,66mg,41mg,180mg,9mg,37mg,9mg,1mg,0μg,0mg,2mg,,,,,
300,,萝卜缨(白),,,,,59kJ,3g,0g,0mg,,0g,1g,5μg,91μg,0μg,0mg,0mg,0mg,0mg,77mg,0mg,0mg,0mg,0mg,0mg,0mg,0mg,0μg,0mg,0mg,,,,,
301,,萝卜缨(青),,,,,134kJ,3g,0g,0mg,,5g,3g,2μg,87μg,33μg,0mg,0mg,0mg,0mg,41mg,110mg,27mg,424mg,91mg,27mg,1mg,0mg,0μg,0mg,1mg,,,,,
302,,萝卜缨(小萝卜),,,,,84kJ,2g,0g,0mg,,3g,1g,1μg,93μg,118μg,1mg,0mg,0mg,0mg,51mg,238mg,32mg,101mg,43mg,13mg,0mg,0mg,1μg,0mg,0mg,,,,,
303,,落葵[木耳菜，软浆菜],,,,,84kJ,2g,0g,0mg,,3g,2g,1μg,93μg,337μg,2mg,0mg,0mg,1mg,34mg,166mg,42mg,140mg,47mg,62mg,3mg,0mg,3μg,0mg,0mg,,,,,
304,,芹菜(白茎)[旱芹，药芹],,,,,59kJ,1g,0g,0mg,,2g,1g,1μg,94μg,10μg,2mg,0mg,0mg,0mg,12mg,48mg,50mg,154mg,74mg,10mg,1mg,0mg,0μg,0mg,0mg,,,,,
305,,芹菜茎,,,,,84kJ,1g,0g,0mg,,3g,1g,1μg,93μg,57μg,1mg,0mg,0mg,0mg,8mg,80mg,38mg,206mg,159mg,18mg,1mg,0mg,1μg,0mg,0mg,,,,,
306,,芹菜叶,,,,,130kJ,3g,1g,0mg,,4g,2g,2μg,89μg,488μg,2mg,0mg,0mg,1mg,22mg,40mg,64mg,137mg,83mg,58mg,1mg,1mg,2μg,1mg,1mg,,,,,
307,,生菜(牛俐)[油麦菜],,,,,63kJ,1g,0g,0mg,,2g,1g,0μg,96μg,60μg,0mg,0mg,0mg,0mg,20mg,70mg,31mg,100mg,80mg,29mg,1mg,0mg,2μg,0mg,0mg,,,,,
308,,生菜(叶用莴苣),,,,,54kJ,1g,0g,0mg,,1g,1g,1μg,96μg,298μg,1mg,0mg,0mg,0mg,13mg,34mg,27mg,170mg,33mg,18mg,1mg,0mg,1μg,0mg,0mg,,,,,
309,,甜菜叶,,,,,79kJ,2g,0g,0mg,,4g,1g,2μg,92μg,610μg,0mg,0mg,0mg,0mg,30mg,117mg,40mg,547mg,201mg,72mg,3mg,0mg,0μg,0mg,0mg,,,,,
310,,香菜[芫荽],,,,,130kJ,2g,0g,0mg,,5g,1g,1μg,90μg,193μg,1mg,0mg,0mg,2mg,48mg,101mg,49mg,272mg,48mg,33mg,3mg,0mg,1μg,0mg,0mg,,,,,
311,,香菜(脱水),,,,,1226kJ,7g,1g,0mg,,63g,8g,11μg,9μg,472μg,22mg,0mg,0mg,6mg,75mg,1723mg,151mg,1031mg,1218mg,269mg,22mg,2mg,14μg,2mg,2mg,,,,,
312,,苋菜(绿),,,,,105kJ,3g,0g,0mg,,3g,2g,2μg,90μg,352μg,0mg,0mg,0mg,1mg,47mg,187mg,59mg,207mg,32mg,119mg,5mg,1mg,1μg,0mg,1mg,,,,,
313,,苋菜(紫)[红苋],,,,,130kJ,3g,0g,0mg,,4g,2g,2μg,89μg,248μg,2mg,0mg,0mg,1mg,30mg,178mg,63mg,340mg,42mg,38mg,3mg,1mg,0μg,0mg,0mg,,,,,
314,,茼蒿[蓬蒿菜，艾菜],,,,,88kJ,2g,0g,0mg,,3g,1g,1μg,93μg,252μg,1mg,0mg,0mg,1mg,18mg,73mg,36mg,220mg,161mg,20mg,2mg,0mg,1μg,0mg,0mg,,,,,
315,,茴香[小茴香],,,,,100kJ,2g,0g,0mg,,3g,2g,2μg,91μg,402μg,1mg,0mg,0mg,1mg,26mg,154mg,23mg,149mg,186mg,46mg,1mg,1mg,1μg,0mg,0mg,,,,,
316,,荠菜[蓟菜，菱角菜],,,,,113kJ,3g,0g,0mg,,3g,2g,1μg,91μg,432μg,1mg,0mg,0mg,1mg,43mg,294mg,81mg,280mg,32mg,37mg,5mg,1mg,1μg,0mg,1mg,,,,,
317,,莴笋[莴苣],,,,,59kJ,1g,0g,0mg,,2g,1g,1μg,96μg,25μg,0mg,0mg,0mg,0mg,4mg,23mg,48mg,212mg,36mg,19mg,1mg,0mg,1μg,0mg,0mg,,,,,
318,,莴笋叶[莴苣叶],,,,,75kJ,1g,0g,0mg,,3g,1g,1μg,94μg,147μg,1mg,0mg,0mg,0mg,13mg,34mg,26mg,148mg,39mg,19mg,2mg,1mg,1μg,0mg,0mg,,,,,
319,,蕹菜[空心菜，藤藤菜],,,,,84kJ,2g,0g,0mg,,2g,1g,1μg,93μg,253μg,1mg,0mg,0mg,1mg,25mg,99mg,38mg,243mg,94mg,29mg,2mg,0mg,1μg,0mg,1mg,,,,,
320,,竹笋,,,,,79kJ,3g,0g,0mg,,2g,2g,1μg,93μg,0μg,0mg,0mg,0mg,1mg,5mg,9mg,64mg,389mg,0mg,1mg,0mg,0mg,0μg,0mg,1mg,,,,,
321,,白笋(干),,,,,820kJ,26g,4g,0mg,,14g,43g,3μg,10μg,2μg,0mg,0mg,0mg,0mg,0mg,31mg,222mg,1754mg,1mg,22mg,4mg,3mg,2μg,2mg,2mg,,,,,
322,,鞭笋[马鞭笋],,,,,46kJ,3g,0g,0mg,,0g,7g,1μg,90μg,0μg,0mg,0mg,0mg,0mg,7mg,17mg,49mg,379mg,5mg,13mg,2mg,1mg,0μg,0mg,1mg,,,,,
323,,春笋,,,,,84kJ,2g,0g,0mg,,2g,3g,1μg,91μg,5μg,0mg,0mg,0mg,0mg,5mg,8mg,36mg,300mg,6mg,8mg,2mg,0mg,1μg,0mg,1mg,,,,,
324,,冬笋,,,,,167kJ,4g,0g,0mg,,6g,1g,1μg,88μg,13μg,0mg,0mg,0mg,1mg,1mg,22mg,56mg,0mg,0mg,0mg,0mg,0mg,0μg,0mg,0mg,,,,,
325,,黑笋(干),,,,,891kJ,18g,2g,0mg,,30g,27g,8μg,14μg,0μg,0mg,0mg,0mg,2mg,0mg,30mg,426mg,115mg,6mg,82mg,19mg,8mg,4μg,1mg,5mg,,,,,
326,,毛笋[毛竹笋],,,,,88kJ,2g,0g,0mg,,2g,1g,1μg,93μg,0μg,0mg,0mg,0mg,0mg,9mg,16mg,34mg,318mg,5mg,8mg,1mg,0mg,0μg,0mg,0mg,,,,,
327,,玉兰片,,,,,180kJ,3g,0g,0mg,,7g,11g,0μg,78μg,0μg,2mg,0mg,0mg,0mg,1mg,42mg,29mg,66mg,2mg,5mg,4mg,0mg,0μg,0mg,1mg,,,,,
328,,百合,,,,,678kJ,3g,0g,0mg,,37g,2g,1μg,57μg,0μg,0mg,0mg,0mg,1mg,18mg,11mg,61mg,510mg,7mg,43mg,1mg,0mg,0μg,0mg,0mg,,,,,
329,,百合(干),,,,,1435kJ,7g,0g,0mg,,78g,2g,3μg,10μg,0μg,0mg,0mg,0mg,1mg,0mg,32mg,92mg,344mg,37mg,42mg,6mg,1mg,2μg,1mg,1mg,,,,,
330,,百合(脱水),,,,,1435kJ,8g,0g,0mg,,77g,2g,3μg,10μg,0μg,0mg,0mg,0mg,1mg,7mg,29mg,72mg,492mg,70mg,43mg,5mg,1mg,3μg,2mg,1mg,,,,,
331,,金针菜[黄花菜],,,,,833kJ,19g,1g,0mg,,27g,8g,4μg,40μg,307μg,5mg,0mg,0mg,3mg,10mg,301mg,216mg,610mg,59mg,85mg,8mg,4mg,4μg,0mg,1mg,,,,,
332,,菊苣,,,,,71kJ,1g,0g,0mg,,3g,1g,1μg,94μg,205μg,0mg,0mg,0mg,0mg,7mg,52mg,28mg,314mg,22mg,15mg,1mg,1mg,0μg,0mg,0mg,,,,,
333,,芦笋[石刁柏，龙须菜],,,,,79kJ,1g,0g,0mg,,3g,2g,1μg,93μg,17μg,0mg,0mg,0mg,1mg,45mg,10mg,42mg,213mg,3mg,10mg,1mg,0mg,0μg,0mg,0mg,,,,,
334,,慈菇[乌芋，白地果],,,,,393kJ,5g,0g,0mg,,18g,1g,2μg,74μg,0μg,2mg,0mg,0mg,2mg,4mg,14mg,157mg,707mg,39mg,24mg,2mg,1mg,1μg,0mg,0mg,,,,,
335,,豆瓣菜[西洋菜，水田芥],,,,,71kJ,3g,0g,0mg,,0g,1g,1μg,94μg,1592μg,1mg,0mg,0mg,0mg,52mg,30mg,26mg,179mg,61mg,9mg,1mg,1mg,1μg,0mg,0mg,,,,,
336,,菱角(老)[龙角],,,,,410kJ,4g,0g,0mg,,20g,2g,1μg,73μg,2μg,0mg,0mg,0mg,2mg,13mg,7mg,93mg,437mg,6mg,49mg,1mg,1mg,0μg,0mg,0mg,,,,,
337,,藕[莲藕],,,,,293kJ,2g,0g,0mg,,15g,1g,1μg,80μg,3μg,1mg,0mg,0mg,0mg,44mg,39mg,58mg,243mg,44mg,19mg,1mg,0mg,0μg,0mg,1mg,,,,,
338,,蒲菜[香蒲，甘蒲，野茭白],,,,,50kJ,1g,0g,0mg,,2g,1g,1μg,95μg,2μg,0mg,0mg,0mg,0mg,6mg,53mg,24mg,0mg,0mg,0mg,0mg,0mg,0μg,0mg,0mg,,,,,
339,,水芹菜,,,,,46kJ,1g,0g,0mg,,1g,1g,0μg,96μg,63μg,0mg,0mg,0mg,1mg,5mg,38mg,32mg,212mg,41mg,16mg,7mg,0mg,1μg,0mg,1mg,,,,,
340,,茭白[茭笋，茭粑],,,,,96kJ,1g,0g,0mg,,4g,2g,0μg,92μg,5μg,1mg,0mg,0mg,0mg,5mg,4mg,36mg,209mg,6mg,8mg,0mg,0mg,0μg,0mg,0mg,,,,,
341,,荸荠[马蹄，地栗],,,,,247kJ,1g,0g,0mg,,13g,1g,1μg,84μg,3μg,1mg,0mg,0mg,1mg,7mg,4mg,44mg,306mg,16mg,12mg,1mg,0mg,1μg,0mg,0mg,,,,,
342,,莼菜(瓶装)[花案菜],,,,,84kJ,1g,0g,0mg,,3g,0g,0μg,94μg,55μg,1mg,0mg,0mg,0mg,0mg,42mg,17mg,2mg,8mg,3mg,2mg,1mg,1μg,0mg,0mg,,,,,
343,,大薯[参薯],,,,,439kJ,2g,0g,0mg,,24g,1g,1μg,72μg,0μg,0mg,0mg,0mg,0mg,0mg,10mg,45mg,0mg,0mg,16mg,1mg,0mg,1μg,0mg,0mg,,,,,
344,,豆薯[凉薯，地瓜，沙葛],,,,,230kJ,1g,0g,0mg,,13g,1g,0μg,85μg,0μg,1mg,0mg,0mg,0mg,13mg,21mg,24mg,111mg,6mg,14mg,1mg,0mg,0μg,0mg,0mg,,,,,
345,,葛[葛署，粉葛],,,,,607kJ,2g,0g,0mg,,34g,2g,1μg,60μg,0μg,0mg,0mg,0mg,0mg,24mg,0mg,48mg,0mg,0mg,0mg,1mg,0mg,1μg,0mg,0mg,,,,,
346,,山药[薯蓣，大薯],,,,,234kJ,2g,0g,0mg,,12g,1g,1μg,85μg,3μg,0mg,0mg,0mg,0mg,5mg,16mg,34mg,213mg,19mg,20mg,0mg,0mg,1μg,0mg,0mg,,,,,
347,,山药(干),,,,,1356kJ,9g,1g,0mg,,69g,1g,4μg,15μg,0μg,0mg,0mg,0mg,0mg,0mg,62mg,17mg,269mg,104mg,0mg,0mg,1mg,3μg,1mg,0mg,,,,,
348,,芋头[芋艿，毛芋],,,,,331kJ,2g,0g,0mg,,17g,1g,1μg,79μg,27μg,0mg,0mg,0mg,1mg,6mg,36mg,55mg,378mg,33mg,23mg,1mg,0mg,1μg,0mg,0mg,,,,,
349,,槟榔芋,,,,,364kJ,3g,0g,0mg,,19g,1g,1μg,76μg,0μg,0mg,0mg,0mg,0mg,6mg,45mg,33mg,0mg,0mg,25mg,1mg,0mg,2μg,0mg,0mg,,,,,
350,,姜[黄姜],,,,,172kJ,1g,1g,0mg,,8g,3g,1μg,87μg,28μg,0mg,0mg,0mg,1mg,4mg,27mg,25mg,295mg,15mg,44mg,1mg,0mg,1μg,0mg,3mg,,,,,
351,,姜(干),,,,,1142kJ,9g,6g,0mg,,46g,18g,6μg,15μg,0μg,0mg,0mg,0mg,0mg,0mg,62mg,22mg,41mg,10mg,0mg,85mg,2mg,3μg,1mg,11mg,,,,,
352,,姜(子姜)[嫩姜],,,,,79kJ,1g,1g,0mg,,3g,1g,0μg,94μg,0μg,0mg,0mg,0mg,0mg,2mg,9mg,11mg,160mg,2mg,24mg,1mg,0mg,0μg,0mg,3mg,,,,,
353,,洋姜[菊芋，鬼子姜],,,,,234kJ,2g,0g,0mg,,12g,4g,1μg,81μg,0μg,1mg,0mg,0mg,1mg,5mg,23mg,27mg,458mg,12mg,24mg,7mg,0mg,1μg,0mg,0mg,,,,,
354,,艾蒿,,,,,0kJ,0g,0g,0mg,,0g,4g,0μg,86μg,27μg,0mg,0mg,0mg,0mg,7mg,137mg,60mg,677mg,0mg,54mg,8mg,1mg,0μg,0mg,1mg,,,,,
355,,白花菜,,,,,0kJ,0g,0g,0mg,,0g,0g,0μg,94μg,0μg,0mg,0mg,0mg,0mg,12mg,26mg,6mg,152mg,216mg,33mg,1mg,0mg,0μg,0mg,6mg,,,,,
356,,白花桔梗,,,,,0kJ,0g,0g,0mg,,0g,3g,0μg,81μg,0μg,4mg,0mg,0mg,0mg,36mg,44mg,106mg,146mg,12mg,41mg,3mg,0mg,0μg,0mg,0mg,,,,,
357,,白沙蒿[沙蒿],,,,,218kJ,4g,1g,0mg,,7g,2g,2μg,84μg,733μg,0mg,0mg,0mg,1mg,8mg,305mg,82mg,0mg,0mg,0mg,16mg,0mg,0μg,0mg,0mg,,,,,
358,,白沙蒿籽[沙蒿籽],,,,,1724kJ,28g,15g,0mg,,41g,0g,5μg,11μg,0μg,0mg,0mg,0mg,1mg,0mg,505mg,757mg,0mg,0mg,0mg,40mg,0mg,0μg,0mg,0mg,,,,,
359,,白薯叶[甘薯叶],,,,,243kJ,5g,1g,0mg,,8g,1g,2μg,84μg,995μg,0mg,0mg,0mg,1mg,56mg,174mg,40mg,495mg,42mg,66mg,3mg,0mg,0μg,1mg,1mg,,,,,
360,,百里香,,,,,0kJ,0g,0g,0mg,,0g,0g,0μg,83μg,585μg,0mg,0mg,0mg,0mg,0mg,218mg,42mg,470mg,36mg,104mg,28mg,1mg,0μg,1mg,1mg,,,,,
361,,败酱[胭脂麻],,,,,226kJ,2g,1g,0mg,,10g,8g,1μg,79μg,1003μg,0mg,0mg,0mg,0mg,52mg,235mg,113mg,456mg,1mg,80mg,4mg,1mg,0μg,0mg,16mg,,,,,
362,,扁蓄菜[竹节草],,,,,297kJ,6g,1g,0mg,,10g,2g,2μg,79μg,1592μg,0mg,0mg,1mg,0mg,158mg,50mg,47mg,0mg,0mg,0mg,0mg,0mg,0μg,0mg,0mg,,,,,
363,,朝鲜蓟,,,,,218kJ,3g,0g,0mg,,10g,1g,1μg,85μg,13μg,0mg,0mg,0mg,1mg,11mg,255mg,88mg,220mg,164mg,47mg,2mg,0mg,0μg,0mg,1mg,,,,,
364,,刺儿菜[小蓟，蓟蓟菜],,,,,159kJ,4g,0g,0mg,,4g,2g,2μg,87μg,998μg,0mg,0mg,0mg,2mg,44mg,252mg,40mg,253mg,0mg,36mg,2mg,0mg,0μg,0mg,0mg,,,,,
365,,刺楸,,,,,0kJ,0g,0g,0mg,,0g,8g,0μg,54μg,0μg,0mg,0mg,0mg,0mg,4mg,495mg,125mg,1641mg,0mg,109mg,6mg,1mg,0μg,1mg,6mg,,,,,
366,,达乌里胡枝子[牛枝子，豆豆苗],,,,,439kJ,7g,1g,0mg,,17g,6g,2μg,67μg,0μg,0mg,0mg,0mg,0mg,0mg,300mg,61mg,0mg,0mg,0mg,0mg,0mg,0μg,0mg,0mg,,,,,
367,,达乌里胡枝子籽[牛枝子籽，豆豆苗籽],,,,,1443kJ,37g,8g,0mg,,31g,11g,3μg,10μg,0μg,0mg,1mg,0mg,3mg,0mg,392mg,486mg,0mg,0mg,0mg,5mg,0mg,0μg,0mg,0mg,,,,,
368,,大玻璃草叶[大车前],,,,,180kJ,4g,0g,0mg,,6g,3g,4μg,83μg,760μg,0mg,0mg,0mg,1mg,6mg,443mg,64mg,0mg,0mg,0mg,22mg,0mg,0μg,0mg,0mg,,,,,
369,,大巢菜[野苕子，野豌豆],,,,,218kJ,4g,0g,0mg,,8g,6g,2μg,80μg,0μg,0mg,0mg,0mg,0mg,0mg,270mg,70mg,0mg,0mg,0mg,0mg,0mg,0μg,0mg,0mg,,,,,
370,,大蓟叶[飞廉叶],,,,,146kJ,2g,1g,0mg,,4g,1g,1μg,91μg,508μg,0mg,0mg,0mg,0mg,31mg,0mg,0mg,0mg,0mg,0mg,0mg,0mg,0μg,0mg,0mg,,,,,
371,,地肤[益明，扫帚苗],,,,,255kJ,5g,1g,0mg,,8g,2g,5μg,79μg,953μg,0mg,0mg,0mg,2mg,39mg,281mg,66mg,702mg,62mg,118mg,6mg,1mg,0μg,0mg,0mg,,,,,
372,,地笋[地古牛，地瓜儿苗叶],,,,,251kJ,4g,1g,0mg,,9g,5g,2μg,79μg,1055μg,0mg,0mg,0mg,1mg,7mg,297mg,62mg,416mg,0mg,25mg,4mg,1mg,0μg,0mg,0mg,,,,,
373,,豆腐柴,,,,,0kJ,0g,0g,0mg,,0g,8g,0μg,82μg,0μg,0mg,0mg,0mg,0mg,2mg,126mg,97mg,444mg,0mg,38mg,6mg,1mg,0μg,0mg,13mg,,,,,
374,,独行菜,,,,,0kJ,0g,0g,0mg,,0g,2g,0μg,86μg,655μg,0mg,0mg,0mg,0mg,55mg,188mg,124mg,335mg,121mg,42mg,5mg,1mg,0μg,0mg,0mg,,,,,
375,,独行菜(宽),,,,,0kJ,0g,0g,0mg,,0g,2g,0μg,86μg,595μg,0mg,0mg,0mg,0mg,45mg,183mg,119mg,416mg,142mg,38mg,6mg,1mg,0μg,0mg,0mg,,,,,
376,,番杏[夏菠菜，新西兰菠菜],,,,,0kJ,0g,0g,0mg,,0g,2g,0μg,91μg,425μg,0mg,0mg,0mg,0mg,46mg,97mg,37mg,221mg,28mg,44mg,1mg,0mg,0μg,0mg,1mg,,,,,
377,,胡枝子[山豆子],,,,,490kJ,5g,2g,0mg,,19g,10g,2μg,61μg,0μg,0mg,0mg,0mg,0mg,0mg,0mg,0mg,0mg,0mg,0mg,0mg,0mg,0μg,0mg,0mg,,,,,
378,,草菇[大黑头细花草],,,,,96kJ,3g,0g,0mg,,3g,2g,0μg,92μg,0μg,0mg,0mg,0mg,8mg,0mg,17mg,33mg,179mg,73mg,21mg,1mg,1mg,0μg,0mg,0mg,,,,,
379,,大红菇(干)[草质红菇],,,,,837kJ,24g,3g,0mg,,19g,32g,6μg,16μg,13μg,0mg,0mg,7mg,20mg,2mg,1mg,523mg,228mg,2mg,30mg,8mg,4mg,11μg,2mg,1mg,,,,,
380,,地衣(水浸),,,,,25kJ,2g,0g,0mg,,0g,2g,1μg,96μg,37μg,2mg,0mg,0mg,0mg,0mg,14mg,53mg,102mg,11mg,275mg,21mg,5mg,10μg,1mg,8mg,,,,,
381,,冬菇(干)[毛柄金线菌],,,,,887kJ,18g,1g,0mg,,32g,32g,3μg,13μg,5μg,3mg,0mg,1mg,24mg,5mg,55mg,469mg,1155mg,20mg,104mg,10mg,4mg,7μg,0mg,5mg,,,,,
382,,猴头菇(罐装),,,,,54kJ,2g,0g,0mg,,1g,4g,1μg,92μg,0μg,0mg,0mg,0mg,0mg,4mg,19mg,37mg,8mg,175mg,5mg,3mg,0mg,1μg,0mg,0mg,,,,,
383,,黄蘑(干),,,,,695kJ,16g,2g,0mg,,22g,18g,3μg,39μg,12μg,1mg,0mg,1mg,6mg,0mg,11mg,194mg,1953mg,6mg,91mg,22mg,5mg,1μg,0mg,3mg,,,,,
384,,黄蘑(水发),,,,,88kJ,4g,0g,0mg,,0g,5g,1μg,90μg,0μg,0mg,0mg,0mg,2mg,0mg,3mg,51mg,512mg,2mg,24mg,6mg,1mg,0μg,0mg,1mg,,,,,
385,,金针菇[智力菇],,,,,109kJ,2g,0g,0mg,,3g,3g,1μg,90μg,5μg,1mg,0mg,0mg,4mg,2mg,0mg,97mg,195mg,4mg,17mg,1mg,0mg,0μg,0mg,0mg,,,,,
386,,金针菇(罐装),,,,,88kJ,1g,0g,0mg,,4g,2g,1μg,92μg,0μg,1mg,0mg,0mg,1mg,0mg,14mg,23mg,17mg,238mg,7mg,1mg,0mg,0μg,0mg,0mg,,,,,
387,,口蘑(白蘑),,,,,1013kJ,39g,3g,0mg,,14g,17g,17μg,9μg,0μg,9mg,0mg,0mg,44mg,0mg,169mg,1655mg,3106mg,5mg,167mg,19mg,9mg,0μg,6mg,6mg,,,,,
388,,蘑菇(鲜蘑),,,,,84kJ,3g,0g,0mg,,2g,2g,1μg,92μg,2μg,1mg,0mg,0mg,4mg,2mg,6mg,94mg,312mg,8mg,11mg,1mg,1mg,1μg,0mg,0mg,,,,,
389,,蘑菇(干),,,,,1054kJ,21g,5g,0mg,,32g,21g,8μg,14μg,273μg,6mg,0mg,1mg,31mg,5mg,127mg,357mg,1225mg,23mg,94mg,51mg,6mg,39μg,1mg,2mg,,,,,
390,,木耳(干)[黑木耳，云耳],,,,,858kJ,12g,2g,0mg,,36g,30g,5μg,16μg,17μg,11mg,0mg,0mg,2mg,0mg,247mg,292mg,757mg,48mg,152mg,97mg,3mg,4μg,0mg,9mg,,,,,
391,,木耳(水发)[黑木耳，云耳],,,,,88kJ,2g,0g,0mg,,3g,3g,0μg,92μg,3μg,8mg,0mg,0mg,0mg,1mg,34mg,12mg,52mg,8mg,57mg,6mg,1mg,0μg,0mg,1mg,,,,,
392,,平菇[糙皮侧耳，青蘑],,,,,84kJ,2g,0g,0mg,,2g,2g,1μg,92μg,2μg,1mg,0mg,0mg,3mg,4mg,5mg,86mg,258mg,4mg,14mg,1mg,1mg,1μg,0mg,0mg,,,,,
393,,普中红蘑(干),,,,,895kJ,18g,1g,0mg,,34g,25g,10μg,12μg,0μg,0mg,0mg,1mg,0mg,0mg,14mg,35mg,169mg,4mg,0mg,235mg,3mg,92μg,1mg,4mg,,,,,
394,,双孢蘑菇[洋蘑菇],,,,,96kJ,4g,0g,0mg,,1g,2g,1μg,92μg,0μg,0mg,0mg,0mg,3mg,0mg,2mg,43mg,307mg,2mg,9mg,1mg,7mg,7μg,0mg,0mg,,,,,
395,,松蘑(干)[松口蘑，松茸],,,,,469kJ,20g,3g,0mg,,0g,48g,12μg,16μg,0μg,3mg,0mg,1mg,0mg,0mg,14mg,50mg,93mg,4mg,0mg,86mg,6mg,98μg,10mg,2mg,,,,,
396,,香菇[香蕈，冬菇],,,,,79kJ,2g,0g,0mg,,2g,3g,1μg,92μg,0μg,0mg,0mg,0mg,2mg,1mg,2mg,53mg,20mg,1mg,11mg,0mg,1mg,3μg,0mg,0mg,,,,,
397,,香菇(干)[香蕈，冬菇],,,,,883kJ,20g,1g,0mg,,30g,32g,5μg,12μg,3μg,1mg,0mg,1mg,20mg,5mg,83mg,258mg,464mg,11mg,147mg,10mg,9mg,6μg,1mg,5mg,,,,,
398,,香杏丁蘑(干，大),,,,,866kJ,22g,0g,0mg,,29g,25g,9μg,14μg,0μg,0mg,0mg,3mg,0mg,0mg,17mg,73mg,238mg,43mg,0mg,113mg,8mg,15μg,5mg,3mg,,,,,
399,,香杏片口蘑(干),,,,,866kJ,33g,2g,0mg,,15g,23g,12μg,15μg,0μg,0mg,0mg,2mg,0mg,0mg,15mg,77mg,227mg,21mg,0mg,138mg,8mg,0μg,3mg,3mg,,,,,
400,,羊肚菌[干狼肚],,,,,1234kJ,27g,7g,0mg,,31g,13g,8μg,14μg,178μg,4mg,0mg,2mg,9mg,3mg,87mg,1193mg,1726mg,34mg,117mg,31mg,12mg,5μg,2mg,2mg,,,,,
401,,银耳(干)[白木耳],,,,,837kJ,10g,1g,0mg,,37g,30g,7μg,15μg,8μg,1mg,0mg,0mg,5mg,0mg,36mg,369mg,1588mg,82mg,54mg,4mg,3mg,3μg,0mg,0mg,,,,,
402,,珍珠白蘑(干),,,,,887kJ,18g,1g,0mg,,33g,23g,13μg,12μg,0μg,0mg,0mg,0mg,0mg,0mg,24mg,28mg,284mg,4mg,0mg,190mg,4mg,79μg,1mg,5mg,,,,,
403,,榛蘑(干)[假蜜环菌],,,,,657kJ,10g,4g,0mg,,22g,10g,4μg,51μg,7μg,3mg,0mg,1mg,8mg,0mg,11mg,286mg,2493mg,51mg,109mg,25mg,7mg,3μg,1mg,4mg,,,,,
404,,榛蘑(水发),,,,,192kJ,3g,1g,0mg,,6g,3g,1μg,86μg,0μg,1mg,0mg,0mg,2mg,0mg,3mg,84mg,732mg,15mg,32mg,7mg,2mg,1μg,0mg,1mg,,,,,
405,,发菜(干)[仙菜],,,,,791kJ,20g,0g,0mg,,26g,35g,7μg,11μg,0μg,0mg,0mg,1mg,1mg,6mg,1048mg,76mg,217mg,101mg,129mg,85mg,2mg,5μg,1mg,3mg,,,,,
406,,海带[江白菜],,,,,50kJ,1g,0g,0mg,,2g,0g,2μg,94μg,0μg,2mg,0mg,0mg,1mg,0mg,46mg,22mg,246mg,9mg,25mg,1mg,0mg,10μg,0mg,0mg,,,,,
407,,海带(干)[江白菜，昆布],,,,,322kJ,2g,0g,0mg,,17g,6g,4μg,70μg,40μg,1mg,0mg,0mg,1mg,0mg,348mg,52mg,761mg,327mg,129mg,5mg,1mg,6μg,0mg,1mg,,,,,
408,,海带(浸)[江白菜，昆布],,,,,59kJ,1g,0g,0mg,,2g,1g,2μg,94μg,52μg,0mg,0mg,0mg,1mg,0mg,241mg,29mg,222mg,108mg,61mg,3mg,1mg,5μg,0mg,1mg,,,,,
409,,海冻菜[石花菜，冻菜],,,,,1314kJ,5g,0g,0mg,,73g,0g,6μg,16μg,0μg,15mg,0mg,0mg,3mg,0mg,167mg,209mg,141mg,381mg,15mg,2mg,2mg,15μg,0mg,0mg,,,,,
410,,琼脂[紫菜胶洋粉],,,,,1301kJ,1g,0g,0mg,,76g,0g,1μg,21μg,0μg,0mg,0mg,0mg,0mg,0mg,100mg,7mg,11mg,3mg,70mg,7mg,6mg,2μg,0mg,1mg,,,,,
411,,苔菜(干)[苔条，条浒苔],,,,,619kJ,19g,0g,0mg,,17g,9g,31μg,24μg,0μg,0mg,0mg,0mg,4mg,0mg,185mg,302mg,410mg,4955mg,1257mg,284mg,4mg,6μg,1mg,0mg,,,,,
412,,紫菜(干),,,,,866kJ,27g,1g,0mg,,22g,22g,15μg,13μg,228μg,2mg,0mg,1mg,7mg,2mg,264mg,350mg,1796mg,710mg,105mg,55mg,2mg,7μg,2mg,4mg,,,,,
413,,苹果(均值),,,,,218kJ,0g,0g,0mg,,12g,1g,0μg,86μg,3μg,2mg,0mg,0mg,0mg,4mg,4mg,12mg,119mg,2mg,4mg,1mg,0mg,0μg,0mg,0mg,,,,,
414,,伏苹果,,,,,188kJ,0g,0g,0mg,,11g,1g,0μg,87μg,0μg,0mg,0mg,0mg,0mg,2mg,15mg,7mg,78mg,1mg,8mg,0mg,0mg,0μg,0mg,0mg,,,,,
415,,国光苹果,,,,,226kJ,0g,0g,0mg,,12g,1g,0μg,86μg,10μg,0mg,0mg,0mg,0mg,4mg,8mg,14mg,83mg,1mg,7mg,0mg,0mg,0μg,0mg,0mg,,,,,
416,,旱苹果,,,,,126kJ,0g,0g,0mg,,7g,2g,0μg,91μg,0μg,0mg,0mg,0mg,0mg,0mg,0mg,0mg,0mg,0mg,0mg,0mg,0mg,0μg,0mg,0mg,,,,,
417,,红富士苹果,,,,,188kJ,1g,0g,0mg,,10g,2g,0μg,87μg,10μg,1mg,0mg,0mg,0mg,2mg,3mg,11mg,115mg,1mg,5mg,1mg,0mg,1μg,0mg,0mg,,,,,
418,,红香蕉苹果,,,,,205kJ,0g,0g,0mg,,11g,1g,0μg,87μg,17μg,0mg,0mg,0mg,0mg,3mg,5mg,8mg,85mg,2mg,3mg,1mg,0mg,0μg,0mg,0mg,,,,,
419,,红星苹果,,,,,238kJ,0g,0g,0mg,,14g,1g,0μg,85μg,2μg,0mg,0mg,0mg,0mg,1mg,2mg,4mg,0mg,2mg,3mg,0mg,0mg,2μg,0mg,0mg,,,,,
420,,红玉苹果,,,,,180kJ,0g,0g,0mg,,10g,5g,0μg,85μg,2μg,0mg,0mg,0mg,0mg,0mg,0mg,0mg,0mg,0mg,0mg,0mg,0mg,0μg,0mg,0mg,,,,,
421,,红元帅苹果,,,,,247kJ,0g,0g,0mg,,14g,1g,0μg,85μg,7μg,0mg,0mg,0mg,0mg,3mg,2mg,1mg,58mg,1mg,8mg,0mg,0mg,0μg,0mg,0mg,,,,,
422,,黄香蕉苹果,,,,,205kJ,0g,0g,0mg,,12g,2g,0μg,86μg,3μg,1mg,0mg,0mg,0mg,4mg,10mg,7mg,84mg,1mg,5mg,0mg,0mg,0μg,0mg,0mg,,,,,
423,,黄元帅苹果,,,,,230kJ,0g,0g,0mg,,13g,2g,0μg,85μg,15μg,0mg,0mg,0mg,0mg,4mg,5mg,5mg,184mg,1mg,3mg,0mg,0mg,0μg,0mg,0mg,,,,,
424,,金元帅苹果,,,,,213kJ,0g,0g,0mg,,12g,1g,0μg,86μg,15μg,1mg,0mg,0mg,0mg,4mg,2mg,5mg,72mg,2mg,2mg,0mg,0mg,0μg,0mg,0mg,,,,,
425,,青香蕉苹果,,,,,205kJ,0g,0g,0mg,,12g,1g,0μg,86μg,3μg,0mg,0mg,0mg,0mg,3mg,9mg,7mg,83mg,1mg,4mg,0mg,0mg,0μg,0mg,0mg,,,,,
426,,秋里蒙苹果,,,,,146kJ,0g,0g,0mg,,8g,4g,0μg,88μg,0μg,0mg,0mg,0mg,1mg,0mg,0mg,0mg,0mg,0mg,0mg,0mg,0mg,0μg,0mg,0mg,,,,,
427,,香玉苹果,,,,,247kJ,0g,0g,0mg,,14g,2g,0μg,83μg,10μg,1mg,0mg,0mg,0mg,6mg,3mg,6mg,173mg,3mg,3mg,0mg,0mg,0μg,0mg,0mg,,,,,
428,,印度苹果,,,,,184kJ,1g,0g,0mg,,10g,5g,0μg,84μg,3μg,0mg,0mg,0mg,0mg,0mg,0mg,0mg,0mg,0mg,0mg,0mg,0mg,0μg,0mg,0mg,,,,,
429,,祝光苹果,,,,,197kJ,0g,0g,0mg,,11g,2g,0μg,87μg,2μg,0mg,0mg,0mg,0mg,2mg,3mg,5mg,140mg,2mg,1mg,0mg,0mg,0μg,0mg,0mg,,,,,
430,,倭锦苹果,,,,,209kJ,0g,0g,0mg,,12g,2g,0μg,86μg,8μg,0mg,0mg,0mg,0mg,1mg,4mg,0mg,70mg,1mg,0mg,1mg,0mg,0μg,0mg,0mg,,,,,
431,,苹果(罐头),,,,,163kJ,0g,0g,0mg,,9g,1g,0μg,89μg,0μg,0mg,0mg,0mg,0mg,0mg,26mg,8mg,50mg,6mg,7mg,1mg,0mg,5μg,0mg,0mg,,,,,
432,,梨(均值),,,,,184kJ,0g,0g,0mg,,10g,3g,0μg,86μg,6μg,1mg,0mg,0mg,0mg,6mg,9mg,14mg,92mg,2mg,8mg,0mg,0mg,1μg,1mg,0mg,,,,,
433,,巴梨,,,,,192kJ,0g,0g,0mg,,11g,2g,0μg,86μg,2μg,1mg,0mg,0mg,0mg,11mg,6mg,5mg,145mg,1mg,2mg,0mg,0mg,0μg,0mg,0mg,,,,,
434,,长把梨,,,,,226kJ,1g,1g,0mg,,11g,4g,0μg,83μg,0μg,1mg,0mg,0mg,0mg,3mg,9mg,18mg,50mg,3mg,7mg,1mg,0mg,0μg,0mg,0mg,,,,,
435,,冬果梨,,,,,155kJ,0g,0g,0mg,,8g,4g,0μg,86μg,3μg,0mg,0mg,0mg,0mg,6mg,0mg,0mg,0mg,0mg,0mg,0mg,0mg,0μg,0mg,0mg,,,,,
436,,鹅黄梨,,,,,155kJ,0g,0g,0mg,,9g,2g,0μg,89μg,0μg,2mg,0mg,0mg,0mg,8mg,1mg,13mg,69mg,2mg,8mg,0mg,0mg,0μg,0mg,0mg,,,,,
437,,红肖梨,,,,,126kJ,0g,0g,0mg,,7g,3g,0μg,89μg,2μg,0mg,0mg,0mg,1mg,4mg,11mg,7mg,78mg,3mg,5mg,0mg,0mg,0μg,0mg,0mg,,,,,
438,,锦丰梨,,,,,188kJ,0g,0g,0mg,,11g,3g,0μg,86μg,3μg,0mg,0mg,0mg,0mg,6mg,0mg,0mg,0mg,0mg,0mg,0mg,0mg,0μg,0mg,0mg,,,,,
439,,京白梨,,,,,230kJ,0g,0g,0mg,,12g,1g,0μg,85μg,0μg,0mg,0mg,0mg,0mg,3mg,7mg,6mg,105mg,1mg,9mg,0mg,0mg,1μg,0mg,0mg,,,,,
440,,库尔勒梨,,,,,117kJ,0g,0g,0mg,,7g,7g,0μg,86μg,0μg,0mg,0mg,0mg,0mg,0mg,22mg,19mg,79mg,4mg,8mg,1mg,3mg,2μg,3mg,0mg,,,,,
441,,莱阳梨,,,,,205kJ,0g,0g,0mg,,12g,3g,1μg,85μg,0μg,1mg,0mg,0mg,0mg,3mg,10mg,8mg,82mg,2mg,8mg,0mg,0mg,0μg,0mg,0mg,,,,,
442,,马蹄黄梨,,,,,197kJ,0g,0g,0mg,,11g,1g,0μg,87μg,0μg,2mg,0mg,0mg,0mg,10mg,2mg,14mg,80mg,3mg,7mg,0mg,0mg,0μg,0mg,0mg,,,,,
443,,明月梨,,,,,222kJ,0g,0g,0mg,,12g,1g,0μg,86μg,0μg,2mg,0mg,0mg,0mg,6mg,2mg,14mg,110mg,1mg,8mg,0mg,0mg,1μg,0mg,0mg,,,,,
444,,木梨,,,,,117kJ,0g,0g,0mg,,6g,2g,0μg,91μg,0μg,0mg,0mg,0mg,0mg,5mg,4mg,13mg,121mg,3mg,6mg,0mg,0mg,0μg,0mg,0mg,,,,,
445,,苹果梨,,,,,201kJ,0g,0g,0mg,,12g,2g,0μg,85μg,5μg,0mg,0mg,0mg,0mg,4mg,4mg,19mg,180mg,2mg,9mg,0mg,0mg,3μg,0mg,0mg,,,,,
446,,软梨,,,,,59kJ,0g,0g,0mg,,3g,9g,0μg,87μg,3μg,0mg,0mg,0mg,0mg,0mg,25mg,19mg,105mg,1mg,12mg,1mg,1mg,8μg,5mg,0mg,,,,,
447,,苏梅梨,,,,,276kJ,1g,0g,0mg,,15g,6g,1μg,77μg,0μg,1mg,0mg,0mg,0mg,1mg,9mg,19mg,39mg,1mg,10mg,1mg,0mg,0μg,0mg,0mg,,,,,
448,,苏木梨,,,,,201kJ,1g,0g,0mg,,11g,2g,0μg,86μg,0μg,0mg,0mg,0mg,0mg,5mg,0mg,0mg,0mg,0mg,0mg,0mg,0mg,0μg,0mg,0mg,,,,,
449,,酥梨,,,,,180kJ,0g,0g,0mg,,10g,1g,0μg,88μg,0μg,2mg,0mg,0mg,0mg,11mg,2mg,16mg,76mg,2mg,8mg,0mg,0mg,0μg,0mg,0mg,,,,,
450,,酸梨,,,,,109kJ,0g,0g,0mg,,6g,4g,0μg,90μg,0μg,1mg,0mg,0mg,1mg,14mg,12mg,13mg,102mg,8mg,11mg,1mg,3mg,2μg,4mg,0mg,,,,,
451,,香梨,,,,,192kJ,0g,0g,0mg,,11g,3g,0μg,86μg,12μg,0mg,0mg,0mg,0mg,0mg,6mg,31mg,90mg,1mg,7mg,0mg,0mg,0μg,0mg,0mg,,,,,
452,,雪花梨,,,,,172kJ,0g,0g,0mg,,10g,1g,0μg,89μg,17μg,0mg,0mg,0mg,0mg,4mg,5mg,6mg,85mg,1mg,10mg,0mg,0mg,0μg,0mg,0mg,,,,,
453,,雪梨,,,,,305kJ,1g,0g,0mg,,17g,3g,0μg,78μg,0μg,0mg,0mg,0mg,0mg,1mg,12mg,11mg,45mg,1mg,13mg,1mg,0mg,0μg,0mg,0mg,,,,,
454,,鸭广梨,,,,,209kJ,1g,0g,0mg,,11g,5g,0μg,82μg,0μg,0mg,0mg,0mg,0mg,4mg,18mg,12mg,110mg,1mg,8mg,0mg,0mg,0μg,0mg,0mg,,,,,
455,,鸭梨,,,,,180kJ,0g,0g,0mg,,10g,1g,0μg,88μg,2μg,0mg,0mg,0mg,0mg,4mg,4mg,14mg,77mg,2mg,5mg,1mg,0mg,0μg,0mg,0mg,,,,,
456,,早酥梨,,,,,180kJ,0g,0g,0mg,,10g,4g,0μg,86μg,7μg,0mg,0mg,0mg,0mg,12mg,12mg,12mg,137mg,0mg,6mg,0mg,0mg,0μg,0mg,0mg,,,,,
457,,紫酥梨,,,,,197kJ,0g,0g,0mg,,11g,2g,0μg,86μg,0μg,4mg,0mg,0mg,0mg,9mg,1mg,16mg,86mg,2mg,7mg,0mg,0mg,0μg,0mg,0mg,,,,,
458,,鳄梨,,,,,674kJ,2g,15g,0mg,,7g,2g,1μg,74μg,61μg,0mg,0mg,0mg,2mg,8mg,11mg,41mg,599mg,10mg,39mg,1mg,0mg,0μg,0mg,0mg,,,,,
459,,冬果梨(罐头),,,,,197kJ,0g,0g,0mg,,11g,4g,0μg,84μg,0μg,0mg,0mg,0mg,0mg,0mg,16mg,5mg,13mg,2mg,5mg,1mg,1mg,1μg,0mg,0mg,,,,,
460,,梨(糖水罐头),,,,,138kJ,0g,0g,0mg,,7g,1g,0μg,90μg,0μg,0mg,0mg,0mg,0mg,0mg,2mg,3mg,15mg,2mg,3mg,0mg,0mg,0μg,0mg,0mg,,,,,
461,,红果[山里红，大山楂],,,,,397kJ,0g,1g,0mg,,22g,3g,1μg,73μg,17μg,7mg,0mg,0mg,0mg,53mg,52mg,24mg,299mg,5mg,19mg,1mg,0mg,1μg,0mg,0mg,,,,,
462,,红果(干),,,,,636kJ,4g,2g,0mg,,29g,50g,4μg,11μg,10μg,0mg,0mg,0mg,1mg,2mg,144mg,440mg,440mg,10mg,0mg,0mg,1mg,3μg,0mg,1mg,,,,,
463,,海棠果[楸子],,,,,305kJ,0g,0g,0mg,,17g,2g,0μg,80μg,118μg,0mg,0mg,0mg,0mg,20mg,15mg,16mg,263mg,1mg,13mg,0mg,0mg,0μg,0mg,0mg,,,,,
464,,海棠(罐头),,,,,222kJ,0g,0g,0mg,,12g,1g,0μg,85μg,0μg,0mg,0mg,0mg,0mg,0mg,43mg,11mg,56mg,9mg,21mg,2mg,1mg,6μg,0mg,0mg,,,,,
465,,沙果,,,,,276kJ,0g,0g,0mg,,16g,2g,0μg,81μg,0μg,0mg,0mg,0mg,0mg,3mg,5mg,14mg,123mg,2mg,9mg,1mg,0mg,0μg,0mg,0mg,,,,,
466,,吊蛋,,,,,234kJ,1g,0g,0mg,,12g,4g,0μg,82μg,0μg,2mg,0mg,0mg,0mg,0mg,11mg,9mg,136mg,1mg,8mg,0mg,0mg,2μg,0mg,0mg,,,,,
467,,面蛋,,,,,356kJ,2g,0g,0mg,,18g,3g,2μg,74μg,22μg,4mg,0mg,0mg,0mg,0mg,206mg,56mg,237mg,4mg,33mg,4mg,1mg,3μg,5mg,0mg,,,,,
468,,酸刺,,,,,448kJ,3g,0g,0mg,,23g,2g,1μg,71μg,25μg,2mg,0mg,0mg,0mg,74mg,105mg,39mg,259mg,8mg,24mg,12mg,1mg,4μg,9mg,0mg,,,,,
469,,桃(均值),,,,,201kJ,1g,0g,0mg,,11g,1g,0μg,86μg,3μg,2mg,0mg,0mg,1mg,7mg,6mg,20mg,166mg,6mg,7mg,1mg,0mg,0μg,0mg,0mg,,,,,
470,,白粉桃,,,,,105kJ,1g,0g,0mg,,5g,1g,0μg,93μg,0μg,0mg,0mg,0mg,0mg,9mg,0mg,0mg,0mg,0mg,0mg,0mg,0mg,0μg,0mg,0mg,,,,,
471,,高山白桃,,,,,167kJ,1g,0g,0mg,,9g,1g,0μg,88μg,3μg,1mg,0mg,0mg,0mg,10mg,7mg,11mg,169mg,1mg,4mg,1mg,0mg,0μg,0mg,0mg,,,,,
472,,旱久保桃,,,,,197kJ,1g,0g,0mg,,10g,1g,0μg,87μg,2μg,1mg,0mg,0mg,1mg,10mg,12mg,18mg,144mg,2mg,10mg,0mg,0mg,0μg,0mg,0mg,,,,,
473,,黄桃,,,,,226kJ,0g,0g,0mg,,13g,1g,0μg,85μg,15μg,1mg,0mg,0mg,0mg,9mg,0mg,7mg,0mg,0mg,0mg,0mg,0mg,1μg,0mg,0mg,,,,,
474,,金红桃,,,,,109kJ,1g,0g,0mg,,6g,1g,0μg,92μg,0μg,0mg,0mg,0mg,0mg,9mg,0mg,0mg,0mg,0mg,0mg,0mg,0mg,0μg,0mg,0mg,,,,,
475,,久保桃,,,,,172kJ,1g,0g,0mg,,9g,1g,0μg,89μg,0μg,1mg,0mg,0mg,1mg,8mg,10mg,16mg,100mg,2mg,8mg,0mg,0mg,0μg,0mg,0mg,,,,,
476,,蜜桃,,,,,172kJ,1g,0g,0mg,,9g,1g,0μg,89μg,2μg,1mg,0mg,0mg,1mg,4mg,10mg,21mg,169mg,3mg,9mg,0mg,0mg,0μg,0mg,0mg,,,,,
477,,蒲桃,,,,,138kJ,0g,0g,0mg,,7g,3g,0μg,89μg,0μg,1mg,0mg,0mg,0mg,25mg,4mg,14mg,109mg,1mg,13mg,0mg,0mg,4μg,0mg,0mg,,,,,
478,,庆丰桃,,,,,167kJ,1g,0g,0mg,,9g,1g,0μg,89μg,0μg,1mg,0mg,0mg,0mg,0mg,0mg,2mg,57mg,2mg,12mg,0mg,0mg,0μg,0mg,0mg,,,,,
479,,晚桃(黄),,,,,163kJ,1g,0g,0mg,,9g,1g,0μg,89μg,3μg,0mg,0mg,0mg,0mg,11mg,6mg,13mg,168mg,0mg,4mg,0mg,0mg,0μg,0mg,0mg,,,,,
480,,五月鲜桃,,,,,163kJ,0g,0g,0mg,,9g,1g,0μg,89μg,0μg,1mg,0mg,0mg,0mg,0mg,7mg,2mg,0mg,0mg,10mg,0mg,0mg,0μg,0mg,0mg,,,,,
481,,早桃(黄),,,,,163kJ,0g,0g,0mg,,9g,1g,0μg,89μg,10μg,1mg,0mg,0mg,0mg,12mg,4mg,10mg,155mg,1mg,3mg,0mg,0mg,0μg,0mg,0mg,,,,,
482,,桃(糖水罐头),,,,,243kJ,0g,0g,0mg,,14g,0g,0μg,85μg,0μg,1mg,0mg,0mg,0mg,0mg,16mg,6mg,16mg,28mg,3mg,0mg,1mg,0μg,2mg,0mg,,,,,
483,,李子,,,,,151kJ,1g,0g,0mg,,8g,1g,0μg,90μg,25μg,1mg,0mg,0mg,0mg,5mg,8mg,11mg,144mg,4mg,10mg,1mg,0mg,0μg,0mg,0mg,,,,,
484,,李子杏,,,,,146kJ,1g,0g,0mg,,8g,1g,0μg,90μg,13μg,0mg,0mg,0mg,0mg,16mg,3mg,11mg,103mg,2mg,0mg,0mg,0mg,0μg,0mg,0mg,,,,,
485,,梅[青梅],,,,,138kJ,1g,1g,0mg,,5g,1g,1μg,91μg,0μg,0mg,0mg,0mg,0mg,0mg,11mg,36mg,0mg,0mg,0mg,2mg,0mg,0μg,0mg,0mg,,,,,
486,,杏,,,,,151kJ,1g,0g,0mg,,8g,1g,0μg,89μg,75μg,1mg,0mg,0mg,1mg,4mg,14mg,15mg,226mg,2mg,11mg,1mg,0mg,0μg,0mg,0mg,,,,,
487,,杏(罐头),,,,,155kJ,1g,0g,0mg,,8g,1g,0μg,89μg,72μg,1mg,0mg,0mg,0mg,0mg,6mg,8mg,26mg,22mg,4mg,2mg,0mg,4μg,0mg,0mg,,,,,
488,,杏干,,,,,1381kJ,3g,0g,0mg,,79g,4g,5μg,9μg,102μg,0mg,0mg,0mg,1mg,0mg,147mg,89mg,783mg,40mg,55mg,0mg,4mg,3μg,8mg,0mg,,,,,
489,,枣(鲜),,,,,510kJ,1g,0g,0mg,,29g,2g,1μg,67μg,40μg,1mg,0mg,0mg,1mg,243mg,22mg,23mg,375mg,1mg,25mg,1mg,2mg,1μg,0mg,0mg,,,,,
490,,枣(干),,,,,1105kJ,3g,0g,0mg,,62g,6g,2μg,27μg,2μg,3mg,0mg,0mg,1mg,14mg,64mg,51mg,524mg,6mg,36mg,2mg,1mg,1μg,0mg,0mg,,,,,
491,,枣(干，大),,,,,1247kJ,2g,0g,0mg,,72g,10g,2μg,14μg,0μg,0mg,0mg,0mg,2mg,7mg,54mg,34mg,185mg,8mg,39mg,2mg,0mg,2μg,0mg,0mg,,,,,
492,,金丝小枣,,,,,1230kJ,1g,1g,0mg,,70g,7g,2μg,19μg,0μg,1mg,0mg,0mg,0mg,0mg,23mg,0mg,65mg,7mg,24mg,2mg,0mg,1μg,0mg,0mg,,,,,
493,,乐陵枣,,,,,900kJ,3g,1g,0mg,,49g,9g,2μg,36μg,0μg,5mg,0mg,0mg,1mg,54mg,34mg,52mg,420mg,0mg,41mg,3mg,1mg,1μg,0mg,0mg,,,,,
494,,密云小枣,,,,,895kJ,4g,1g,0mg,,48g,7g,1μg,39μg,0μg,0mg,0mg,0mg,1mg,0mg,80mg,66mg,612mg,9mg,41mg,3mg,1mg,1μg,0mg,0mg,,,,,
495,,黑枣(无核)[乌枣],,,,,954kJ,2g,0g,0mg,,55g,3g,2μg,39μg,7μg,2mg,0mg,0mg,2mg,0mg,108mg,63mg,478mg,6mg,32mg,1mg,0mg,1μg,0mg,1mg,,,,,
496,,黑枣(有核),,,,,954kJ,4g,0g,0mg,,52g,9g,2μg,33μg,0μg,1mg,0mg,0mg,1mg,6mg,42mg,66mg,498mg,1mg,46mg,4mg,2mg,0μg,1mg,0mg,,,,,
497,,酒枣,,,,,607kJ,2g,0g,0mg,,34g,1g,1μg,62μg,0μg,0mg,0mg,0mg,0mg,0mg,75mg,45mg,444mg,1mg,20mg,1mg,0mg,1μg,0mg,0mg,,,,,
498,,蜜枣,,,,,1343kJ,1g,0g,0mg,,79g,6g,1μg,13μg,0μg,0mg,0mg,0mg,0mg,55mg,59mg,22mg,284mg,25mg,19mg,4mg,0mg,1μg,0mg,0mg,,,,,
499,,蜜枣(无核),,,,,1343kJ,1g,0g,0mg,,79g,3g,0μg,17μg,5μg,0mg,0mg,0mg,0mg,104mg,24mg,11mg,104mg,16mg,7mg,2mg,0mg,2μg,0mg,0mg,,,,,
500,,酸枣,,,,,1163kJ,4g,2g,0mg,,63g,11g,3μg,18μg,0μg,0mg,0mg,0mg,1mg,900mg,435mg,95mg,84mg,4mg,96mg,7mg,1mg,1μg,0mg,1mg,,,,,
501,,樱桃,,,,,192kJ,1g,0g,0mg,,10g,0g,0μg,88μg,35μg,2mg,0mg,0mg,1mg,10mg,11mg,27mg,232mg,8mg,12mg,0mg,0mg,0μg,0mg,0mg,,,,,
502,,樱桃(野，白刺),,,,,1205kJ,11g,4g,0mg,,52g,8g,6μg,19μg,0μg,0mg,0mg,0mg,4mg,0mg,59mg,28mg,100mg,98mg,60mg,11mg,0mg,0μg,0mg,1mg,,,,,
503,,葡萄(均值),,,,,180kJ,0g,0g,0mg,,10g,0g,0μg,89μg,8μg,1mg,0mg,0mg,0mg,25mg,5mg,13mg,104mg,1mg,8mg,0mg,0mg,0μg,0mg,0mg,,,,,
504,,红玫瑰葡萄,,,,,155kJ,0g,0g,0mg,,8g,2g,0μg,88μg,0μg,2mg,0mg,0mg,0mg,5mg,17mg,13mg,119mg,2mg,8mg,0mg,0mg,0μg,0mg,0mg,,,,,
505,,巨峰葡萄,,,,,209kJ,0g,0g,0mg,,12g,0g,0μg,87μg,5μg,0mg,0mg,0mg,0mg,4mg,7mg,17mg,128mg,2mg,6mg,1mg,0mg,0μg,0mg,0mg,,,,,
506,,马奶子葡萄,,,,,167kJ,0g,0g,0mg,,9g,0g,0μg,90μg,8μg,0mg,0mg,0mg,1mg,0mg,0mg,0mg,0mg,0mg,0mg,0mg,0mg,0μg,0mg,0mg,,,,,
507,,玫瑰香葡萄,,,,,209kJ,0g,0g,0mg,,11g,1g,0μg,87μg,3μg,1mg,0mg,0mg,0mg,4mg,8mg,14mg,126mg,2mg,4mg,0mg,0mg,0μg,0mg,0mg,,,,,
508,,紫葡萄,,,,,180kJ,1g,0g,0mg,,9g,1g,0μg,88μg,10μg,0mg,0mg,0mg,0mg,3mg,10mg,10mg,151mg,2mg,9mg,0mg,0mg,0μg,0mg,0mg,,,,,
509,,葡萄干,,,,,1427kJ,2g,0g,0mg,,82g,2g,2μg,12μg,0μg,0mg,0mg,0mg,0mg,5mg,52mg,90mg,995mg,19mg,45mg,9mg,0mg,3μg,0mg,0mg,,,,,
510,,石榴(均值),,,,,264kJ,1g,0g,0mg,,14g,5g,1μg,79μg,0μg,5mg,0mg,0mg,0mg,9mg,9mg,71mg,231mg,1mg,16mg,0mg,0mg,0μg,0mg,0mg,,,,,
511,,红粉皮石榴,,,,,268kJ,1g,0g,0mg,,14g,5g,0μg,79μg,0μg,4mg,0mg,0mg,0mg,13mg,16mg,76mg,218mg,1mg,16mg,0mg,0mg,0μg,0mg,0mg,,,,,
512,,玛瑙石榴,,,,,264kJ,2g,0g,0mg,,14g,5g,1μg,79μg,0μg,2mg,0mg,0mg,0mg,5mg,6mg,70mg,231mg,1mg,17mg,0mg,0mg,0μg,0mg,0mg,,,,,
513,,青皮石榴,,,,,255kJ,1g,0g,0mg,,14g,5g,1μg,80μg,0μg,5mg,0mg,0mg,0mg,8mg,6mg,68mg,243mg,1mg,15mg,0mg,0mg,0μg,0mg,0mg,,,,,
514,,柿,,,,,297kJ,0g,0g,0mg,,17g,1g,0μg,81μg,20μg,1mg,0mg,0mg,0mg,30mg,9mg,23mg,151mg,1mg,19mg,0mg,0mg,0μg,0mg,0mg,,,,,
515,,荷柿,,,,,238kJ,1g,0g,0mg,,13g,4g,0μg,82μg,73μg,3mg,0mg,0mg,0mg,11mg,9mg,17mg,109mg,1mg,8mg,0mg,0mg,0μg,0mg,0mg,,,,,
516,,磨盘柿,,,,,318kJ,1g,0g,0mg,,18g,2g,0μg,79μg,17μg,1mg,0mg,0mg,0mg,10mg,5mg,14mg,135mg,5mg,3mg,0mg,0mg,0μg,0mg,0mg,,,,,
517,,柿饼,,,,,1046kJ,2g,0g,0mg,,60g,3g,1μg,34μg,48μg,1mg,0mg,0mg,0mg,0mg,54mg,55mg,339mg,6mg,21mg,3mg,0mg,1μg,0mg,0mg,,,,,
518,,桑葚(均值),,,,,205kJ,2g,0g,0mg,,10g,4g,1μg,83μg,5μg,10mg,0mg,0mg,0mg,0mg,37mg,33mg,32mg,2mg,0mg,0mg,0mg,6μg,0mg,0mg,,,,,
519,,桑葚(白),,,,,209kJ,2g,0g,0mg,,10g,5g,1μg,82μg,5μg,7mg,0mg,0mg,0mg,0mg,43mg,0mg,33mg,2mg,0mg,0mg,0mg,5μg,0mg,0mg,,,,,
520,,桑葚(红),,,,,201kJ,2g,0g,0mg,,10g,3g,1μg,84μg,3μg,13mg,0mg,0mg,0mg,0mg,30mg,33mg,32mg,2mg,0mg,0mg,0mg,6μg,0mg,0mg,,,,,
521,,桑葚(干),,,,,1000kJ,21g,6g,0mg,,25g,29g,8μg,11μg,0μg,33mg,0mg,1mg,5mg,7mg,622mg,486mg,159mg,28mg,332mg,42mg,6mg,34μg,2mg,4mg,,,,,
522,,醋栗[灯笼果],,,,,184kJ,1g,1g,0mg,,10g,2g,0μg,88μg,0μg,0mg,0mg,0mg,0mg,28mg,25mg,27mg,198mg,1mg,10mg,0mg,0mg,0μg,0mg,0mg,,,,,
523,,黑醋栗[黑加仑],,,,,264kJ,1g,0g,0mg,,15g,2g,1μg,82μg,0μg,0mg,0mg,0mg,0mg,181mg,55mg,59mg,322mg,2mg,24mg,2mg,0mg,0μg,0mg,0mg,,,,,
524,,沙棘,,,,,498kJ,1g,2g,0mg,,25g,1g,1μg,71μg,640μg,0mg,0mg,0mg,0mg,204mg,104mg,54mg,359mg,28mg,33mg,9mg,1mg,3μg,1mg,1mg,,,,,
525,,无花果,,,,,247kJ,2g,0g,0mg,,13g,3g,1μg,81μg,5μg,2mg,0mg,0mg,0mg,2mg,67mg,18mg,212mg,6mg,17mg,0mg,1mg,1μg,0mg,0mg,,,,,
526,,中华猕猴桃[毛叶猕猴桃],,,,,234kJ,1g,1g,0mg,,12g,3g,1μg,83μg,22μg,2mg,0mg,0mg,0mg,62mg,27mg,26mg,144mg,10mg,12mg,1mg,1mg,0μg,2mg,1mg,,,,,
527,,草莓[洋莓，凤阳草莓],,,,,126kJ,1g,0g,0mg,,6g,1g,0μg,91μg,5μg,1mg,0mg,0mg,0mg,47mg,18mg,27mg,131mg,4mg,12mg,2mg,0mg,1μg,0mg,0mg,,,,,
528,,橙,,,,,197kJ,1g,0g,0mg,,10g,1g,0μg,87μg,27μg,1mg,0mg,0mg,0mg,33mg,20mg,22mg,159mg,1mg,14mg,0mg,0mg,0μg,0mg,0mg,,,,,
529,,柑桔(均值),,,,,213kJ,1g,0g,0mg,,12g,0g,0μg,87μg,148μg,1mg,0mg,0mg,0mg,28mg,35mg,18mg,154mg,1mg,11mg,0mg,0mg,0μg,0mg,0mg,,,,,
530,,福桔,,,,,188kJ,1g,0g,0mg,,10g,0g,0μg,88μg,100μg,0mg,0mg,0mg,0mg,11mg,27mg,5mg,127mg,0mg,14mg,1mg,0mg,0μg,0mg,0mg,,,,,
531,,桔柑子[宽皮桂],,,,,180kJ,1g,0g,0mg,,10g,0g,0μg,89μg,82μg,1mg,0mg,0mg,0mg,35mg,24mg,18mg,128mg,1mg,14mg,0mg,0mg,1μg,0mg,0mg,,,,,
532,,金桔[金枣],,,,,230kJ,1g,0g,0mg,,12g,1g,0μg,85μg,62μg,2mg,0mg,0mg,0mg,35mg,56mg,20mg,144mg,3mg,20mg,1mg,0mg,1μg,0mg,0mg,,,,,
533,,芦柑,,,,,180kJ,1g,0g,0mg,,10g,1g,0μg,88μg,87μg,0mg,0mg,0mg,0mg,19mg,45mg,25mg,54mg,0mg,45mg,1mg,0mg,0μg,0mg,0mg,,,,,
534,,蜜桔,,,,,176kJ,1g,0g,0mg,,9g,1g,0μg,88μg,277μg,0mg,0mg,0mg,0mg,19mg,19mg,18mg,177mg,1mg,16mg,0mg,0mg,0μg,0mg,0mg,,,,,
535,,三湖红桔,,,,,172kJ,1g,0g,0mg,,9g,1g,0μg,88μg,0μg,0mg,0mg,0mg,0mg,3mg,33mg,25mg,250mg,1mg,16mg,0mg,0mg,1μg,0mg,0mg,,,,,
536,,四川红桔,,,,,167kJ,1g,0g,0mg,,9g,1g,0μg,89μg,30μg,0mg,0mg,0mg,0mg,33mg,42mg,25mg,105mg,2mg,4mg,0mg,0mg,0μg,0mg,0mg,,,,,
537,,小叶桔,,,,,159kJ,1g,0g,0mg,,8g,1g,0μg,90μg,410μg,1mg,0mg,0mg,1mg,0mg,72mg,16mg,124mg,2mg,29mg,0mg,0mg,0μg,0mg,0mg,,,,,
538,,早桔,,,,,238kJ,1g,0g,0mg,,12g,0g,0μg,86μg,857μg,1mg,0mg,0mg,0mg,25mg,21mg,22mg,131mg,1mg,15mg,1mg,0mg,0μg,0mg,0mg,,,,,
539,,桔饼,,,,,1523kJ,1g,0g,0mg,,89g,4g,1μg,5μg,43μg,0mg,0mg,0mg,1mg,0mg,125mg,6mg,4mg,486mg,17mg,1mg,0mg,1μg,0mg,0mg,,,,,
540,,柚[文旦],,,,,172kJ,1g,0g,0mg,,9g,0g,0μg,89μg,2μg,0mg,0mg,0mg,0mg,23mg,4mg,24mg,119mg,3mg,4mg,0mg,0mg,1μg,0mg,0mg,,,,,
541,,柠檬,,,,,146kJ,1g,1g,0mg,,5g,1g,0μg,91μg,0μg,1mg,0mg,0mg,1mg,22mg,101mg,22mg,209mg,1mg,37mg,1mg,1mg,0μg,0mg,0mg,,,,,
542,,芭蕉[甘蕉，板蕉，牙蕉],,,,,456kJ,1g,0g,0mg,,26g,3g,1μg,69μg,0μg,0mg,0mg,0mg,1mg,0mg,6mg,18mg,330mg,1mg,29mg,0mg,0mg,1μg,0mg,1mg,,,,,
543,,菠萝[凤梨，地菠萝],,,,,172kJ,0g,0g,0mg,,10g,1g,0μg,88μg,3μg,0mg,0mg,0mg,0mg,18mg,12mg,9mg,113mg,1mg,8mg,1mg,0mg,0μg,0mg,1mg,,,,,
544,,菠萝蜜[木菠萝],,,,,431kJ,0g,0g,0mg,,25g,1g,1μg,73μg,3μg,1mg,0mg,0mg,1mg,9mg,9mg,18mg,330mg,11mg,24mg,0mg,0mg,4μg,0mg,0mg,,,,,
545,,刺梨[茨梨，木梨子],,,,,230kJ,1g,0g,0mg,,13g,4g,1μg,81μg,483μg,0mg,0mg,0mg,0mg,2585mg,68mg,13mg,0mg,0mg,0mg,3mg,0mg,0μg,0mg,0mg,,,,,
546,,番石榴[鸡矢果，番桃],,,,,172kJ,1g,0g,0mg,,8g,6g,0μg,84μg,0μg,0mg,0mg,0mg,0mg,68mg,13mg,16mg,235mg,3mg,10mg,0mg,0mg,2μg,0mg,0mg,,,,,
547,,桂圆,,,,,297kJ,1g,0g,0mg,,16g,0g,1μg,81μg,3μg,0mg,0mg,0mg,1mg,43mg,6mg,30mg,248mg,4mg,10mg,0mg,0mg,1μg,0mg,0mg,,,,,
548,,桂圆(干),,,,,1142kJ,5g,0g,0mg,,63g,2g,3μg,27μg,0μg,0mg,0mg,0mg,1mg,12mg,38mg,206mg,1348mg,3mg,81mg,1mg,1mg,12μg,1mg,0mg,,,,,
549,,桂圆肉,,,,,1310kJ,5g,1g,0mg,,72g,2g,3μg,18μg,0μg,0mg,0mg,1mg,9mg,27mg,39mg,120mg,129mg,7mg,55mg,4mg,1mg,3μg,1mg,0mg,,,,,
550,,黄皮果,,,,,130kJ,2g,0g,0mg,,6g,4g,1μg,88μg,0μg,0mg,0mg,0mg,0mg,35mg,0mg,0mg,226mg,6mg,16mg,0mg,0mg,1μg,0mg,1mg,,,,,
551,,荔枝,,,,,293kJ,1g,0g,0mg,,16g,0g,0μg,82μg,2μg,0mg,0mg,0mg,1mg,41mg,2mg,24mg,151mg,2mg,12mg,0mg,0mg,0μg,0mg,0mg,,,,,
552,,芒果[抹猛果，望果],,,,,134kJ,1g,0g,0mg,,7g,1g,0μg,91μg,150μg,1mg,0mg,0mg,0mg,23mg,0mg,11mg,138mg,3mg,14mg,0mg,0mg,1μg,0mg,0mg,,,,,
553,,木瓜[番木瓜],,,,,113kJ,0g,0g,0mg,,6g,1g,0μg,92μg,145μg,0mg,0mg,0mg,0mg,43mg,17mg,12mg,18mg,28mg,9mg,0mg,0mg,2μg,0mg,0mg,,,,,
554,,人参果,,,,,335kJ,1g,1g,0mg,,18g,4g,0μg,77μg,8μg,0mg,0mg,0mg,0mg,12mg,13mg,7mg,100mg,7mg,11mg,0mg,0mg,2μg,0mg,0mg,,,,,
555,,香蕉[甘蕉],,,,,381kJ,1g,0g,0mg,,21g,1g,1μg,76μg,10μg,0mg,0mg,0mg,1mg,8mg,7mg,28mg,256mg,1mg,43mg,0mg,0mg,1μg,0mg,1mg,,,,,
556,,杨梅[树梅，山杨梅],,,,,117kJ,1g,0g,0mg,,6g,1g,0μg,92μg,7μg,1mg,0mg,0mg,0mg,9mg,14mg,8mg,149mg,1mg,10mg,1mg,0mg,0μg,0mg,1mg,,,,,
557,,杨桃,,,,,121kJ,1g,0g,0mg,,6g,1g,0μg,91μg,3μg,0mg,0mg,0mg,1mg,7mg,4mg,18mg,128mg,1mg,10mg,0mg,0mg,1μg,0mg,0mg,,,,,
558,,椰子,,,,,967kJ,4g,12g,0mg,,27g,5g,1μg,52μg,0μg,0mg,0mg,0mg,0mg,6mg,2mg,90mg,475mg,56mg,65mg,2mg,1mg,0μg,0mg,0mg,,,,,
559,,枇杷,,,,,163kJ,1g,0g,0mg,,8g,1g,0μg,89μg,0μg,0mg,0mg,0mg,0mg,8mg,17mg,8mg,122mg,4mg,10mg,1mg,0mg,1μg,0mg,0mg,,,,,
560,,橄榄(白榄),,,,,205kJ,1g,0g,0mg,,11g,4g,1μg,83μg,22μg,0mg,0mg,0mg,1mg,3mg,49mg,18mg,23mg,0mg,10mg,0mg,0mg,0μg,0mg,0mg,,,,,
561,,余柑子[油柑子],,,,,159kJ,0g,0g,0mg,,9g,3g,1μg,87μg,8μg,0mg,0mg,0mg,0mg,62mg,6mg,9mg,15mg,0mg,8mg,0mg,0mg,1μg,0mg,1mg,,,,,
562,,白金瓜,,,,,100kJ,0g,0g,0mg,,6g,0g,0μg,93μg,17μg,0mg,0mg,0mg,1mg,17mg,12mg,13mg,182mg,2mg,10mg,0mg,0mg,0μg,0mg,0mg,,,,,
563,,白兰瓜,,,,,88kJ,1g,0g,0mg,,4g,1g,1μg,93μg,7μg,0mg,0mg,0mg,1mg,14mg,24mg,13mg,0mg,0mg,0mg,1mg,0mg,0μg,0mg,0mg,,,,,
564,,哈蜜瓜,,,,,142kJ,0g,0g,0mg,,8g,0g,0μg,91μg,153μg,0mg,0mg,0mg,0mg,12mg,4mg,19mg,190mg,27mg,19mg,0mg,0mg,1μg,0mg,0mg,,,,,
565,,黄河蜜瓜,,,,,21kJ,0g,0g,0mg,,1g,3g,1μg,95μg,30μg,0mg,0mg,0mg,0mg,15mg,0mg,0mg,0mg,0mg,0mg,0mg,0mg,0μg,0mg,0mg,,,,,
566,,金塔寺瓜,,,,,38kJ,1g,0g,0mg,,1g,1g,0μg,97μg,0μg,0mg,0mg,0mg,0mg,18mg,0mg,0mg,0mg,0mg,0mg,0mg,0mg,0μg,0mg,0mg,,,,,
567,,灵蜜瓜,,,,,13kJ,0g,0g,0mg,,0g,0g,1μg,98μg,0μg,0mg,0mg,0mg,0mg,0mg,12mg,1mg,62mg,5mg,0mg,0mg,0mg,0μg,0mg,0mg,,,,,
568,,麻醉瓜,,,,,71kJ,1g,0g,0mg,,3g,0g,0μg,95μg,0μg,0mg,0mg,0mg,0mg,17mg,0mg,0mg,0mg,0mg,0mg,0mg,0mg,0μg,0mg,0mg,,,,,
569,,甜瓜[香瓜],,,,,109kJ,0g,0g,0mg,,6g,0g,0μg,93μg,5μg,0mg,0mg,0mg,0mg,15mg,14mg,17mg,139mg,9mg,11mg,1mg,0mg,0μg,0mg,0mg,,,,,
570,,西瓜(均值),,,,,105kJ,1g,0g,0mg,,6g,0g,0μg,93μg,75μg,0mg,0mg,0mg,0mg,6mg,8mg,9mg,87mg,3mg,8mg,0mg,0mg,0μg,0mg,0mg,,,,,
571,,西瓜(京欣一号),,,,,142kJ,0g,0g,0mg,,8g,0g,0μg,91μg,13μg,0mg,0mg,0mg,0mg,7mg,10mg,13mg,79mg,4mg,11mg,0mg,0mg,0μg,0mg,0mg,,,,,
572,,西瓜(郑州三号),,,,,105kJ,1g,0g,0mg,,6g,0g,0μg,93μg,35μg,0mg,0mg,0mg,0mg,4mg,4mg,11mg,115mg,2mg,10mg,0mg,0mg,0μg,0mg,0mg,,,,,
573,,西瓜(忠于6号，黑皮),,,,,134kJ,0g,0g,0mg,,6g,0g,0μg,92μg,38μg,0mg,0mg,0mg,0mg,6mg,0mg,0mg,0mg,0mg,22mg,0mg,0mg,0μg,0mg,0mg,,,,,
574,,籽瓜,,,,,17kJ,0g,0g,0mg,,0g,0g,0μg,99μg,0μg,0mg,0mg,0mg,0mg,10mg,0mg,0mg,0mg,0mg,0mg,0mg,0mg,0μg,0mg,0mg,,,,,
575,,白果(干)[银杏],,,,,1485kJ,13g,1g,0mg,,73g,0g,3μg,10μg,0μg,25mg,0mg,0mg,0mg,0mg,54mg,23mg,17mg,18mg,0mg,0mg,1mg,14μg,0mg,2mg,,,,,
576,,菠萝蜜子,,,,,669kJ,5g,0g,0mg,,34g,2g,1μg,57μg,0μg,0mg,0mg,0mg,1mg,16mg,18mg,68mg,400mg,12mg,27mg,2mg,1mg,10μg,0mg,0mg,,,,,
577,,核桃(鲜),,,,,1372kJ,13g,30g,0mg,,2g,4g,1μg,50μg,0μg,41mg,0mg,0mg,1mg,10mg,0mg,0mg,0mg,0mg,0mg,0mg,0mg,0μg,0mg,0mg,,,,,
578,,核桃(干)[胡桃],,,,,2623kJ,15g,59g,0mg,,10g,10g,2μg,5μg,5μg,43mg,0mg,0mg,1mg,1mg,56mg,294mg,385mg,6mg,131mg,3mg,2mg,5μg,1mg,3mg,,,,,
579,,毛核桃,,,,,728kJ,12g,7g,0mg,,16g,5g,2μg,58μg,0μg,0mg,0mg,0mg,2mg,40mg,0mg,0mg,0mg,0mg,0mg,0mg,0mg,0μg,0mg,0mg,,,,,
580,,山核桃(干),,,,,2515kJ,18g,50g,0mg,,19g,7g,3μg,2μg,5μg,66mg,0mg,0mg,0mg,0mg,57mg,521mg,237mg,251mg,306mg,7mg,6mg,1μg,2mg,8mg,,,,,
581,,山核桃(熟)[小核桃],,,,,2494kJ,8g,51g,0mg,,27g,8g,4μg,2μg,0μg,14mg,0mg,0mg,1mg,0mg,133mg,222mg,241mg,430mg,5mg,5mg,13mg,0μg,0mg,0mg,,,,,
582,,栗子(鲜)[板栗],,,,,774kJ,4g,1g,0mg,,40g,2g,1μg,52μg,32μg,5mg,0mg,0mg,1mg,24mg,17mg,89mg,442mg,14mg,50mg,1mg,1mg,1μg,0mg,2mg,,,,,
583,,栗子(干),,,,,1443kJ,5g,2g,0mg,,77g,1g,1μg,13μg,5μg,11mg,0mg,0mg,1mg,25mg,0mg,0mg,0mg,8mg,56mg,1mg,1mg,0μg,1mg,1mg,,,,,
584,,栗子(熟)[板栗],,,,,887kJ,5g,2g,0mg,,45g,1g,1μg,47μg,40μg,0mg,0mg,0mg,1mg,36mg,15mg,91mg,0mg,0mg,0mg,2mg,0mg,0μg,0mg,0mg,,,,,
585,,松子(生),,,,,2678kJ,13g,63g,0mg,,7g,12g,3μg,3μg,7μg,34mg,0mg,0mg,4mg,0mg,3mg,620mg,184mg,0mg,567mg,6mg,9mg,1μg,3mg,10mg,,,,,
586,,松子(炒),,,,,2590kJ,14g,58g,0mg,,9g,12g,2μg,4μg,5μg,25mg,0mg,0mg,4mg,0mg,161mg,227mg,612mg,3mg,186mg,5mg,5mg,1μg,1mg,7mg,,,,,
587,,松子仁,,,,,2920kJ,13g,71g,0mg,,2g,10g,3μg,1μg,2μg,33mg,0mg,0mg,4mg,0mg,78mg,569mg,502mg,10mg,116mg,4mg,5mg,1μg,1mg,6mg,,,,,
588,,杏仁,,,,,2351kJ,22g,45g,0mg,,16g,8g,3μg,6μg,0μg,19mg,0mg,1mg,0mg,26mg,97mg,27mg,106mg,8mg,178mg,2mg,4mg,16μg,1mg,1mg,,,,,
589,,杏仁(大),,,,,2105kJ,20g,43g,0mg,,9g,18g,3μg,6μg,0μg,0mg,0mg,2mg,0mg,26mg,49mg,4mg,169mg,0mg,0mg,1mg,4mg,27μg,1mg,1mg,,,,,
590,,杏仁(炒),,,,,2510kJ,26g,51g,0mg,,10g,9g,2μg,2μg,17μg,0mg,0mg,1mg,2mg,0mg,141mg,202mg,0mg,0mg,0mg,4mg,0mg,0μg,0mg,0mg,,,,,
591,,杏仁(原味全部),,,,,2418kJ,21g,51g,0mg,,20g,12g,3μg,5μg,0μg,0mg,0mg,1mg,4mg,0mg,248mg,474mg,728mg,1mg,275mg,4mg,3mg,4μg,1mg,3mg,,,,,
592,,杏仁(漂白后),,,,,2431kJ,22g,51g,0mg,,20g,10g,3μg,4μg,0μg,0mg,0mg,1mg,4mg,0mg,216mg,480mg,687mg,28mg,275mg,4mg,3mg,4μg,1mg,2mg,,,,,
593,,杏仁(过油炸干),,,,,2540kJ,21g,55g,0mg,,18g,10g,3μg,3μg,0μg,0mg,0mg,1mg,4mg,0mg,291mg,466mg,699mg,1mg,274mg,4mg,3mg,4μg,1mg,2mg,,,,,
594,,杏仁(烤干，不加盐),,,,,2498kJ,22g,53g,0mg,,19g,12g,3μg,3μg,0μg,0mg,0mg,1mg,4mg,0mg,266mg,489mg,746mg,1mg,286mg,4mg,4mg,4μg,1mg,3mg,,,,,
595,,杏仁(烤干，加盐),,,,,2498kJ,22g,53g,0mg,,19g,12g,3μg,3μg,0μg,0mg,0mg,1mg,4mg,0mg,266mg,489mg,746mg,339mg,286mg,4mg,4mg,4μg,1mg,3mg,,,,,
596,,橡实[橡子，青冈子],,,,,967kJ,4g,2g,0mg,,49g,1g,1μg,42μg,0μg,0mg,0mg,0mg,0mg,7mg,112mg,64mg,0mg,0mg,0mg,6mg,0mg,0μg,0mg,0mg,,,,,
597,,腰果,,,,,2310kJ,17g,37g,0mg,,38g,4g,2μg,2μg,8μg,3mg,0mg,0mg,1mg,0mg,26mg,395mg,503mg,251mg,153mg,5mg,4mg,34μg,1mg,2mg,,,,,
598,,榛子(干),,,,,2268kJ,20g,45g,0mg,,15g,10g,4μg,7μg,8μg,36mg,1mg,0mg,2mg,0mg,104mg,422mg,1244mg,5mg,420mg,6mg,6mg,1μg,3mg,15mg,,,,,
599,,榛子(炒),,,,,2485kJ,30g,50g,0mg,,5g,8g,4μg,2μg,12μg,25mg,0mg,0mg,10mg,0mg,815mg,423mg,686mg,153mg,502mg,5mg,4mg,2μg,2mg,18mg,,,,,
600,,胡麻籽,,,,,1632kJ,19g,31g,0mg,,9g,30g,4μg,7μg,0μg,13mg,0mg,0mg,1mg,0mg,228mg,577mg,408mg,49mg,389mg,20mg,5mg,0μg,2mg,3mg,,,,,
601,,花生(鲜)[落花生，长生果],,,,,1247kJ,12g,25g,0mg,,5g,8g,1μg,48μg,2μg,3mg,0mg,0mg,14mg,14mg,8mg,250mg,390mg,4mg,110mg,3mg,2mg,4μg,1mg,1mg,,,,,
602,,花生(炒),,,,,2464kJ,22g,48g,0mg,,18g,6g,2μg,4μg,10μg,13mg,0mg,0mg,19mg,0mg,47mg,326mg,563mg,35mg,171mg,2mg,2mg,4μg,1mg,1mg,,,,,
603,,花生仁(生),,,,,2356kJ,25g,44g,0mg,,16g,6g,2μg,7μg,5μg,18mg,1mg,0mg,18mg,2mg,39mg,324mg,587mg,4mg,178mg,2mg,2mg,4μg,1mg,1mg,,,,,
604,,花生仁(炒),,,,,2431kJ,24g,44g,0mg,,21g,4g,4μg,2μg,0μg,15mg,0mg,0mg,19mg,0mg,284mg,315mg,674mg,445mg,176mg,7mg,3mg,7μg,1mg,2mg,,,,,
605,,葵花子(生),,,,,2498kJ,24g,50g,0mg,,13g,6g,5μg,2μg,5μg,35mg,0mg,0mg,5mg,0mg,72mg,238mg,562mg,6mg,264mg,6mg,6mg,1μg,3mg,2mg,,,,,
606,,葵花子(炒),,,,,2577kJ,23g,53g,0mg,,12g,5g,5μg,2μg,5μg,26mg,0mg,0mg,5mg,0mg,72mg,564mg,491mg,1322mg,267mg,6mg,6mg,2μg,2mg,2mg,,,,,
607,,葵花子仁,,,,,2536kJ,19g,53g,0mg,,12g,4g,3μg,8μg,0μg,79mg,2mg,0mg,4mg,0mg,115mg,604mg,547mg,5mg,287mg,3mg,0mg,6μg,1mg,1mg,,,,,
608,,莲子(干),,,,,1439kJ,17g,2g,0mg,,64g,3g,4μg,10μg,0μg,3mg,0mg,0mg,4mg,5mg,97mg,550mg,846mg,5mg,242mg,4mg,3mg,3μg,1mg,8mg,,,,,
609,,莲子(糖水罐头),,,,,841kJ,3g,0g,0mg,,46g,1g,1μg,49μg,0μg,0mg,0mg,0mg,2mg,0mg,24mg,133mg,27mg,9mg,9mg,0mg,0mg,2μg,0mg,0mg,,,,,
610,,南瓜子(炒)[白瓜子],,,,,2402kJ,36g,46g,0mg,,4g,4g,6μg,4μg,0μg,27mg,0mg,0mg,3mg,0mg,37mg,0mg,672mg,16mg,376mg,6mg,7mg,27μg,1mg,4mg,,,,,
611,,南瓜子仁,,,,,2368kJ,33g,48g,0mg,,0g,5g,5μg,9μg,0μg,13mg,0mg,0mg,2mg,0mg,16mg,1159mg,102mg,21mg,2mg,2mg,3mg,3μg,1mg,1mg,,,,,
612,,西瓜子(炒),,,,,2397kJ,33g,45g,0mg,,10g,4g,4μg,4μg,0μg,1mg,0mg,0mg,3mg,0mg,28mg,765mg,612mg,188mg,448mg,8mg,7mg,23μg,2mg,2mg,,,,,
613,,西瓜子(话梅),,,,,2264kJ,30g,46g,0mg,,0g,13g,5μg,5μg,0μg,3mg,0mg,0mg,3mg,0mg,392mg,868mg,516mg,134mg,18mg,4mg,6mg,6μg,2mg,1mg,,,,,
614,,西瓜子仁,,,,,2326kJ,32g,46g,0mg,,3g,5g,4μg,9μg,0μg,27mg,0mg,0mg,1mg,0mg,0mg,818mg,186mg,9mg,1mg,5mg,0mg,11μg,0mg,1mg,,,,,
615,,芝麻籽(白),,,,,2163kJ,18g,40g,0mg,,22g,10g,5μg,5μg,0μg,38mg,0mg,0mg,4mg,0mg,620mg,513mg,266mg,32mg,202mg,14mg,4mg,4μg,1mg,1mg,,,,,
616,,芝麻籽(黑),,,,,2222kJ,19g,46g,0mg,,10g,14g,5μg,6μg,0μg,50mg,1mg,0mg,6mg,0mg,780mg,516mg,358mg,8mg,290mg,23mg,6mg,5μg,2mg,18mg,,,,,
617,,芡实米(鲜)[鸡头米],,,,,602kJ,4g,0g,0mg,,31g,0g,0μg,63μg,0μg,0mg,0mg,0mg,2mg,6mg,9mg,110mg,0mg,0mg,0mg,0mg,0mg,0μg,0mg,0mg,,,,,
618,,芡实米[鸡头米],,,,,1469kJ,8g,0g,0mg,,79g,1g,0μg,11μg,0μg,0mg,0mg,0mg,0mg,0mg,37mg,56mg,60mg,28mg,16mg,0mg,1mg,6μg,1mg,2mg,,,,,
619,,猪肉(肥瘦)(均值),,,,,1653kJ,13g,37g,80mg,,2g,0g,1μg,47μg,18μg,0mg,0mg,0mg,4mg,0mg,6mg,162mg,204mg,59mg,16mg,2mg,2mg,12μg,0mg,0mg,,,,,
620,,猪肉(肥),,,,,3376kJ,2g,89g,109mg,,0g,0g,0μg,9μg,29μg,0mg,0mg,0mg,1mg,0mg,3mg,18mg,23mg,20mg,2mg,1mg,1mg,8μg,0mg,0mg,,,,,
621,,猪肉(后臀尖),,,,,1406kJ,15g,31g,87mg,,0g,0g,1μg,54μg,16μg,1mg,0mg,0mg,3mg,0mg,5mg,130mg,178mg,58mg,12mg,1mg,1mg,3μg,0mg,0mg,,,,,
622,,猪肉(后肘),,,,,1339kJ,17g,28g,79mg,,0g,0g,1μg,58μg,8μg,0mg,0mg,0mg,3mg,0mg,6mg,142mg,188mg,77mg,12mg,1mg,2mg,7μg,0mg,0mg,,,,,
623,,猪肉(肋条肉),,,,,2377kJ,9g,59g,109mg,,0g,0g,1μg,31μg,10μg,0mg,0mg,0mg,2mg,0mg,6mg,96mg,214mg,80mg,17mg,1mg,2mg,4μg,0mg,0mg,,,,,
624,,猪肉(里脊),,,,,649kJ,20g,8g,55mg,,1g,0g,1μg,70μg,5μg,1mg,0mg,0mg,5mg,0mg,6mg,184mg,317mg,43mg,28mg,2mg,2mg,5μg,0mg,0mg,,,,,
625,,猪肉(奶脯)[软五花，猪夹心],,,,,1460kJ,8g,35g,98mg,,0g,0g,0μg,57μg,39μg,0mg,0mg,0mg,2mg,0mg,5mg,67mg,53mg,37mg,5mg,1mg,1mg,2μg,0mg,0mg,,,,,
626,,猪肉(奶面)[硬五花],,,,,1418kJ,14g,31g,77mg,,2g,0g,1μg,53μg,10μg,0mg,0mg,0mg,3mg,0mg,6mg,120mg,168mg,52mg,15mg,1mg,2mg,6μg,0mg,0mg,,,,,
627,,猪肉(前肘),,,,,1201kJ,17g,23g,79mg,,3g,0g,1μg,56μg,16μg,1mg,0mg,0mg,3mg,0mg,5mg,181mg,137mg,122mg,16mg,4mg,2mg,32μg,0mg,0mg,,,,,
628,,猪肉(瘦),,,,,598kJ,20g,6g,81mg,,2g,0g,1μg,71μg,44μg,0mg,1mg,0mg,5mg,0mg,6mg,189mg,305mg,58mg,25mg,3mg,3mg,10μg,0mg,0mg,,,,,
629,,猪肉(腿),,,,,795kJ,18g,13g,79mg,,1g,0g,1μg,68μg,3μg,0mg,1mg,0mg,5mg,0mg,6mg,185mg,295mg,63mg,25mg,1mg,2mg,13μg,0mg,0mg,,,,,
630,,猪肉(猪脖),,,,,2414kJ,8g,60g,94mg,,0g,0g,0μg,31μg,18μg,1mg,0mg,0mg,2mg,0mg,4mg,77mg,99mg,54mg,7mg,1mg,1mg,2μg,0mg,0mg,,,,,
631,,猪大肠,,,,,820kJ,7g,19g,137mg,,0g,0g,1μg,74μg,7μg,0mg,0mg,0mg,2mg,0mg,10mg,56mg,44mg,116mg,8mg,1mg,1mg,17μg,0mg,0mg,,,,,
632,,猪大排,,,,,1105kJ,18g,20g,165mg,,2g,0g,1μg,59μg,12μg,0mg,1mg,0mg,5mg,0mg,8mg,125mg,274mg,44mg,17mg,1mg,2mg,10μg,0mg,0mg,,,,,
633,,猪耳,,,,,736kJ,19g,11g,92mg,,0g,0g,0μg,69μg,0μg,1mg,0mg,0mg,4mg,0mg,6mg,28mg,58mg,68mg,3mg,1mg,0mg,4μg,0mg,0mg,,,,,
634,,猪蹄,,,,,1088kJ,23g,19g,192mg,,0g,0g,0μg,58μg,3μg,0mg,0mg,0mg,2mg,0mg,33mg,33mg,54mg,101mg,5mg,1mg,1mg,6μg,0mg,0mg,,,,,
635,,猪蹄筋,,,,,653kJ,35g,1g,79mg,,0g,0g,0μg,62μg,0μg,0mg,0mg,0mg,3mg,0mg,15mg,40mg,46mg,178mg,4mg,2mg,2mg,10μg,0mg,0mg,,,,,
636,,猪头皮,,,,,2088kJ,12g,45g,304mg,,13g,0g,0μg,31μg,0μg,0mg,0mg,0mg,0mg,0mg,13mg,37mg,62mg,72mg,56mg,2mg,1mg,0μg,0mg,1mg,,,,,
637,,猪小排,,,,,1163kJ,17g,23g,146mg,,1g,0g,1μg,58μg,5μg,0mg,0mg,0mg,4mg,0mg,14mg,135mg,230mg,63mg,14mg,1mg,3mg,11μg,0mg,0mg,,,,,
638,,猪肘棒,,,,,1038kJ,16g,16g,65mg,,9g,0g,3μg,56μg,0μg,0mg,0mg,0mg,7mg,0mg,19mg,122mg,148mg,80mg,5mg,2mg,2mg,7μg,0mg,0mg,,,,,
639,,猪胆肝,,,,,1406kJ,44g,6g,1017mg,,25g,0g,8μg,16μg,3582μg,0mg,0mg,2mg,11mg,0mg,12mg,325mg,855mg,3625mg,95mg,181mg,11mg,43μg,1mg,1mg,,,,,
640,,猪肚,,,,,460kJ,15g,5g,165mg,,1g,0g,1μg,78μg,3μg,0mg,0mg,0mg,4mg,0mg,11mg,124mg,171mg,75mg,12mg,2mg,2mg,13μg,0mg,0mg,,,,,
641,,猪肺,,,,,351kJ,12g,4g,290mg,,0g,0g,1μg,83μg,10μg,0mg,0mg,0mg,2mg,0mg,6mg,165mg,210mg,81mg,10mg,5mg,1mg,11μg,0mg,0mg,,,,,
642,,猪肝,,,,,540kJ,19g,4g,288mg,,5g,0g,2μg,71μg,4972μg,1mg,0mg,2mg,15mg,20mg,6mg,310mg,235mg,69mg,24mg,23mg,6mg,19μg,1mg,0mg,,,,,
643,,猪脑,,,,,548kJ,11g,10g,2571mg,,0g,0g,2μg,78μg,0μg,1mg,0mg,0mg,3mg,0mg,30mg,294mg,259mg,131mg,10mg,2mg,1mg,13μg,0mg,0mg,,,,,
644,,猪脾,,,,,393kJ,13g,3g,461mg,,3g,0g,1μg,79μg,0μg,0mg,0mg,0mg,1mg,0mg,1mg,111mg,234mg,26mg,14mg,11mg,1mg,16μg,0mg,0mg,,,,,
645,,猪舌[口条],,,,,975kJ,16g,18g,158mg,,2g,0g,1μg,64μg,15μg,1mg,0mg,0mg,5mg,0mg,13mg,163mg,216mg,79mg,14mg,3mg,2mg,12μg,0mg,0mg,,,,,
646,,猪肾[猪腰子],,,,,402kJ,15g,3g,354mg,,1g,0g,1μg,79μg,41μg,0mg,0mg,1mg,8mg,13mg,12mg,215mg,217mg,134mg,22mg,6mg,3mg,112μg,1mg,0mg,,,,,
647,,猪肾(腰子),,,,,573kJ,16g,8g,0mg,,0g,0g,1μg,75μg,46μg,0mg,0mg,1mg,6mg,7mg,2mg,232mg,194mg,125mg,16mg,5mg,2mg,157μg,0mg,0mg,,,,,
648,,猪小肠,,,,,272kJ,10g,2g,183mg,,2g,0g,1μg,85μg,6μg,0mg,0mg,0mg,3mg,0mg,7mg,95mg,142mg,205mg,16mg,2mg,3mg,7μg,0mg,0mg,,,,,
649,,猪心,,,,,498kJ,17g,5g,151mg,,1g,0g,1μg,76μg,13μg,1mg,0mg,0mg,7mg,4mg,12mg,189mg,260mg,71mg,17mg,4mg,2mg,15μg,0mg,0mg,,,,,
650,,猪血,,,,,230kJ,12g,0g,51mg,,1g,0g,1μg,86μg,0μg,0mg,0mg,0mg,0mg,0mg,4mg,16mg,56mg,56mg,5mg,9mg,0mg,8μg,0mg,0mg,,,,,
651,,叉烧肉,,,,,1167kJ,24g,17g,68mg,,8g,0g,2μg,49μg,16μg,1mg,1mg,0mg,7mg,0mg,8mg,218mg,430mg,819mg,28mg,3mg,2mg,8μg,0mg,0mg,,,,,
652,,宫爆肉丁(罐头),,,,,1477kJ,18g,28g,62mg,,8g,0g,2μg,44μg,31μg,2mg,0mg,0mg,10mg,0mg,47mg,140mg,113mg,472mg,9mg,2mg,3mg,3μg,0mg,0mg,,,,,
653,,酱汁肉,,,,,2297kJ,16g,50g,92mg,,8g,0g,2μg,24μg,4μg,0mg,0mg,0mg,2mg,0mg,9mg,90mg,110mg,257mg,2mg,2mg,3mg,0μg,0mg,0mg,,,,,
654,,腊肉(培根),,,,,757kJ,22g,9g,46mg,,3g,0g,3μg,63μg,0μg,0mg,1mg,0mg,4mg,0mg,2mg,228mg,294mg,51mg,3mg,2mg,2mg,6μg,0mg,0mg,,,,,
655,,腊肉(生),,,,,2084kJ,12g,49g,123mg,,3g,0g,5μg,31μg,96μg,6mg,0mg,0mg,0mg,0mg,22mg,249mg,416mg,764mg,35mg,8mg,3mg,24μg,0mg,0mg,,,,,
656,,卤猪杂,,,,,778kJ,25g,5g,208mg,,11g,0g,2μg,58μg,0μg,0mg,0mg,0mg,2mg,0mg,14mg,142mg,121mg,881mg,12mg,3mg,2mg,5μg,0mg,0mg,,,,,
657,,午餐肉,,,,,958kJ,9g,16g,56mg,,12g,0g,3μg,60μg,0μg,0mg,0mg,0mg,11mg,0mg,57mg,81mg,146mg,982mg,18mg,1mg,1mg,4μg,0mg,0mg,,,,,
658,,咸肉,,,,,1632kJ,16g,36g,72mg,,0g,0g,8μg,40μg,20μg,0mg,1mg,0mg,4mg,0mg,10mg,112mg,387mg,196mg,30mg,3mg,2mg,13μg,0mg,0mg,,,,,
659,,珍珠里脊丝(罐头),,,,,941kJ,7g,17g,120mg,,10g,0g,2μg,64μg,0μg,1mg,0mg,0mg,5mg,0mg,34mg,61mg,136mg,572mg,14mg,1mg,1mg,3μg,0mg,0mg,,,,,
660,,猪肝(卤煮),,,,,849kJ,26g,8g,469mg,,6g,0g,3μg,56μg,4200μg,0mg,0mg,0mg,0mg,0mg,68mg,153mg,188mg,675mg,12mg,2mg,0mg,29μg,0mg,0mg,,,,,
661,,猪肉(清蒸),,,,,828kJ,18g,14g,62mg,,0g,0g,1μg,67μg,0μg,0mg,0mg,0mg,3mg,0mg,4mg,113mg,134mg,211mg,9mg,3mg,3mg,11μg,0mg,0mg,,,,,
662,,猪蹄(熟),,,,,1088kJ,24g,17g,86mg,,3g,0g,0μg,56μg,0μg,0mg,0mg,0mg,3mg,0mg,32mg,52mg,18mg,363mg,3mg,2mg,1mg,4μg,0mg,0mg,,,,,
663,,猪肘棒(熟),,,,,1314kJ,21g,24g,108mg,,2g,0g,3μg,50μg,0μg,0mg,0mg,0mg,4mg,0mg,55mg,102mg,106mg,754mg,6mg,2mg,3mg,11μg,0mg,0mg,,,,,
664,,猪肉松(均值),,,,,1657kJ,23g,12g,111mg,,50g,0g,6μg,9μg,44μg,10mg,0mg,0mg,3mg,0mg,41mg,162mg,313mg,469mg,55mg,6mg,4mg,9μg,0mg,1mg,,,,,
665,,福建式肉松,,,,,2063kJ,25g,26g,111mg,,40g,0g,6μg,4μg,0μg,1mg,0mg,0mg,3mg,0mg,3mg,151mg,264mg,1420mg,3mg,8mg,3mg,13μg,1mg,0mg,,,,,
666,,老年保健肉松,,,,,1916kJ,36g,20g,111mg,,32g,0g,6μg,5μg,0μg,15mg,0mg,0mg,4mg,0mg,33mg,249mg,451mg,2302mg,3mg,3mg,4mg,16μg,0mg,1mg,,,,,
667,,太仓肉松,,,,,1322kJ,39g,8g,111mg,,22g,0g,7μg,24μg,0μg,0mg,0mg,0mg,3mg,0mg,53mg,179mg,300mg,1880mg,42mg,8mg,7mg,16μg,0mg,0mg,,,,,
668,,茶肠,,,,,1377kJ,9g,30g,72mg,,7g,0g,2μg,52μg,0μg,0mg,0mg,0mg,3mg,0mg,2mg,150mg,178mg,723mg,15mg,2mg,3mg,3μg,0mg,0mg,,,,,
669,,大腊肠,,,,,1117kJ,13g,20g,69mg,,9g,0g,4μg,55μg,0μg,0mg,1mg,0mg,10mg,0mg,24mg,66mg,159mg,1099mg,7mg,2mg,1mg,5μg,0mg,0mg,,,,,
670,,大肉肠,,,,,1142kJ,12g,23g,72mg,,5g,0g,4μg,57μg,0μg,0mg,0mg,0mg,7mg,0mg,67mg,97mg,233mg,1370mg,27mg,3mg,3mg,5μg,0mg,0mg,,,,,
671,,蛋清肠,,,,,1163kJ,12g,23g,122mg,,6g,0g,4μg,55μg,20μg,0mg,1mg,0mg,11mg,0mg,26mg,85mg,161mg,1143mg,7mg,2mg,1mg,6μg,0mg,0mg,,,,,
672,,儿童肠,,,,,1213kJ,13g,20g,61mg,,15g,0g,2μg,50μg,0μg,1mg,0mg,0mg,3mg,0mg,12mg,101mg,218mg,0mg,18mg,3mg,2mg,17μg,0mg,0mg,,,,,
673,,风干肠,,,,,1184kJ,12g,23g,47mg,,6g,0g,3μg,56μg,0μg,0mg,0mg,0mg,13mg,0mg,18mg,121mg,163mg,618mg,7mg,4mg,1mg,4μg,0mg,0mg,,,,,
674,,广东香肠,,,,,1812kJ,18g,37g,94mg,,6g,0g,5μg,34μg,0μg,0mg,0mg,0mg,6mg,0mg,5mg,173mg,356mg,1478mg,24mg,3mg,3mg,7μg,0mg,0mg,,,,,
675,,红果肠,,,,,1088kJ,10g,15g,23mg,,20g,0g,3μg,51μg,0μg,0mg,0mg,0mg,11mg,0mg,22mg,97mg,145mg,781mg,7mg,5mg,1mg,4μg,0mg,0mg,,,,,
676,,火腿肠,,,,,887kJ,14g,10g,57mg,,16g,0g,3μg,57μg,5μg,1mg,0mg,0mg,2mg,0mg,9mg,187mg,217mg,771mg,22mg,4mg,3mg,9μg,0mg,0mg,,,,,
677,,腊肠,,,,,2443kJ,22g,48g,88mg,,15g,0g,6μg,8μg,0μg,0mg,0mg,0mg,4mg,0mg,24mg,69mg,100mg,1420mg,13mg,3mg,2mg,9μg,0mg,0mg,,,,,
678,,松江肠,,,,,1682kJ,12g,26g,38mg,,28g,0g,2μg,30μg,10μg,0mg,0mg,0mg,3mg,0mg,5mg,202mg,195mg,759mg,37mg,3mg,4mg,5μg,0mg,0mg,,,,,
679,,蒜肠,,,,,1293kJ,8g,25g,51mg,,13g,0g,2μg,52μg,5μg,0mg,0mg,0mg,1mg,0mg,13mg,74mg,92mg,562mg,9mg,2mg,2mg,4μg,0mg,0mg,,,,,
680,,香肠,,,,,2125kJ,24g,41g,82mg,,11g,0g,5μg,19μg,0μg,1mg,0mg,0mg,4mg,0mg,14mg,198mg,453mg,2309mg,52mg,6mg,8mg,9μg,0mg,0mg,,,,,
681,,香肠(罐头),,,,,1213kJ,8g,28g,0mg,,1g,0g,2μg,61μg,0μg,1mg,0mg,0mg,2mg,0mg,6mg,52mg,70mg,874mg,8mg,1mg,1mg,2μg,0mg,0mg,,,,,
682,,小红肠,,,,,1172kJ,12g,23g,72mg,,6g,0g,3μg,56μg,158μg,0mg,0mg,0mg,3mg,0mg,10mg,161mg,183mg,682mg,14mg,2mg,2mg,5μg,0mg,0mg,,,,,
683,,小泥肠,,,,,1234kJ,11g,26g,59mg,,3g,0g,3μg,56μg,0μg,0mg,0mg,0mg,13mg,0mg,20mg,170mg,132mg,648mg,5mg,1mg,1mg,7μg,0mg,0mg,,,,,
684,,午餐肠,,,,,1092kJ,3g,17g,47mg,,25g,0g,3μg,52μg,65μg,0mg,0mg,1mg,0mg,0mg,2mg,51mg,102mg,553mg,26mg,5mg,2mg,6μg,0mg,0mg,,,,,
685,,午餐肚,,,,,757kJ,9g,0g,0mg,,35g,0g,5μg,50μg,4μg,0mg,0mg,0mg,0mg,0mg,36mg,19mg,57mg,294mg,23mg,5mg,2mg,3μg,0mg,0mg,,,,,
686,,方腿,,,,,490kJ,16g,5g,45mg,,2g,0g,3μg,74μg,0μg,0mg,0mg,0mg,17mg,0mg,1mg,202mg,222mg,424mg,2mg,3mg,3mg,7μg,0mg,0mg,,,,,
687,,火腿,,,,,1381kJ,16g,27g,120mg,,5g,0g,4μg,48μg,46μg,1mg,0mg,0mg,9mg,0mg,3mg,90mg,220mg,1087mg,20mg,2mg,2mg,3μg,0mg,0mg,,,,,
688,,金华火腿,,,,,1331kJ,16g,28g,98mg,,0g,0g,7μg,49μg,20μg,0mg,1mg,0mg,5mg,0mg,9mg,125mg,389mg,233mg,23mg,2mg,2mg,13μg,0mg,0mg,,,,,
689,,圆腿,,,,,582kJ,18g,6g,54mg,,2g,0g,3μg,71μg,1μg,0mg,1mg,0mg,20mg,0mg,3mg,199mg,247mg,373mg,2mg,1mg,2mg,8μg,0mg,0mg,,,,,
690,,牛肉(肥瘦)(均值),,,,,523kJ,20g,4g,84mg,,2g,0g,1μg,73μg,7μg,1mg,0mg,0mg,6mg,0mg,23mg,168mg,216mg,84mg,20mg,3mg,5mg,6μg,0mg,0mg,,,,,
691,,牛肉(腑肋),,,,,515kJ,19g,5g,71mg,,0g,0g,1μg,75μg,7μg,0mg,0mg,0mg,3mg,0mg,19mg,120mg,217mg,67mg,14mg,3mg,4mg,2μg,0mg,0mg,,,,,
692,,牛肉(后腿),,,,,444kJ,21g,2g,74mg,,1g,0g,1μg,75μg,3μg,1mg,0mg,0mg,6mg,0mg,5mg,210mg,197mg,45mg,21mg,3mg,4mg,5μg,0mg,0mg,,,,,
693,,牛肉(后腱),,,,,410kJ,20g,1g,54mg,,2g,0g,1μg,76μg,3μg,1mg,0mg,0mg,5mg,0mg,5mg,195mg,182mg,85mg,20mg,4mg,4mg,4μg,0mg,0mg,,,,,
694,,牛肉(里脊),,,,,448kJ,22g,1g,63mg,,2g,0g,1μg,73μg,4μg,1mg,0mg,0mg,7mg,0mg,3mg,241mg,140mg,75mg,29mg,4mg,7mg,3μg,0mg,0mg,,,,,
695,,牛肉(前腿),,,,,439kJ,19g,2g,71mg,,3g,0g,1μg,75μg,3μg,1mg,0mg,0mg,5mg,0mg,5mg,181mg,176mg,70mg,20mg,3mg,4mg,4μg,0mg,0mg,,,,,
696,,牛肉(前腱),,,,,473kJ,20g,1g,80mg,,5g,0g,1μg,72μg,2μg,0mg,0mg,0mg,5mg,0mg,5mg,181mg,182mg,83mg,22mg,3mg,8mg,5μg,0mg,0mg,,,,,
697,,牛肉(瘦),,,,,444kJ,20g,2g,58mg,,1g,0g,1μg,75μg,6μg,0mg,0mg,0mg,6mg,0mg,9mg,172mg,284mg,54mg,21mg,3mg,4mg,11μg,0mg,0mg,,,,,
698,,牛蹄筋,,,,,632kJ,34g,0g,0mg,,3g,0g,1μg,62μg,0μg,0mg,0mg,0mg,1mg,0mg,5mg,150mg,23mg,154mg,10mg,3mg,1mg,2μg,0mg,0mg,,,,,
699,,牛蹄筋(泡发),,,,,105kJ,6g,0g,10mg,,0g,0g,0μg,94μg,5μg,0mg,0mg,0mg,0mg,0mg,6mg,5mg,1mg,81mg,3mg,2mg,1mg,5μg,0mg,0mg,,,,,
700,,牛鞭(泡发),,,,,490kJ,27g,1g,0mg,,0g,0g,0μg,72μg,0μg,0mg,0mg,0mg,0mg,0mg,10mg,18mg,4mg,32mg,9mg,3mg,1mg,2μg,0mg,0mg,,,,,
701,,牛大肠,,,,,276kJ,11g,2g,124mg,,0g,0g,0μg,86μg,0μg,0mg,0mg,0mg,1mg,0mg,12mg,102mg,55mg,28mg,0mg,2mg,1mg,11μg,0mg,0mg,,,,,
702,,牛肚,,,,,301kJ,14g,2g,104mg,,0g,0g,1μg,83μg,2μg,1mg,0mg,0mg,2mg,0mg,40mg,104mg,162mg,61mg,17mg,2mg,2mg,9μg,0mg,0mg,,,,,
703,,牛肺,,,,,397kJ,16g,2g,306mg,,2g,0g,1μg,79μg,12μg,0mg,0mg,0mg,3mg,13mg,8mg,269mg,197mg,155mg,14mg,12mg,3mg,14μg,0mg,0mg,,,,,
704,,牛肝,,,,,582kJ,20g,4g,297mg,,6g,0g,1μg,69μg,20220μg,0mg,0mg,1mg,12mg,9mg,4mg,252mg,185mg,45mg,22mg,7mg,5mg,12μg,1mg,0mg,,,,,
705,,牛脑,,,,,623kJ,12g,11g,2447mg,,0g,0g,1μg,75μg,0μg,0mg,0mg,0mg,4mg,0mg,6mg,435mg,300mg,186mg,20mg,5mg,5mg,20μg,0mg,0mg,,,,,
706,,牛舌,,,,,820kJ,17g,13g,92mg,,2g,0g,1μg,67μg,8μg,1mg,0mg,0mg,4mg,0mg,6mg,151mg,236mg,58mg,18mg,3mg,3mg,14μg,0mg,0mg,,,,,
707,,牛肾,,,,,393kJ,16g,2g,295mg,,3g,0g,1μg,78μg,88μg,0mg,0mg,1mg,8mg,0mg,8mg,214mg,190mg,181mg,13mg,9mg,2mg,70μg,0mg,0mg,,,,,
708,,牛心,,,,,444kJ,15g,4g,115mg,,3g,0g,1μg,77μg,17μg,0mg,0mg,0mg,7mg,5mg,4mg,178mg,282mg,48mg,25mg,6mg,2mg,15μg,0mg,0mg,,,,,
709,,酱牛肉,,,,,1029kJ,31g,12g,76mg,,3g,0g,3μg,51μg,11μg,1mg,0mg,0mg,4mg,0mg,20mg,178mg,148mg,869mg,27mg,4mg,7mg,4μg,0mg,0mg,,,,,
710,,煨牛肉(罐头),,,,,695kJ,17g,11g,84mg,,0g,0g,2μg,70μg,0μg,1mg,0mg,0mg,6mg,0mg,66mg,82mg,95mg,609mg,17mg,3mg,4mg,5μg,0mg,0mg,,,,,
711,,牛肉干,,,,,2301kJ,46g,40g,120mg,,2g,0g,3μg,9μg,0μg,0mg,0mg,0mg,15mg,0mg,43mg,464mg,510mg,412mg,107mg,16mg,7mg,10μg,0mg,0mg,,,,,
712,,咖哩牛肉干,,,,,1364kJ,46g,3g,116mg,,30g,0g,9μg,13μg,86μg,15mg,0mg,0mg,6mg,0mg,65mg,289mg,576mg,2075mg,26mg,18mg,8mg,5μg,0mg,1mg,,,,,
713,,牛肉松,,,,,1862kJ,8g,16g,169mg,,68g,0g,6μg,3μg,90μg,18mg,0mg,0mg,1mg,0mg,76mg,74mg,128mg,1946mg,52mg,5mg,1mg,3μg,0mg,1mg,,,,,
714,,牛蹄筋(熟),,,,,615kJ,35g,1g,51mg,,0g,0g,0μg,64μg,0μg,0mg,0mg,0mg,0mg,0mg,13mg,22mg,48mg,99mg,8mg,2mg,1mg,4μg,0mg,0mg,,,,,
715,,羊肉(肥瘦)(均值),,,,,849kJ,19g,14g,92mg,,0g,0g,1μg,66μg,22μg,0mg,0mg,0mg,4mg,0mg,6mg,146mg,232mg,81mg,20mg,2mg,3mg,32μg,1mg,0mg,,,,,
716,,羊肉(冻),,,,,1192kJ,13g,24g,77mg,,4g,0g,1μg,58μg,0μg,0mg,0mg,0mg,4mg,0mg,17mg,143mg,587mg,122mg,37mg,5mg,8mg,3μg,0mg,0mg,,,,,
717,,羊肉(后腿),,,,,460kJ,20g,3g,83mg,,0g,0g,1μg,76μg,8μg,0mg,0mg,0mg,6mg,0mg,6mg,182mg,143mg,60mg,20mg,3mg,2mg,4μg,0mg,0mg,,,,,
718,,羊肉(颈),,,,,565kJ,21g,5g,85mg,,2g,0g,1μg,71μg,6μg,0mg,0mg,0mg,4mg,0mg,8mg,157mg,208mg,75mg,18mg,3mg,3mg,5μg,0mg,0mg,,,,,
719,,羊肉(里脊),,,,,431kJ,20g,2g,107mg,,2g,0g,1μg,75μg,5μg,1mg,0mg,0mg,6mg,0mg,8mg,184mg,161mg,74mg,22mg,3mg,2mg,6μg,0mg,0mg,,,,,
720,,羊肉(前腿),,,,,460kJ,19g,3g,86mg,,2g,0g,1μg,76μg,10μg,0mg,0mg,0mg,5mg,0mg,7mg,181mg,108mg,74mg,18mg,2mg,2mg,5μg,0mg,0mg,,,,,
721,,羊肉(青羊),,,,,414kJ,21g,1g,53mg,,1g,0g,1μg,75μg,0μg,0mg,0mg,0mg,6mg,0mg,9mg,101mg,151mg,42mg,9mg,4mg,1mg,4μg,0mg,0mg,,,,,
722,,羊肉(瘦),,,,,494kJ,20g,4g,60mg,,0g,0g,1μg,74μg,11μg,0mg,0mg,0mg,5mg,0mg,9mg,196mg,403mg,69mg,22mg,4mg,6mg,7μg,0mg,0mg,,,,,
723,,羊肉(胸脯),,,,,556kJ,19g,6g,89mg,,0g,0g,1μg,74μg,11μg,0mg,0mg,0mg,4mg,0mg,7mg,150mg,170mg,87mg,17mg,3mg,2mg,7μg,0mg,0mg,,,,,
724,,山羊肉(冻),,,,,1226kJ,9g,24g,81mg,,9g,0g,1μg,56μg,8μg,0mg,0mg,0mg,5mg,0mg,135mg,151mg,744mg,161mg,50mg,14mg,10mg,8μg,0mg,0mg,,,,,
725,,羊蹄筋(生),,,,,665kJ,34g,2g,58mg,,0g,0g,0μg,63μg,0μg,0mg,0mg,0mg,1mg,0mg,16mg,39mg,74mg,150mg,5mg,3mg,2mg,4μg,0mg,0mg,,,,,
726,,羊蹄筋(泡发),,,,,172kJ,8g,0g,28mg,,2g,0g,0μg,90μg,4μg,0mg,0mg,0mg,0mg,0mg,14mg,5mg,1mg,49mg,6mg,2mg,1mg,1μg,0mg,0mg,,,,,
727,,羊大肠,,,,,314kJ,13g,2g,150mg,,0g,0g,1μg,83μg,0μg,0mg,0mg,0mg,2mg,0mg,25mg,34mg,117mg,79mg,17mg,2mg,2mg,14μg,1mg,0mg,,,,,
728,,羊肚,,,,,364kJ,12g,3g,124mg,,2g,0g,1μg,82μg,23μg,0mg,0mg,0mg,2mg,0mg,38mg,133mg,101mg,66mg,16mg,1mg,3mg,10μg,0mg,1mg,,,,,
729,,羊肺,,,,,402kJ,16g,2g,319mg,,2g,0g,1μg,78μg,0μg,1mg,0mg,0mg,1mg,0mg,12mg,172mg,139mg,146mg,8mg,8mg,2mg,9μg,0mg,0mg,,,,,
730,,羊肝,,,,,561kJ,18g,4g,349mg,,7g,0g,1μg,70μg,20972μg,30mg,0mg,2mg,22mg,0mg,8mg,299mg,241mg,123mg,14mg,8mg,3mg,18μg,5mg,0mg,,,,,
731,,羊脑,,,,,594kJ,11g,11g,2004mg,,0g,0g,2μg,76μg,0μg,0mg,0mg,0mg,4mg,0mg,61mg,356mg,146mg,152mg,15mg,0mg,1mg,38μg,0mg,0mg,,,,,
732,,羊舌,,,,,941kJ,19g,14g,148mg,,5g,0g,1μg,61μg,0μg,0mg,0mg,0mg,3mg,0mg,0mg,0mg,0mg,0mg,0mg,0mg,0mg,0μg,0mg,0mg,,,,,
733,,羊肾,,,,,402kJ,17g,3g,289mg,,1g,0g,1μg,78μg,126μg,0mg,0mg,2mg,8mg,0mg,8mg,233mg,115mg,193mg,18mg,6mg,3mg,59μg,0mg,0mg,,,,,
734,,羊心,,,,,473kJ,14g,6g,104mg,,2g,0g,1μg,78μg,16μg,2mg,0mg,0mg,6mg,0mg,10mg,172mg,200mg,101mg,17mg,4mg,2mg,17μg,0mg,0mg,,,,,
735,,羊血,,,,,238kJ,7g,0g,92mg,,7g,0g,1μg,85μg,0μg,0mg,0mg,0mg,0mg,0mg,22mg,7mg,6mg,443mg,2mg,18mg,1mg,16μg,0mg,0mg,,,,,
736,,腊羊肉,,,,,1029kJ,26g,11g,100mg,,12g,0g,4μg,48μg,0μg,7mg,0mg,0mg,3mg,0mg,14mg,210mg,310mg,8992mg,29mg,7mg,10mg,45μg,0mg,0mg,,,,,
737,,羊肉(熟),,,,,908kJ,23g,14g,88mg,,0g,0g,2μg,62μg,18μg,0mg,0mg,0mg,4mg,0mg,13mg,136mg,239mg,408mg,18mg,2mg,2mg,8μg,0mg,0mg,,,,,
738,,羊肉串(电烤),,,,,979kJ,26g,12g,93mg,,6g,0g,3μg,53μg,42μg,2mg,0mg,0mg,6mg,0mg,52mg,230mg,430mg,796mg,54mg,7mg,5mg,7μg,0mg,0mg,,,,,
739,,羊肉串(烤),,,,,862kJ,26g,10g,110mg,,2g,0g,3μg,59μg,52μg,1mg,0mg,0mg,6mg,0mg,4mg,254mg,205mg,485mg,45mg,8mg,2mg,3μg,0mg,0mg,,,,,
740,,羊肉串(炸),,,,,908kJ,18g,12g,109mg,,10g,0g,3μg,57μg,40μg,7mg,0mg,0mg,5mg,0mg,38mg,194mg,297mg,581mg,29mg,4mg,4mg,7μg,0mg,0mg,,,,,
741,,羊肉干,,,,,2460kJ,28g,47g,166mg,,14g,0g,2μg,9μg,0μg,0mg,0mg,0mg,11mg,0mg,77mg,546mg,520mg,184mg,101mg,10mg,6mg,10μg,0mg,0mg,,,,,
742,,羊肉手抓,,,,,787kJ,27g,9g,95mg,,0g,0g,1μg,63μg,10μg,1mg,0mg,0mg,4mg,0mg,3mg,124mg,178mg,226mg,20mg,2mg,3mg,9μg,0mg,0mg,,,,,
743,,山羊肉(酱),,,,,1138kJ,25g,14g,92mg,,12g,0g,3μg,46μg,0μg,1mg,0mg,0mg,8mg,0mg,43mg,169mg,134mg,938mg,38mg,4mg,4mg,3μg,0mg,0mg,,,,,
744,,驴肉(瘦),,,,,485kJ,22g,3g,74mg,,0g,0g,1μg,74μg,72μg,3mg,0mg,0mg,2mg,0mg,2mg,178mg,325mg,47mg,7mg,4mg,4mg,6μg,0mg,0mg,,,,,
745,,驴鞭,,,,,598kJ,30g,1g,186mg,,4g,0g,5μg,60μg,0μg,1mg,0mg,0mg,0mg,0mg,51mg,48mg,152mg,698mg,184mg,7mg,5mg,15μg,0mg,0mg,,,,,
746,,驴肉(酱),,,,,669kJ,34g,3g,116mg,,0g,0g,2μg,61μg,0μg,0mg,0mg,0mg,1mg,0mg,8mg,197mg,185mg,229mg,9mg,4mg,5mg,3μg,0mg,0mg,,,,,
747,,驴肉(卤),,,,,632kJ,28g,2g,95mg,,6g,0g,2μg,63μg,70μg,1mg,0mg,0mg,5mg,0mg,6mg,179mg,219mg,307mg,31mg,5mg,3mg,1μg,0mg,0mg,,,,,
748,,驴肉(煮),,,,,962kJ,27g,14g,0mg,,0g,0g,2μg,58μg,25μg,0mg,0mg,0mg,0mg,0mg,13mg,170mg,114mg,207mg,30mg,8mg,4mg,29μg,0mg,0mg,,,,,
749,,马肉,,,,,510kJ,20g,5g,84mg,,0g,0g,1μg,74μg,28μg,1mg,0mg,0mg,2mg,0mg,5mg,367mg,526mg,116mg,41mg,5mg,12mg,4μg,0mg,0mg,,,,,
750,,马心,,,,,435kJ,19g,3g,119mg,,1g,0g,1μg,76μg,32μg,2mg,0mg,0mg,3mg,0mg,25mg,240mg,176mg,66mg,27mg,12mg,5mg,15μg,15mg,0mg,,,,,
751,,马肉(卤),,,,,711kJ,30g,5g,102mg,,1g,0g,2μg,62μg,17μg,0mg,0mg,0mg,6mg,0mg,4mg,193mg,171mg,237mg,22mg,6mg,3mg,3μg,0mg,0mg,,,,,
752,,狗肉,,,,,485kJ,17g,5g,62mg,,2g,0g,1μg,76μg,12μg,1mg,0mg,0mg,4mg,0mg,52mg,107mg,140mg,47mg,14mg,3mg,3mg,15μg,0mg,0mg,,,,,
753,,骆驼蹄,,,,,485kJ,26g,1g,55mg,,0g,0g,1μg,72μg,9μg,0mg,0mg,0mg,0mg,0mg,36mg,53mg,48mg,210mg,8mg,4mg,5mg,20μg,1mg,0mg,,,,,
754,,骆驼掌,,,,,1297kJ,73g,2g,360mg,,0g,0g,3μg,22μg,26μg,0mg,0mg,0mg,0mg,0mg,152mg,23mg,69mg,171mg,59mg,0mg,3mg,0μg,3mg,1mg,,,,,
755,,兔肉,,,,,427kJ,20g,2g,59mg,,1g,0g,1μg,76μg,26μg,0mg,0mg,0mg,6mg,0mg,12mg,165mg,284mg,45mg,15mg,2mg,1mg,11μg,0mg,0mg,,,,,
756,,兔肉(野),,,,,351kJ,17g,2g,48mg,,0g,0g,1μg,81μg,0μg,0mg,0mg,0mg,0mg,0mg,23mg,293mg,371mg,88mg,46mg,7mg,8mg,10μg,0mg,0mg,,,,,
757,,鸡(均值),,,,,699kJ,19g,9g,106mg,,1g,0g,1μg,69μg,48μg,1mg,0mg,0mg,6mg,0mg,9mg,156mg,251mg,63mg,19mg,1mg,1mg,12μg,0mg,0mg,,,,,
758,,鸡(土鸡，家养),,,,,519kJ,21g,4g,106mg,,0g,0g,1μg,74μg,64μg,2mg,0mg,0mg,16mg,0mg,9mg,141mg,276mg,74mg,40mg,2mg,1mg,13μg,0mg,0mg,,,,,
759,,母鸡(一年内),,,,,1071kJ,20g,17g,166mg,,6g,0g,1μg,56μg,139μg,1mg,0mg,0mg,9mg,0mg,2mg,120mg,275mg,62mg,16mg,1mg,1mg,0μg,0mg,0mg,,,,,
760,,肉鸡(肥),,,,,1628kJ,17g,35g,106mg,,1g,0g,1μg,46μg,226μg,0mg,0mg,0mg,13mg,0mg,37mg,102mg,123mg,48mg,7mg,2mg,1mg,5μg,0mg,0mg,,,,,
761,,华青鸡,,,,,661kJ,20g,9g,74mg,,0g,0g,1μg,71μg,109μg,1mg,0mg,0mg,6mg,0mg,1mg,166mg,184mg,63mg,22mg,2mg,2mg,13μg,0mg,0mg,,,,,
762,,沙鸡,,,,,615kJ,20g,7g,106mg,,2g,0g,1μg,70μg,1μg,0mg,0mg,0mg,5mg,0mg,0mg,522mg,249mg,82mg,51mg,25mg,11mg,36μg,0mg,0mg,,,,,
763,,乌骨鸡,,,,,464kJ,22g,2g,106mg,,0g,0g,1μg,74μg,0μg,2mg,0mg,0mg,7mg,0mg,17mg,210mg,323mg,64mg,51mg,2mg,2mg,8μg,0mg,0mg,,,,,
764,,鸡胸脯肉,,,,,556kJ,19g,5g,82mg,,2g,0g,1μg,72μg,16μg,0mg,0mg,0mg,11mg,0mg,3mg,214mg,338mg,34mg,28mg,1mg,1mg,10μg,0mg,0mg,,,,,
765,,鸡翅,,,,,812kJ,17g,12g,113mg,,5g,0g,1μg,65μg,68μg,0mg,0mg,0mg,5mg,0mg,8mg,161mg,205mg,51mg,17mg,1mg,1mg,11μg,0mg,0mg,,,,,
766,,鸡腿,,,,,757kJ,16g,13g,162mg,,0g,0g,1μg,70μg,44μg,0mg,0mg,0mg,6mg,0mg,6mg,172mg,242mg,64mg,34mg,2mg,1mg,12μg,0mg,0mg,,,,,
767,,鸡爪,,,,,1063kJ,24g,16g,103mg,,3g,0g,1μg,56μg,37μg,0mg,0mg,0mg,2mg,0mg,36mg,76mg,108mg,169mg,7mg,1mg,1mg,10μg,0mg,0mg,,,,,
768,,鸡肝,,,,,506kJ,17g,5g,356mg,,3g,0g,1μg,74μg,10414μg,2mg,0mg,1mg,12mg,0mg,7mg,263mg,222mg,92mg,16mg,12mg,2mg,39μg,0mg,0mg,,,,,
769,,鸡肝(肉鸡),,,,,506kJ,17g,4g,476mg,,4g,0g,1μg,74μg,2867μg,1mg,0mg,1mg,0mg,0mg,4mg,216mg,321mg,98mg,17mg,10mg,3mg,0μg,0mg,0mg,,,,,
770,,鸡心,,,,,720kJ,16g,12g,194mg,,1g,0g,1μg,71μg,910μg,0mg,0mg,0mg,12mg,0mg,54mg,176mg,220mg,108mg,11mg,5mg,2mg,4μg,0mg,0mg,,,,,
771,,鸡血,,,,,205kJ,8g,0g,170mg,,4g,0g,1μg,87μg,56μg,0mg,0mg,0mg,0mg,0mg,10mg,68mg,136mg,208mg,4mg,25mg,0mg,12μg,0mg,0mg,,,,,
772,,鸡肫[鸡胗],,,,,494kJ,19g,3g,174mg,,4g,0g,1μg,73μg,36μg,1mg,0mg,0mg,3mg,0mg,7mg,135mg,272mg,75mg,15mg,4mg,3mg,11μg,2mg,0mg,,,,,
773,,扒鸡,,,,,908kJ,30g,11g,211mg,,0g,0g,3μg,56μg,32μg,0mg,0mg,0mg,9mg,0mg,31mg,157mg,149mg,1001mg,24mg,3mg,3mg,8μg,0mg,0mg,,,,,
774,,烤鸡,,,,,1004kJ,22g,17g,99mg,,0g,0g,2μg,59μg,37μg,0mg,0mg,0mg,4mg,0mg,25mg,136mg,142mg,472mg,14mg,2mg,1mg,4μg,0mg,0mg,,,,,
775,,肯德鸡[炸鸡],,,,,1167kJ,20g,17g,198mg,,10g,0g,2μg,49μg,23μg,6mg,0mg,0mg,17mg,0mg,109mg,530mg,232mg,755mg,28mg,2mg,2mg,11μg,0mg,0mg,,,,,
776,,卤煮鸡,,,,,887kJ,29g,8g,0mg,,6g,0g,2μg,54μg,76μg,1mg,0mg,0mg,0mg,0mg,71mg,18mg,40mg,222mg,43mg,5mg,4mg,17μg,1mg,0mg,,,,,
777,,瓦罐鸡汤(肉),,,,,795kJ,21g,10g,116mg,,5g,0g,1μg,63μg,63μg,1mg,0mg,0mg,0mg,0mg,16mg,62mg,23mg,201mg,8mg,2mg,2mg,0μg,0mg,0mg,,,,,
778,,瓦罐鸡汤(汤),,,,,113kJ,1g,2g,24mg,,0g,0g,1μg,95μg,0μg,0mg,0mg,0mg,0mg,0mg,2mg,20mg,39mg,251mg,5mg,0mg,0mg,0μg,0mg,0mg,,,,,
779,,鸡肉松,,,,,1841kJ,7g,16g,81mg,,66g,0g,6μg,5μg,90μg,15mg,0mg,0mg,1mg,0mg,76mg,83mg,109mg,1688mg,29mg,7mg,1mg,3μg,0mg,1mg,,,,,
780,,鸭(均值),,,,,1004kJ,16g,20g,94mg,,0g,0g,1μg,64μg,52μg,0mg,0mg,0mg,4mg,0mg,6mg,122mg,191mg,69mg,14mg,2mg,1mg,12μg,0mg,0mg,,,,,
781,,公麻鸭,,,,,1506kJ,14g,31g,143mg,,6g,0g,1μg,48μg,238μg,0mg,0mg,0mg,0mg,0mg,4mg,122mg,109mg,62mg,16mg,3mg,2mg,0μg,0mg,0mg,,,,,
782,,母麻鸭,,,,,1929kJ,13g,45g,132mg,,1g,0g,1μg,40μg,476μg,1mg,0mg,0mg,0mg,0mg,9mg,64mg,155mg,49mg,20mg,3mg,1mg,0μg,0mg,0mg,,,,,
783,,鸭胸脯肉,,,,,377kJ,15g,2g,121mg,,4g,0g,1μg,79μg,0μg,2mg,0mg,0mg,4mg,0mg,6mg,86mg,126mg,60mg,24mg,4mg,1mg,13μg,0mg,0mg,,,,,
784,,鸭皮,,,,,2251kJ,6g,50g,46mg,,15g,0g,0μg,28μg,21μg,0mg,0mg,0mg,1mg,0mg,6mg,42mg,38mg,26mg,0mg,3mg,1mg,5μg,0mg,0mg,,,,,
785,,鸭翅,,,,,611kJ,16g,6g,49mg,,6g,0g,0μg,71μg,14μg,0mg,0mg,0mg,2mg,0mg,20mg,84mg,100mg,54mg,5mg,2mg,1mg,10μg,0mg,0mg,,,,,
786,,鸭掌,,,,,628kJ,27g,2g,36mg,,6g,0g,0μg,65μg,11μg,0mg,0mg,0mg,1mg,0mg,24mg,91mg,28mg,61mg,3mg,1mg,1mg,5μg,0mg,0mg,,,,,
787,,鸭肠,,,,,540kJ,14g,8g,187mg,,0g,0g,1μg,77μg,16μg,0mg,0mg,0mg,3mg,0mg,31mg,166mg,136mg,32mg,13mg,2mg,1mg,25μg,0mg,0mg,,,,,
788,,鸭肝,,,,,536kJ,14g,8g,341mg,,0g,0g,1μg,76μg,1040μg,1mg,0mg,1mg,7mg,18mg,18mg,283mg,230mg,87mg,18mg,23mg,3mg,57μg,1mg,0mg,,,,,
789,,鸭肝(公麻鸭),,,,,569kJ,15g,4g,313mg,,10g,0g,1μg,70μg,2850μg,0mg,0mg,0mg,0mg,0mg,1mg,102mg,236mg,99mg,12mg,35mg,4mg,0μg,4mg,0mg,,,,,
790,,鸭肝(母麻鸭),,,,,473kJ,17g,2g,255mg,,6g,0g,1μg,74μg,4675μg,1mg,0mg,1mg,0mg,0mg,1mg,252mg,289mg,108mg,13mg,50mg,7mg,0μg,6mg,0mg,,,,,
791,,鸭舌[鸭条],,,,,1025kJ,17g,20g,118mg,,0g,0g,1μg,63μg,35μg,0mg,0mg,0mg,2mg,0mg,13mg,94mg,44mg,82mg,6mg,2mg,1mg,12μg,0mg,0mg,,,,,
792,,鸭心,,,,,598kJ,13g,9g,120mg,,3g,0g,1μg,74μg,24μg,1mg,0mg,1mg,8mg,0mg,20mg,188mg,233mg,86mg,18mg,5mg,1mg,15μg,0mg,0mg,,,,,
793,,鸭血(白鸭),,,,,452kJ,14g,0g,95mg,,12g,0g,1μg,73μg,0μg,0mg,0mg,0mg,0mg,0mg,5mg,87mg,166mg,174mg,8mg,30mg,0mg,0μg,0mg,0mg,,,,,
794,,鸭血(公麻鸭),,,,,234kJ,13g,0g,95mg,,0g,0g,1μg,85μg,57μg,0mg,0mg,0mg,0mg,0mg,3mg,127mg,186mg,199mg,11mg,32mg,1mg,0μg,0mg,0mg,,,,,
795,,鸭血(母麻鸭),,,,,230kJ,13g,0g,95mg,,0g,0g,1μg,86μg,110μg,0mg,0mg,0mg,0mg,0mg,2mg,127mg,185mg,175mg,9mg,40mg,1mg,0μg,0mg,0mg,,,,,
796,,鸭胰,,,,,490kJ,22g,3g,230mg,,1g,0g,2μg,73μg,6μg,0mg,0mg,1mg,3mg,9mg,20mg,554mg,84mg,56mg,41mg,2mg,4mg,26μg,0mg,0mg,,,,,
797,,鸭肫,,,,,385kJ,18g,1g,153mg,,2g,0g,1μg,78μg,6μg,0mg,0mg,0mg,4mg,0mg,12mg,134mg,284mg,69mg,18mg,4mg,3mg,16μg,0mg,0mg,,,,,
798,,鸭肫(公麻鸭),,,,,469kJ,20g,1g,295mg,,5g,0g,1μg,73μg,48μg,0mg,0mg,0mg,0mg,0mg,2mg,116mg,351mg,70mg,19mg,4mg,4mg,0μg,0mg,0mg,,,,,
799,,鸭肫(母麻鸭),,,,,527kJ,20g,4g,291mg,,2g,0g,1μg,73μg,102μg,0mg,0mg,0mg,0mg,0mg,1mg,144mg,349mg,69mg,1mg,4mg,4mg,0μg,0mg,0mg,,,,,
800,,北京烤鸭,,,,,1824kJ,17g,38g,0mg,,6g,0g,1μg,38μg,36μg,1mg,0mg,0mg,4mg,0mg,35mg,175mg,247mg,83mg,13mg,2mg,1mg,10μg,0mg,0mg,,,,,
801,,北京填鸭,,,,,1778kJ,9g,41g,96mg,,4g,0g,0μg,45μg,30μg,1mg,0mg,0mg,4mg,0mg,15mg,149mg,139mg,46mg,6mg,2mg,1mg,6μg,0mg,0mg,,,,,
802,,红烧鸭(罐头),,,,,1414kJ,15g,30g,0mg,,1g,0g,2μg,51μg,26μg,0mg,0mg,0mg,4mg,0mg,29mg,467mg,115mg,628mg,17mg,2mg,2mg,12μg,0mg,0mg,,,,,
803,,酱鸭,,,,,1113kJ,19g,18g,107mg,,6g,0g,3μg,54μg,11μg,0mg,0mg,0mg,4mg,0mg,14mg,140mg,236mg,981mg,13mg,4mg,3mg,16μg,0mg,0mg,,,,,
804,,酱鸭(加梅菜，罐头),,,,,1038kJ,12g,22g,35mg,,1g,1g,2μg,62μg,26μg,0mg,0mg,0mg,6mg,0mg,29mg,208mg,130mg,474mg,24mg,3mg,3mg,10μg,0mg,0mg,,,,,
805,,盐水鸭(熟),,,,,1310kJ,17g,26g,81mg,,3g,0g,3μg,52μg,35μg,0mg,0mg,0mg,2mg,0mg,10mg,112mg,218mg,1558mg,14mg,1mg,2mg,15μg,0mg,0mg,,,,,
806,,鹅,,,,,1050kJ,18g,20g,74mg,,0g,0g,1μg,61μg,42μg,0mg,0mg,0mg,5mg,0mg,4mg,144mg,232mg,59mg,18mg,4mg,1mg,18μg,0mg,0mg,,,,,
807,,鹅肝,,,,,540kJ,15g,3g,285mg,,9g,0g,1μg,71μg,6100μg,0mg,0mg,0mg,0mg,0mg,2mg,216mg,336mg,70mg,11mg,8mg,4mg,0μg,8mg,0mg,,,,,
808,,鹅肫,,,,,418kJ,20g,2g,153mg,,1g,0g,1μg,76μg,51μg,0mg,0mg,0mg,0mg,0mg,2mg,112mg,410mg,58mg,9mg,5mg,4mg,0μg,0mg,0mg,,,,,
809,,烧鹅,,,,,1209kJ,20g,22g,116mg,,4g,0g,2μg,53μg,9μg,0mg,0mg,0mg,4mg,0mg,91mg,202mg,22mg,240mg,7mg,4mg,2mg,8μg,0mg,0mg,,,,,
810,,火鸡腿,,,,,381kJ,20g,1g,58mg,,0g,0g,1μg,78μg,0μg,0mg,0mg,0mg,8mg,0mg,12mg,470mg,708mg,168mg,49mg,5mg,9mg,16μg,0mg,0mg,,,,,
811,,火鸡胸脯肉,,,,,431kJ,22g,0g,49mg,,3g,0g,1μg,74μg,0μg,0mg,0mg,0mg,16mg,0mg,39mg,116mg,227mg,94mg,31mg,1mg,1mg,10μg,0mg,0mg,,,,,
812,,火鸡肝,,,,,598kJ,20g,6g,294mg,,3g,0g,1μg,70μg,0μg,1mg,0mg,1mg,43mg,0mg,3mg,225mg,244mg,129mg,18mg,21mg,2mg,36μg,0mg,0mg,,,,,
813,,火鸡肫,,,,,381kJ,19g,0g,342mg,,3g,0g,1μg,76μg,0μg,0mg,0mg,0mg,8mg,0mg,44mg,108mg,352mg,57mg,24mg,4mg,3mg,16μg,0mg,0mg,,,,,
814,,鸽,,,,,841kJ,16g,14g,99mg,,2g,0g,1μg,67μg,53μg,1mg,0mg,0mg,7mg,0mg,30mg,136mg,334mg,64mg,27mg,4mg,1mg,11μg,0mg,0mg,,,,,
815,,鹌鹑,,,,,460kJ,20g,3g,157mg,,0g,0g,1μg,75μg,40μg,0mg,0mg,0mg,6mg,0mg,48mg,179mg,204mg,48mg,20mg,2mg,1mg,12μg,0mg,0mg,,,,,
816,,牛乳(均值),,,,,226kJ,3g,3g,15mg,,3g,0g,1μg,90μg,24μg,0mg,0mg,0mg,0mg,1mg,104mg,73mg,109mg,37mg,11mg,0mg,0mg,2μg,0mg,0mg,,,,,
817,,牛乳(美国牛),,,,,247kJ,3g,3g,26mg,,5g,0g,1μg,89μg,9μg,0mg,0mg,0mg,0mg,1mg,108mg,68mg,127mg,40mg,19mg,0mg,0mg,2μg,0mg,0mg,,,,,
818,,牛乳(强化VA，VD),,,,,213kJ,3g,2g,0mg,,6g,0g,1μg,89μg,66μg,0mg,0mg,0mg,0mg,3mg,140mg,60mg,130mg,43mg,14mg,0mg,0mg,1μg,0mg,0mg,,,,,
819,,牛乳(西德牛),,,,,251kJ,3g,3g,32mg,,5g,0g,1μg,88μg,13μg,0mg,0mg,0mg,0mg,0mg,114mg,87mg,120mg,46mg,19mg,0mg,0mg,2μg,0mg,0mg,,,,,
820,,鲜羊乳,,,,,247kJ,2g,4g,31mg,,5g,0g,1μg,89μg,84μg,0mg,0mg,0mg,2mg,0mg,82mg,98mg,135mg,21mg,0mg,0mg,0mg,2μg,0mg,0mg,,,,,
821,,人乳,,,,,272kJ,1g,3g,11mg,,7g,0g,0μg,88μg,11μg,0mg,0mg,0mg,0mg,5mg,30mg,13mg,0mg,0mg,32mg,0mg,0mg,0μg,0mg,0mg,,,,,
822,,牛乳粉(多维奶粉),,,,,2025kJ,20g,23g,68mg,,50g,0g,5μg,3μg,77μg,0mg,0mg,7mg,0mg,9mg,1797mg,324mg,1910mg,568mg,22mg,1mg,4mg,17μg,0mg,0mg,,,,,
823,,全脂加糖奶粉,,,,,2050kJ,22g,23g,0mg,,47g,0g,6μg,1μg,183μg,0mg,0mg,0mg,0mg,0mg,495mg,1018mg,841mg,451mg,81mg,1mg,2mg,7μg,0mg,0mg,,,,,
824,,全脂牛奶粉,,,,,2000kJ,20g,21g,110mg,,52g,0g,5μg,2μg,141μg,0mg,0mg,1mg,1mg,4mg,676mg,469mg,449mg,260mg,79mg,1mg,3mg,12μg,0mg,0mg,,,,,
825,,全脂速溶奶粉,,,,,1950kJ,20g,19g,71mg,,54g,0g,5μg,2μg,272μg,1mg,0mg,1mg,0mg,7mg,659mg,571mg,541mg,248mg,73mg,3mg,2mg,8μg,0mg,0mg,,,,,
826,,全脂羊乳粉,,,,,2084kJ,19g,25g,75mg,,49g,0g,6μg,1μg,0μg,0mg,0mg,2mg,1mg,0mg,0mg,0mg,0mg,0mg,0mg,0mg,0mg,0μg,0mg,0mg,,,,,
827,,酸奶(均值),,,,,301kJ,2g,3g,15mg,,9g,0g,1μg,85μg,26μg,0mg,0mg,0mg,0mg,1mg,118mg,85mg,150mg,40mg,12mg,0mg,1mg,2μg,0mg,0mg,,,,,
828,,酸奶(高蛋白),,,,,259kJ,3g,2g,0mg,,7g,0g,1μg,87μg,0μg,0mg,0mg,0mg,0mg,0mg,161mg,52mg,135mg,43mg,15mg,0mg,1mg,2μg,0mg,0mg,,,,,
829,,酸奶(脱脂),,,,,238kJ,3g,0g,18mg,,10g,0g,1μg,86μg,0μg,0mg,0mg,0mg,0mg,1mg,146mg,91mg,156mg,28mg,10mg,0mg,1mg,1μg,0mg,0mg,,,,,
830,,酸奶(中脂),,,,,268kJ,3g,2g,12mg,,9g,0g,1μg,86μg,32μg,0mg,0mg,0mg,0mg,1mg,81mg,59mg,130mg,13mg,10mg,0mg,1mg,1μg,0mg,0mg,,,,,
831,,酸奶(果料),,,,,280kJ,3g,1g,15mg,,10g,0g,1μg,84μg,19μg,1mg,0mg,0mg,0mg,2mg,140mg,90mg,111mg,32mg,11mg,0mg,1mg,1μg,0mg,0mg,,,,,
832,,酸奶(桔味，脱脂),,,,,201kJ,3g,0g,15mg,,8g,0g,1μg,88μg,1μg,0mg,0mg,0mg,0mg,5mg,89mg,73mg,128mg,3mg,11mg,0mg,0mg,1μg,0mg,0mg,,,,,
833,,奶酪[干酪],,,,,1372kJ,26g,24g,11mg,,4g,0g,4μg,44μg,152μg,1mg,0mg,1mg,1mg,0mg,799mg,326mg,75mg,585mg,57mg,2mg,7mg,2μg,0mg,0mg,,,,,
834,,奶豆腐(脱脂),,,,,1435kJ,54g,2g,36mg,,26g,0g,3μg,15μg,0μg,0mg,0mg,0mg,0mg,1mg,360mg,773mg,188mg,55mg,25mg,12mg,2mg,7μg,0mg,0mg,,,,,
835,,奶豆腐(鲜),,,,,1276kJ,46g,8g,36mg,,12g,0g,2μg,32μg,0μg,0mg,0mg,1mg,1mg,0mg,597mg,657mg,240mg,90mg,17mg,3mg,2mg,12μg,0mg,0mg,,,,,
836,,奶疙瘩[奶酪干，干酸奶],,,,,1782kJ,55g,15g,51mg,,18g,0g,3μg,9μg,0μg,0mg,0mg,0mg,1mg,2mg,730mg,689mg,314mg,79mg,49mg,19mg,5mg,15μg,2mg,0mg,,,,,
837,,契达干酪(普通),,,,,1724kJ,26g,34g,100mg,,0g,0g,0μg,36μg,363μg,1mg,0mg,0mg,0mg,0mg,720mg,490mg,77mg,670mg,25mg,0mg,2mg,12μg,0mg,0mg,,,,,
838,,契达干酪(脱脂),,,,,1092kJ,32g,15g,43mg,,0g,0g,0μg,47μg,182μg,0mg,0mg,1mg,0mg,0mg,840mg,620mg,110mg,670mg,39mg,0mg,3mg,15μg,0mg,0mg,,,,,
839,,曲拉,,,,,1490kJ,39g,3g,0mg,,43g,0g,6μg,8μg,216μg,1mg,0mg,0mg,0mg,0mg,1217mg,1135mg,166mg,285mg,143mg,6mg,3mg,2μg,0mg,0mg,,,,,
840,,全脂软酪,,,,,1310kJ,9g,31g,90mg,,0g,0g,0μg,58μg,0μg,0mg,0mg,0mg,0mg,0mg,110mg,130mg,150mg,330mg,9mg,0mg,1mg,3μg,0mg,0mg,,,,,
841,,酸酪蛋,,,,,1854kJ,40g,20g,120mg,,24g,0g,4μg,11μg,0μg,0mg,0mg,0mg,1mg,0mg,756mg,682mg,512mg,131mg,47mg,21mg,3mg,11μg,1mg,0mg,,,,,
842,,羊乳酪,,,,,1046kJ,16g,20g,70mg,,2g,0g,0μg,56μg,226μg,0mg,0mg,0mg,0mg,0mg,360mg,280mg,95mg,1440mg,20mg,0mg,1mg,0μg,0mg,0mg,,,,,
843,,中脂软酪,,,,,749kJ,9g,14g,42mg,,3g,0g,0μg,70μg,224μg,1mg,0mg,0mg,0mg,0mg,0mg,0mg,0mg,0mg,0mg,0mg,0mg,3μg,0mg,0mg,,,,,
844,,奶油,,,,,3678kJ,1g,97g,209mg,,1g,0g,1μg,1μg,297μg,2mg,0mg,0mg,0mg,0mg,14mg,11mg,226mg,268mg,2mg,1mg,0mg,1μg,0mg,0mg,,,,,
845,,奶油(焦克),,,,,1870kJ,3g,48g,92mg,,0g,0g,1μg,48μg,0μg,0mg,0mg,0mg,0mg,0mg,202mg,82mg,138mg,41mg,10mg,1mg,0mg,6μg,0mg,0mg,,,,,
846,,奶油(食品工业),,,,,2109kJ,1g,56g,103mg,,0g,0g,0μg,43μg,345μg,2mg,0mg,0mg,0mg,0mg,20mg,32mg,1064mg,191mg,2mg,0mg,1mg,1μg,0mg,1mg,,,,,
847,,黄油,,,,,3715kJ,1g,98g,296mg,,0g,0g,0μg,0μg,0μg,0mg,0mg,0mg,0mg,0mg,35mg,8mg,39mg,40mg,7mg,1mg,0mg,2μg,0mg,0mg,,,,,
848,,黄油渣,,,,,2506kJ,11g,44g,150mg,,40g,0g,0μg,5μg,0μg,0mg,0mg,0mg,0mg,0mg,597mg,288mg,160mg,60mg,97mg,3mg,1mg,1μg,0mg,1mg,,,,,
849,,白脱(食品工业)[牛油，黄油],,,,,3113kJ,0g,83g,152mg,,0g,0g,0μg,18μg,534μg,4mg,0mg,0mg,0mg,0mg,1mg,14mg,43mg,18mg,2mg,1mg,1mg,1μg,0mg,0mg,,,,,
850,,酥油,,,,,3598kJ,2g,94g,227mg,,1g,0g,0μg,2μg,426μg,2mg,0mg,0mg,0mg,0mg,128mg,9mg,188mg,73mg,2mg,0mg,0mg,1μg,0mg,0mg,,,,,
851,,炼乳(甜，罐头),,,,,1389kJ,8g,9g,36mg,,55g,0g,2μg,26μg,41μg,0mg,0mg,0mg,0mg,2mg,242mg,200mg,309mg,212mg,24mg,0mg,2mg,3μg,0mg,0mg,,,,,
852,,奶皮子,,,,,1925kJ,12g,43g,78mg,,6g,0g,2μg,37μg,0μg,0mg,0mg,0mg,0mg,0mg,818mg,308mg,4mg,2mg,28mg,1mg,2mg,5μg,0mg,0mg,,,,,
853,,奶片,,,,,1975kJ,13g,20g,65mg,,59g,0g,4μg,4μg,75μg,0mg,0mg,0mg,2mg,5mg,269mg,427mg,356mg,180mg,32mg,2mg,3mg,12μg,0mg,0mg,,,,,
854,,鸡蛋(均值),,,,,602kJ,13g,9g,0mg,,3g,0g,1μg,74μg,234μg,2mg,0mg,0mg,0mg,0mg,56mg,130mg,154mg,132mg,10mg,2mg,1mg,14μg,0mg,0mg,,,,,
855,,鸡蛋(白皮),,,,,577kJ,13g,9g,585mg,,2g,0g,1μg,76μg,310μg,1mg,0mg,0mg,0mg,0mg,48mg,176mg,98mg,95mg,14mg,2mg,1mg,17μg,0mg,0mg,,,,,
856,,鸡蛋(红皮),,,,,653kJ,13g,11g,585mg,,1g,0g,1μg,74μg,194μg,2mg,0mg,0mg,0mg,0mg,44mg,182mg,121mg,126mg,11mg,2mg,1mg,15μg,0mg,0mg,,,,,
857,,鸡蛋(土鸡),,,,,577kJ,14g,6g,1338mg,,6g,0g,1μg,73μg,199μg,1mg,0mg,0mg,0mg,0mg,76mg,33mg,244mg,174mg,5mg,2mg,1mg,12μg,0mg,0mg,,,,,
858,,鸡蛋白,,,,,251kJ,12g,0g,0mg,,3g,0g,1μg,84μg,0μg,0mg,0mg,0mg,0mg,0mg,9mg,18mg,132mg,79mg,15mg,2mg,0mg,7μg,0mg,0mg,,,,,
859,,鸡蛋白(乌骨鸡),,,,,184kJ,10g,0g,0mg,,1g,0g,1μg,88μg,0μg,0mg,0mg,0mg,0mg,0mg,9mg,17mg,109mg,165mg,10mg,0mg,0mg,3μg,0mg,0mg,,,,,
860,,鸡蛋黄,,,,,1372kJ,15g,28g,1510mg,,3g,0g,2μg,52μg,438μg,5mg,0mg,0mg,0mg,0mg,112mg,240mg,95mg,55mg,41mg,6mg,4mg,27μg,0mg,0mg,,,,,
861,,鸡蛋黄(乌骨鸡),,,,,1100kJ,15g,20g,2057mg,,6g,0g,1μg,58μg,179μg,8mg,0mg,0mg,0mg,0mg,107mg,216mg,105mg,57mg,16mg,0mg,3mg,23μg,1mg,0mg,,,,,
862,,鸡蛋粉[全蛋粉],,,,,2280kJ,43g,36g,2251mg,,11g,0g,7μg,2μg,525μg,12mg,0mg,0mg,0mg,0mg,954mg,780mg,357mg,393mg,46mg,10mg,6mg,39μg,0mg,0mg,,,,,
863,,鸡蛋黄粉,,,,,2694kJ,32g,55g,2850mg,,5g,0g,3μg,5μg,776μg,14mg,0mg,0mg,0mg,0mg,266mg,905mg,103mg,90mg,22mg,11mg,7mg,28μg,0mg,0mg,,,,,
864,,松花蛋(鸡蛋),,,,,745kJ,15g,11g,595mg,,6g,0g,2μg,66μg,310μg,1mg,0mg,0mg,0mg,0mg,26mg,263mg,148mg,0mg,8mg,4mg,3mg,44μg,0mg,0mg,,,,,
865,,鸭蛋,,,,,753kJ,13g,13g,565mg,,3g,0g,1μg,70μg,261μg,5mg,0mg,0mg,0mg,0mg,62mg,226mg,135mg,106mg,13mg,3mg,2mg,16μg,0mg,0mg,,,,,
866,,鸭蛋白,,,,,197kJ,10g,0g,0mg,,2g,0g,1μg,88μg,23μg,0mg,0mg,0mg,0mg,0mg,18mg,0mg,84mg,71mg,21mg,0mg,0mg,4μg,0mg,0mg,,,,,
867,,鸭蛋黄,,,,,1582kJ,14g,34g,1576mg,,4g,0g,3μg,45μg,1980μg,13mg,0mg,1mg,0mg,0mg,123mg,55mg,86mg,30mg,22mg,5mg,3mg,25μg,0mg,0mg,,,,,
868,,松花蛋(鸭蛋)[皮蛋],,,,,715kJ,14g,11g,608mg,,4g,0g,2μg,68μg,215μg,3mg,0mg,0mg,0mg,0mg,63mg,165mg,152mg,543mg,13mg,3mg,1mg,25μg,0mg,0mg,,,,,
869,,咸鸭蛋,,,,,795kJ,13g,13g,647mg,,6g,0g,7μg,61μg,134μg,6mg,0mg,0mg,0mg,0mg,118mg,231mg,184mg,2706mg,30mg,4mg,2mg,24μg,0mg,0mg,,,,,
870,,鹅蛋,,,,,820kJ,11g,16g,704mg,,3g,0g,1μg,69μg,192μg,4mg,0mg,0mg,0mg,0mg,34mg,130mg,74mg,91mg,12mg,4mg,1mg,27μg,0mg,0mg,,,,,
871,,鹅蛋白,,,,,201kJ,9g,0g,0mg,,3g,0g,1μg,87μg,7μg,0mg,0mg,0mg,0mg,0mg,4mg,11mg,36mg,77mg,9mg,3mg,0mg,8μg,0mg,0mg,,,,,
872,,鹅蛋黄,,,,,1356kJ,16g,26g,1696mg,,6g,0g,2μg,50μg,1977μg,96mg,0mg,1mg,1mg,0mg,13mg,51mg,0mg,24mg,10mg,3mg,2mg,26μg,0mg,0mg,,,,,
873,,鹌鹑蛋,,,,,669kJ,13g,11g,515mg,,2g,0g,1μg,73μg,337μg,3mg,0mg,0mg,0mg,0mg,47mg,180mg,138mg,107mg,11mg,3mg,2mg,25μg,0mg,0mg,,,,,
874,,鹌鹑蛋(五香罐头),,,,,636kJ,12g,12g,480mg,,0g,0g,2μg,74μg,98μg,5mg,0mg,0mg,0mg,0mg,157mg,209mg,41mg,712mg,8mg,3mg,1mg,12μg,0mg,0mg,,,,,
875,,白条鱼(裸鱼),,,,,431kJ,17g,3g,129mg,,2g,0g,2μg,77μg,11μg,1mg,0mg,0mg,2mg,0mg,58mg,224mg,331mg,68mg,13mg,2mg,3mg,12μg,0mg,0mg,,,,,
876,,草鱼[白鲩，草包鱼],,,,,473kJ,17g,5g,86mg,,0g,0g,1μg,77μg,11μg,2mg,0mg,0mg,3mg,0mg,38mg,203mg,312mg,46mg,31mg,1mg,1mg,7μg,0mg,0mg,,,,,
877,,赤眼鳟[金目鱼],,,,,456kJ,18g,4g,76mg,,0g,0g,1μg,76μg,12μg,2mg,0mg,0mg,5mg,0mg,59mg,186mg,291mg,87mg,2mg,6mg,1mg,79μg,0mg,1mg,,,,,
878,,感鱼[猴鱼],,,,,477kJ,18g,4g,58mg,,1g,0g,1μg,76μg,11μg,1mg,0mg,0mg,1mg,0mg,139mg,109mg,194mg,158mg,23mg,0mg,1mg,21μg,0mg,0mg,,,,,
879,,胡子鲇[塘虱(鱼)],,,,,611kJ,15g,8g,53mg,,3g,0g,1μg,73μg,8μg,0mg,0mg,0mg,4mg,0mg,18mg,129mg,78mg,46mg,20mg,1mg,1mg,34μg,0mg,0mg,,,,,
880,,黄颡鱼[戈牙鱼，黄鳍鱼],,,,,519kJ,18g,3g,90mg,,7g,0g,1μg,72μg,0μg,1mg,0mg,0mg,4mg,0mg,59mg,166mg,202mg,250mg,19mg,6mg,1mg,16μg,0mg,0mg,,,,,
881,,黄鳝[鳝鱼],,,,,372kJ,18g,1g,126mg,,1g,0g,1μg,78μg,50μg,1mg,0mg,1mg,4mg,0mg,42mg,206mg,263mg,70mg,18mg,2mg,2mg,35μg,0mg,2mg,,,,,
882,,黄鳝丝,,,,,289kJ,15g,1g,77mg,,0g,0g,1μg,83μg,0μg,1mg,0mg,2mg,2mg,0mg,57mg,81mg,278mg,131mg,0mg,3mg,2mg,36μg,0mg,8mg,,,,,
883,,尖嘴白,,,,,573kJ,23g,3g,73mg,,4g,0g,1μg,69μg,0μg,0mg,0mg,0mg,0mg,0mg,27mg,192mg,375mg,48mg,14mg,1mg,1mg,0μg,0mg,0mg,,,,,
884,,口头鱼,,,,,561kJ,20g,4g,0mg,,4g,0g,1μg,70μg,0μg,0mg,0mg,0mg,2mg,0mg,103mg,247mg,270mg,48mg,26mg,2mg,2mg,0μg,0mg,0mg,,,,,
885,,鲤鱼[鲤拐子],,,,,456kJ,18g,4g,84mg,,0g,0g,1μg,77μg,25μg,1mg,0mg,0mg,3mg,0mg,50mg,204mg,334mg,54mg,33mg,1mg,2mg,15μg,0mg,0mg,,,,,
886,,罗非鱼,,,,,410kJ,18g,2g,78mg,,3g,0g,1μg,76μg,0μg,2mg,0mg,0mg,3mg,0mg,12mg,161mg,289mg,20mg,36mg,1mg,1mg,23μg,0mg,0mg,,,,,
887,,罗非鱼(莫桑比克)[非洲黑鲫鱼],,,,,322kJ,16g,1g,54mg,,1g,0g,1μg,81μg,7μg,0mg,0mg,0mg,2mg,0mg,24mg,150mg,338mg,67mg,24mg,1mg,1mg,0μg,0mg,0mg,,,,,
888,,泥鳅,,,,,402kJ,18g,2g,136mg,,2g,0g,2μg,77μg,14μg,1mg,0mg,0mg,6mg,0mg,299mg,302mg,282mg,75mg,28mg,3mg,3mg,35μg,0mg,0mg,,,,,
889,,青鱼[青皮鱼，青鳞鱼，青混],,,,,494kJ,20g,4g,108mg,,0g,0g,2μg,74μg,42μg,1mg,0mg,0mg,3mg,0mg,31mg,184mg,325mg,47mg,32mg,1mg,1mg,38μg,0mg,0mg,,,,,
890,,乌鳢[黑鱼，石斑鱼，生鱼],,,,,356kJ,18g,1g,91mg,,0g,0g,2μg,79μg,26μg,1mg,0mg,0mg,2mg,0mg,152mg,232mg,313mg,49mg,33mg,1mg,1mg,25μg,0mg,0mg,,,,,
891,,银鱼[面条鱼],,,,,439kJ,17g,4g,361mg,,0g,0g,3μg,76μg,0μg,2mg,0mg,0mg,0mg,0mg,46mg,22mg,246mg,9mg,25mg,1mg,0mg,10μg,0mg,0mg,,,,,
892,,湟鱼(裸鲤鱼),,,,,519kJ,17g,3g,98mg,,7g,0g,2μg,71μg,10μg,1mg,0mg,0mg,3mg,0mg,42mg,229mg,372mg,42mg,15mg,1mg,1mg,24μg,0mg,0mg,,,,,
893,,湟鱼(裸鱼),,,,,418kJ,18g,2g,74mg,,2g,0g,1μg,77μg,16μg,1mg,0mg,0mg,2mg,0mg,59mg,221mg,329mg,117mg,15mg,2mg,2mg,5μg,0mg,0mg,,,,,
894,,鲇鱼[胡子鲇，鲢胡，旺虾],,,,,431kJ,17g,4g,163mg,,0g,0g,1μg,78μg,0μg,1mg,0mg,0mg,2mg,0mg,42mg,195mg,351mg,50mg,22mg,2mg,1mg,27μg,0mg,0mg,,,,,
895,,鲒花,,,,,490kJ,16g,6g,34mg,,0g,0g,2μg,77μg,0μg,2mg,0mg,0mg,1mg,0mg,0mg,270mg,0mg,64mg,0mg,0mg,0mg,25μg,0mg,0mg,,,,,
896,,鲢鱼[白鲢，胖子，连子鱼],,,,,435kJ,18g,4g,99mg,,0g,0g,1μg,77μg,20μg,1mg,0mg,0mg,2mg,0mg,53mg,190mg,277mg,58mg,23mg,1mg,1mg,16μg,0mg,0mg,,,,,
897,,鲫鱼[喜头鱼，海附鱼],,,,,452kJ,17g,3g,130mg,,4g,0g,1μg,75μg,17μg,1mg,0mg,0mg,2mg,0mg,79mg,193mg,290mg,41mg,41mg,1mg,2mg,14μg,0mg,0mg,,,,,
898,,鲮鱼[雪鲮],,,,,397kJ,18g,2g,86mg,,1g,0g,1μg,78μg,125μg,2mg,0mg,0mg,3mg,0mg,31mg,176mg,317mg,40mg,22mg,1mg,1mg,48μg,0mg,0mg,,,,,
899,,鲮鱼(罐头),,,,,1669kJ,31g,27g,162mg,,8g,0g,7μg,27μg,0μg,6mg,0mg,0mg,2mg,0mg,598mg,750mg,480mg,2310mg,74mg,6mg,2mg,9μg,0mg,1mg,,,,,
900,,鳊鱼[鲂鱼，武昌鱼],,,,,565kJ,18g,6g,94mg,,1g,0g,1μg,73μg,28μg,1mg,0mg,0mg,2mg,0mg,89mg,188mg,215mg,41mg,17mg,1mg,1mg,12μg,0mg,0mg,,,,,
901,,鳗鲡[鳗鱼，河鳗],,,,,757kJ,19g,11g,177mg,,2g,0g,1μg,67μg,0μg,4mg,0mg,0mg,4mg,0mg,42mg,248mg,207mg,59mg,34mg,2mg,1mg,34μg,0mg,0mg,,,,,
902,,鳙鱼[胖头鱼，摆佳鱼，花鲢鱼],,,,,418kJ,15g,2g,112mg,,5g,0g,1μg,76μg,34μg,3mg,0mg,0mg,3mg,0mg,82mg,180mg,229mg,61mg,26mg,1mg,1mg,19μg,0mg,0mg,,,,,
903,,鳜鱼[桂鱼，花鲫鱼],,,,,490kJ,20g,4g,124mg,,0g,0g,2μg,74μg,12μg,1mg,0mg,0mg,6mg,0mg,63mg,217mg,295mg,69mg,32mg,1mg,1mg,26μg,0mg,0mg,,,,,
904,,鳟鱼[红鳟鱼],,,,,414kJ,19g,3g,102mg,,0g,0g,2μg,77μg,206μg,4mg,0mg,0mg,0mg,0mg,34mg,374mg,688mg,110mg,45mg,0mg,4mg,20μg,0mg,0mg,,,,,
905,,白姑鱼[白米子(鱼)],,,,,628kJ,19g,8g,80mg,,0g,0g,1μg,72μg,0μg,1mg,0mg,0mg,3mg,0mg,23mg,171mg,382mg,153mg,28mg,0mg,1mg,21μg,0mg,0mg,,,,,
906,,参鱼[蓝圆参，边鱼],,,,,519kJ,18g,3g,78mg,,5g,0g,1μg,72μg,1μg,0mg,0mg,0mg,4mg,0mg,55mg,191mg,215mg,82mg,30mg,2mg,1mg,25μg,0mg,0mg,,,,,
907,,带鱼[白带鱼，刀鱼],,,,,531kJ,18g,5g,76mg,,3g,0g,1μg,73μg,29μg,1mg,0mg,0mg,3mg,0mg,28mg,191mg,280mg,150mg,43mg,1mg,1mg,37μg,0mg,0mg,,,,,
908,,堤鱼,,,,,799kJ,18g,13g,0mg,,1g,0g,1μg,67μg,5μg,0mg,0mg,0mg,6mg,0mg,15mg,324mg,228mg,65mg,46mg,2mg,1mg,80μg,0mg,0mg,,,,,
909,,丁香鱼(干),,,,,820kJ,38g,3g,379mg,,5g,0g,18μg,36μg,119μg,0mg,0mg,0mg,2mg,0mg,590mg,914mg,664mg,4375mg,319mg,4mg,3mg,41μg,0mg,1mg,,,,,
910,,狗母鱼[大头狗母鱼],,,,,418kJ,17g,2g,71mg,,3g,0g,2μg,76μg,11μg,0mg,0mg,0mg,4mg,0mg,95mg,263mg,194mg,156mg,51mg,2mg,1mg,29μg,0mg,0mg,,,,,
911,,海鲫鱼[九九鱼],,,,,862kJ,17g,14g,70mg,,4g,0g,1μg,64μg,0μg,1mg,0mg,0mg,4mg,0mg,69mg,193mg,133mg,16mg,30mg,2mg,1mg,29μg,0mg,0mg,,,,,
912,,海鳗[鲫勾],,,,,510kJ,19g,5g,71mg,,0g,0g,1μg,75μg,22μg,2mg,0mg,0mg,3mg,0mg,28mg,159mg,266mg,96mg,27mg,1mg,1mg,26μg,0mg,0mg,,,,,
913,,红娘鱼[翼红娘鱼],,,,,439kJ,18g,3g,120mg,,2g,0g,1μg,76μg,6μg,1mg,0mg,0mg,5mg,0mg,160mg,297mg,308mg,164mg,45mg,1mg,3mg,59μg,0mg,0mg,,,,,
914,,黄姑鱼[黄婆鸡(鱼)],,,,,573kJ,18g,7g,166mg,,0g,0g,1μg,74μg,0μg,1mg,0mg,0mg,4mg,0mg,94mg,196mg,282mg,102mg,29mg,1mg,1mg,64μg,0mg,0mg,,,,,
915,,黄鱼(大黄花鱼),,,,,406kJ,18g,2g,86mg,,1g,0g,1μg,78μg,10μg,1mg,0mg,0mg,2mg,0mg,53mg,174mg,260mg,120mg,39mg,1mg,1mg,43μg,0mg,0mg,,,,,
916,,黄鱼(小黄花鱼),,,,,414kJ,18g,3g,74mg,,0g,0g,1μg,78μg,0μg,1mg,0mg,0mg,2mg,0mg,78mg,188mg,228mg,103mg,28mg,1mg,1mg,55μg,0mg,0mg,,,,,
917,,黄鲂[赤虹，老板鱼],,,,,339kJ,18g,0g,121mg,,1g,0g,3μg,78μg,10μg,0mg,0mg,0mg,2mg,0mg,27mg,157mg,227mg,160mg,24mg,0mg,0mg,31μg,0mg,0mg,,,,,
918,,金线鱼[红三鱼],,,,,423kJ,19g,3g,54mg,,0g,0g,1μg,77μg,20μg,1mg,0mg,0mg,5mg,0mg,102mg,128mg,300mg,118mg,29mg,1mg,1mg,48μg,0mg,0mg,,,,,
919,,绿鳍马面豚[面包鱼，橡皮鱼],,,,,347kJ,18g,1g,45mg,,1g,0g,1μg,79μg,15μg,1mg,0mg,0mg,3mg,0mg,54mg,185mg,291mg,80mg,27mg,1mg,1mg,38μg,0mg,0mg,,,,,
920,,梅童鱼[大头仔鱼，丁珠鱼],,,,,506kJ,19g,5g,88mg,,0g,0g,1μg,75μg,25μg,1mg,0mg,0mg,2mg,0mg,34mg,164mg,299mg,106mg,36mg,2mg,1mg,45μg,0mg,0mg,,,,,
921,,沙丁鱼[沙鲻],,,,,372kJ,20g,1g,158mg,,0g,0g,1μg,78μg,0μg,0mg,0mg,0mg,2mg,0mg,184mg,183mg,136mg,92mg,30mg,1mg,0mg,49μg,0mg,0mg,,,,,
922,,沙钻鱼[多鳞喜，沙梭，麦穗鱼],,,,,351kJ,18g,1g,120mg,,1g,0g,1μg,78μg,12μg,0mg,0mg,0mg,2mg,0mg,120mg,220mg,211mg,174mg,40mg,2mg,1mg,21μg,0mg,0mg,,,,,
923,,蛇鲻[沙梭鱼],,,,,510kJ,21g,4g,74mg,,0g,0g,1μg,74μg,0μg,1mg,0mg,0mg,2mg,0mg,117mg,156mg,304mg,118mg,30mg,0mg,1mg,13μg,0mg,0mg,,,,,
924,,舌鳎[花纹舌头，舌头鱼],,,,,347kJ,18g,1g,82mg,,0g,0g,2μg,80μg,6μg,1mg,0mg,0mg,2mg,0mg,57mg,168mg,309mg,139mg,27mg,2mg,0mg,35μg,0mg,0mg,,,,,
925,,油抒[香梭鱼],,,,,607kJ,16g,9g,78mg,,0g,0g,1μg,74μg,32μg,1mg,0mg,0mg,3mg,0mg,13mg,158mg,275mg,68mg,44mg,2mg,1mg,22μg,0mg,0mg,,,,,
926,,颚针鱼[针量鱼],,,,,753kJ,20g,10g,101mg,,1g,0g,2μg,66μg,0μg,3mg,0mg,0mg,0mg,0mg,58mg,197mg,336mg,73mg,30mg,1mg,2mg,37μg,0mg,0mg,,,,,
927,,鲅鱼[马鲛鱼，燕鲅鱼，巴鱼],,,,,506kJ,21g,3g,75mg,,2g,0g,1μg,72μg,19μg,1mg,0mg,0mg,2mg,0mg,35mg,130mg,370mg,74mg,50mg,1mg,1mg,52μg,0mg,0mg,,,,,
928,,鲅鱼(咸)[咸马胶],,,,,657kJ,23g,2g,89mg,,12g,0g,10μg,53μg,0μg,5mg,0mg,0mg,3mg,0mg,0mg,228mg,298mg,5350mg,0mg,6mg,2mg,28μg,0mg,0mg,,,,,
929,,鲆[片口鱼，比目鱼],,,,,469kJ,21g,3g,81mg,,0g,0g,2μg,76μg,0μg,0mg,0mg,0mg,4mg,0mg,55mg,178mg,317mg,67mg,55mg,1mg,1mg,37μg,0mg,0mg,,,,,
930,,鲈鱼[鲈花],,,,,439kJ,19g,3g,86mg,,0g,0g,2μg,76μg,19μg,1mg,0mg,0mg,3mg,0mg,138mg,242mg,205mg,144mg,37mg,2mg,3mg,33μg,0mg,0mg,,,,,
931,,鲐鱼[青鲐鱼，鲐巴鱼，青砖鱼],,,,,649kJ,20g,7g,77mg,,2g,0g,1μg,69μg,38μg,1mg,0mg,0mg,9mg,0mg,50mg,247mg,263mg,88mg,47mg,2mg,1mg,58μg,0mg,0mg,,,,,
932,,鲑鱼[大麻哈鱼],,,,,582kJ,17g,8g,68mg,,0g,0g,1μg,74μg,45μg,1mg,0mg,0mg,4mg,0mg,13mg,154mg,361mg,63mg,36mg,0mg,1mg,29μg,0mg,0mg,,,,,
933,,鲑鱼籽酱[大麻哈鱼籽酱],,,,,1054kJ,11g,17g,0mg,,14g,0g,8μg,49μg,111μg,12mg,0mg,0mg,0mg,0mg,23mg,359mg,171mg,2881mg,73mg,3mg,3mg,203μg,1mg,0mg,,,,,
934,,鲚鱼(大)[大凤尾鱼],,,,,444kJ,13g,6g,117mg,,1g,0g,3μg,78μg,15μg,1mg,0mg,0mg,1mg,0mg,114mg,498mg,161mg,53mg,28mg,2mg,2mg,38μg,0mg,0mg,,,,,
935,,鲚鱼(小)[小凤尾鱼],,,,,519kJ,16g,5g,82mg,,4g,0g,3μg,73μg,14μg,1mg,0mg,0mg,1mg,0mg,78mg,460mg,225mg,38mg,23mg,2mg,1mg,33μg,0mg,0mg,,,,,
936,,鲨鱼[真鲨，白斑角鲨],,,,,494kJ,22g,3g,70mg,,0g,0g,1μg,73μg,21μg,1mg,0mg,0mg,3mg,0mg,41mg,212mg,285mg,102mg,30mg,1mg,1mg,57μg,0mg,0mg,,,,,
937,,鲳鱼[平鱼，银鲳，刺鲳],,,,,586kJ,18g,7g,77mg,,0g,0g,1μg,73μg,24μg,1mg,0mg,0mg,2mg,0mg,46mg,155mg,328mg,62mg,39mg,1mg,1mg,27μg,0mg,0mg,,,,,
938,,鲷[黑鲷，铜盆鱼，大目鱼],,,,,444kJ,18g,3g,65mg,,3g,0g,2μg,75μg,12μg,1mg,0mg,0mg,4mg,0mg,186mg,304mg,261mg,104mg,36mg,2mg,1mg,32μg,0mg,0mg,,,,,
939,,鲻鱼[白眼棱鱼],,,,,498kJ,19g,5g,99mg,,0g,0g,1μg,75μg,0μg,3mg,0mg,0mg,2mg,0mg,19mg,183mg,245mg,71mg,25mg,0mg,1mg,17μg,0mg,0mg,,,,,
940,,鲽[比目鱼，凸眼鱼],,,,,448kJ,21g,2g,73mg,,0g,0g,2μg,75μg,117μg,2mg,0mg,0mg,2mg,0mg,107mg,135mg,264mg,150mg,32mg,0mg,1mg,29μg,0mg,0mg,,,,,
941,,鳐鱼[夫鱼],,,,,377kJ,21g,1g,48mg,,0g,0g,1μg,77μg,27μg,1mg,0mg,0mg,4mg,0mg,22mg,159mg,277mg,130mg,20mg,1mg,1mg,29μg,0mg,0mg,,,,,
942,,鳓鱼[快鱼，力鱼],,,,,665kJ,21g,8g,76mg,,0g,0g,1μg,72μg,0μg,2mg,0mg,0mg,0mg,0mg,39mg,203mg,246mg,48mg,28mg,1mg,1mg,36μg,0mg,0mg,,,,,
943,,鳕鱼[鳕狭，明太鱼],,,,,368kJ,20g,0g,114mg,,0g,0g,1μg,77μg,14μg,0mg,0mg,0mg,3mg,0mg,42mg,232mg,321mg,130mg,84mg,0mg,1mg,25μg,0mg,0mg,,,,,
944,,鳘鱼,,,,,372kJ,20g,1g,62mg,,0g,0g,1μg,78μg,33μg,0mg,0mg,0mg,3mg,0mg,21mg,228mg,357mg,55mg,18mg,1mg,1mg,51μg,0mg,0mg,,,,,
945,,鱼片干,,,,,1268kJ,46g,3g,307mg,,22g,0g,8μg,20μg,0μg,1mg,0mg,0mg,5mg,0mg,106mg,308mg,251mg,2321mg,60mg,4mg,3mg,0μg,0mg,0mg,,,,,
946,,鱼奇油[鱼露，虾油],,,,,197kJ,11g,0g,0mg,,0g,0g,23μg,65μg,0μg,0mg,0mg,0mg,2mg,0mg,24mg,6mg,199mg,9350mg,60mg,3mg,0mg,12μg,0mg,0mg,,,,,
947,,白米虾[水虾米],,,,,339kJ,17g,0g,103mg,,2g,0g,3μg,77μg,54μg,3mg,0mg,0mg,0mg,0mg,403mg,267mg,255mg,91mg,26mg,2mg,2mg,0μg,1mg,0mg,,,,,
948,,斑节对虾[草虾],,,,,431kJ,19g,1g,148mg,,5g,0g,2μg,74μg,82μg,2mg,0mg,0mg,2mg,0mg,59mg,275mg,363mg,169mg,63mg,2mg,2mg,28μg,1mg,0mg,,,,,
949,,长毛对虾[大虾，白露虾],,,,,377kJ,18g,0g,136mg,,3g,0g,2μg,76μg,79μg,4mg,0mg,0mg,3mg,0mg,36mg,241mg,386mg,209mg,47mg,3mg,2mg,9μg,1mg,0mg,,,,,
950,,刺蛄[刺蛄],,,,,322kJ,16g,1g,98mg,,0g,0g,1μg,81μg,0μg,0mg,0mg,0mg,3mg,0mg,0mg,283mg,181mg,87mg,21mg,14mg,1mg,0μg,1mg,0mg,,,,,
951,,东方对虾[中国对虾],,,,,351kJ,18g,0g,183mg,,2g,0g,2μg,78μg,87μg,4mg,0mg,0mg,1mg,0mg,35mg,253mg,217mg,134mg,37mg,1mg,1mg,19μg,0mg,0mg,,,,,
952,,对虾,,,,,389kJ,19g,1g,193mg,,3g,0g,1μg,76μg,15μg,1mg,0mg,0mg,2mg,0mg,62mg,228mg,215mg,165mg,43mg,2mg,2mg,34μg,0mg,0mg,,,,,
953,,海虾,,,,,331kJ,17g,1g,117mg,,2g,0g,2μg,79μg,0μg,3mg,0mg,0mg,2mg,0mg,146mg,196mg,228mg,302mg,46mg,3mg,1mg,56μg,0mg,0mg,,,,,
954,,河虾,,,,,364kJ,16g,2g,240mg,,0g,0g,4μg,78μg,48μg,5mg,0mg,0mg,0mg,0mg,325mg,186mg,329mg,134mg,60mg,4mg,2mg,30μg,1mg,0mg,,,,,
955,,基围虾,,,,,423kJ,18g,1g,181mg,,4g,0g,1μg,75μg,0μg,2mg,0mg,0mg,3mg,0mg,83mg,139mg,250mg,172mg,45mg,2mg,1mg,40μg,0mg,0mg,,,,,
956,,江虾[沼虾],,,,,364kJ,10g,1g,116mg,,9g,0g,2μg,77μg,102μg,11mg,0mg,0mg,2mg,0mg,78mg,293mg,683mg,0mg,131mg,9mg,3mg,18μg,3mg,1mg,,,,,
957,,龙虾,,,,,377kJ,19g,1g,121mg,,1g,0g,1μg,78μg,0μg,4mg,0mg,0mg,4mg,0mg,21mg,221mg,257mg,190mg,22mg,1mg,3mg,39μg,1mg,0mg,,,,,
958,,明虾,,,,,356kJ,13g,2g,273mg,,4g,0g,1μg,80μg,0μg,2mg,0mg,0mg,4mg,0mg,75mg,189mg,238mg,119mg,31mg,1mg,4mg,25μg,0mg,0mg,,,,,
959,,塘水虾[草虾],,,,,402kJ,21g,1g,264mg,,0g,0g,4μg,74μg,44μg,5mg,0mg,0mg,0mg,0mg,403mg,233mg,250mg,109mg,26mg,3mg,3mg,0μg,2mg,0mg,,,,,
960,,虾虎,,,,,339kJ,12g,2g,177mg,,5g,0g,1μg,81μg,0μg,3mg,0mg,0mg,1mg,0mg,22mg,206mg,132mg,137mg,32mg,2mg,3mg,47μg,3mg,0mg,,,,,
961,,虾皮,,,,,640kJ,31g,2g,428mg,,2g,0g,22μg,42μg,19μg,1mg,0mg,0mg,3mg,0mg,991mg,582mg,617mg,5058mg,265mg,7mg,2mg,74μg,1mg,1mg,,,,,
962,,螯虾,,,,,389kJ,15g,4g,0mg,,0g,0g,1μg,80μg,0μg,4mg,0mg,0mg,3mg,0mg,85mg,228mg,550mg,225mg,2mg,6mg,1mg,8μg,1mg,3mg,,,,,
963,,虾米[海米，虾仁],,,,,828kJ,44g,3g,525mg,,0g,0g,17μg,37μg,21μg,1mg,0mg,0mg,5mg,0mg,555mg,666mg,550mg,4892mg,236mg,11mg,4mg,75μg,2mg,1mg,,,,,
964,,虾脑酱,,,,,418kJ,15g,4g,249mg,,0g,0g,22μg,58μg,0μg,2mg,0mg,0mg,4mg,0mg,667mg,146mg,111mg,1790mg,53mg,9mg,4mg,21μg,2mg,1mg,,,,,
965,,海蟹,,,,,397kJ,14g,2g,125mg,,5g,0g,2μg,77μg,30μg,3mg,0mg,0mg,2mg,0mg,208mg,142mg,232mg,260mg,47mg,2mg,3mg,83μg,2mg,0mg,,,,,
966,,河蟹,,,,,431kJ,18g,3g,267mg,,2g,0g,2μg,76μg,389μg,6mg,0mg,0mg,2mg,0mg,126mg,182mg,181mg,194mg,23mg,3mg,4mg,57μg,3mg,0mg,,,,,
967,,踞缘青蟹[青蟹],,,,,335kJ,15g,2g,119mg,,2g,0g,2μg,80μg,402μg,3mg,0mg,0mg,2mg,0mg,228mg,262mg,206mg,193mg,42mg,1mg,4mg,76μg,3mg,0mg,,,,,
968,,梭子蟹,,,,,397kJ,16g,3g,142mg,,1g,0g,3μg,78μg,121μg,5mg,0mg,0mg,2mg,0mg,280mg,152mg,208mg,481mg,65mg,2mg,6mg,91μg,1mg,0mg,,,,,
969,,蟹肉,,,,,259kJ,12g,1g,65mg,,1g,0g,2μg,84μg,0μg,3mg,0mg,0mg,4mg,0mg,231mg,159mg,214mg,270mg,41mg,2mg,2mg,33μg,1mg,0mg,,,,,
970,,鲍鱼[杂色鲍],,,,,351kJ,13g,1g,242mg,,7g,0g,2μg,78μg,24μg,2mg,0mg,0mg,0mg,0mg,266mg,77mg,136mg,2012mg,59mg,23mg,2mg,21μg,1mg,0mg,,,,,
971,,鲍鱼(干),,,,,1347kJ,54g,6g,0mg,,14g,0g,8μg,18μg,28μg,1mg,0mg,0mg,7mg,0mg,143mg,251mg,366mg,2316mg,352mg,7mg,2mg,67μg,0mg,0mg,,,,,
972,,蛏子,,,,,167kJ,7g,0g,131mg,,2g,0g,2μg,88μg,59μg,1mg,0mg,0mg,1mg,0mg,134mg,114mg,140mg,176mg,35mg,34mg,2mg,55μg,0mg,2mg,,,,,
973,,蛏干[蛏子缢，蛏青子],,,,,1423kJ,46g,5g,469mg,,27g,0g,9μg,12μg,20μg,0mg,0mg,0mg,5mg,0mg,107mg,791mg,586mg,1175mg,303mg,89mg,14mg,121μg,2mg,8mg,,,,,
974,,赤贝,,,,,255kJ,14g,1g,144mg,,0g,0g,2μg,85μg,0μg,13mg,0mg,0mg,0mg,0mg,35mg,118mg,153mg,266mg,45mg,5mg,12mg,60μg,0mg,1mg,,,,,
975,,河蚌,,,,,226kJ,11g,1g,103mg,,1g,0g,2μg,85μg,243μg,1mg,0mg,0mg,1mg,0mg,248mg,305mg,17mg,17mg,16mg,27mg,6mg,20μg,0mg,60mg,,,,,
976,,河蚬[蚬子],,,,,197kJ,7g,1g,257mg,,2g,0g,1μg,88μg,37μg,0mg,0mg,0mg,1mg,0mg,39mg,127mg,25mg,18mg,10mg,11mg,2mg,30μg,0mg,0mg,,,,,
977,,牡蛎[海蛎子],,,,,305kJ,5g,2g,100mg,,8g,0g,2μg,82μg,27μg,1mg,0mg,0mg,1mg,0mg,131mg,115mg,200mg,462mg,65mg,7mg,9mg,87μg,8mg,1mg,,,,,
978,,生蚝,,,,,238kJ,11g,2g,94mg,,0g,0g,0μg,87μg,0μg,0mg,0mg,0mg,2mg,0mg,35mg,100mg,375mg,270mg,10mg,5mg,71mg,41μg,12mg,0mg,,,,,
979,,泥蚶[血蚶，珠蚶],,,,,297kJ,10g,1g,124mg,,6g,0g,1μg,82μg,6μg,13mg,0mg,0mg,1mg,0mg,59mg,103mg,207mg,355mg,84mg,11mg,12mg,41μg,0mg,1mg,,,,,
980,,扇贝(鲜),,,,,251kJ,11g,1g,140mg,,3g,0g,2μg,84μg,0μg,12mg,0mg,0mg,0mg,0mg,142mg,132mg,122mg,339mg,39mg,7mg,12mg,20μg,0mg,1mg,,,,,
981,,扇贝(干)[干贝],,,,,1105kJ,56g,2g,348mg,,5g,0g,10μg,27μg,11μg,2mg,0mg,0mg,2mg,0mg,77mg,504mg,969mg,306mg,106mg,6mg,5mg,76μg,0mg,0mg,,,,,
982,,鲜贝,,,,,322kJ,16g,0g,116mg,,2g,0g,1μg,80μg,0μg,1mg,0mg,0mg,2mg,0mg,28mg,166mg,226mg,120mg,31mg,1mg,2mg,57μg,0mg,0mg,,,,,
983,,银蚶[蚶子],,,,,297kJ,12g,1g,89mg,,2g,0g,1μg,83μg,0μg,1mg,0mg,0mg,1mg,0mg,49mg,111mg,76mg,280mg,59mg,7mg,2mg,86μg,0mg,1mg,,,,,
984,,贻贝(鲜)[淡菜，壳菜],,,,,335kJ,11g,2g,123mg,,5g,0g,2μg,80μg,73μg,14mg,0mg,0mg,2mg,0mg,63mg,197mg,157mg,451mg,56mg,7mg,2mg,58μg,0mg,0mg,,,,,
985,,贻贝(干)[淡菜，壳菜],,,,,1485kJ,48g,9g,493mg,,20g,0g,7μg,16μg,36μg,7mg,0mg,0mg,4mg,0mg,157mg,454mg,264mg,779mg,169mg,12mg,7mg,120μg,1mg,1mg,,,,,
986,,蛤蜊(均值),,,,,259kJ,10g,1g,156mg,,3g,0g,2μg,84μg,21μg,2mg,0mg,0mg,2mg,0mg,133mg,128mg,140mg,426mg,78mg,11mg,2mg,54μg,0mg,0mg,,,,,
987,,花蛤蜊,,,,,188kJ,8g,1g,63mg,,2g,0g,2μg,87μg,23μg,1mg,0mg,0mg,2mg,0mg,59mg,126mg,235mg,309mg,82mg,6mg,1mg,77μg,0mg,0mg,,,,,
988,,毛蛤蜊,,,,,406kJ,15g,1g,113mg,,7g,0g,1μg,76μg,0μg,4mg,0mg,0mg,1mg,0mg,137mg,116mg,164mg,363mg,87mg,15mg,2mg,68μg,0mg,1mg,,,,,
989,,秋蛤蜊,,,,,372kJ,16g,1g,180mg,,5g,0g,2μg,76μg,0μg,18mg,0mg,0mg,2mg,0mg,177mg,166mg,123mg,492mg,108mg,22mg,3mg,87μg,0mg,1mg,,,,,
990,,沙蛤蜊,,,,,234kJ,9g,2g,74mg,,1g,0g,2μg,87μg,0μg,2mg,0mg,0mg,2mg,0mg,111mg,97mg,109mg,578mg,66mg,6mg,2mg,28μg,0mg,0mg,,,,,
991,,杂色蛤蜊,,,,,222kJ,8g,2g,106mg,,1g,0g,2μg,88μg,0μg,4mg,0mg,0mg,2mg,0mg,177mg,161mg,97mg,495mg,59mg,13mg,5mg,41μg,0mg,0mg,,,,,
992,,螺(均值),,,,,418kJ,16g,1g,0mg,,7g,0g,3μg,74μg,26μg,8mg,0mg,0mg,2mg,0mg,722mg,118mg,167mg,153mg,143mg,7mg,5mg,38μg,1mg,1mg,,,,,
993,,红螺,,,,,498kJ,20g,1g,177mg,,8g,0g,3μg,69μg,50μg,21mg,0mg,0mg,0mg,0mg,539mg,152mg,179mg,220mg,191mg,5mg,3mg,75μg,0mg,0mg,,,,,
994,,黄螺[东风螺],,,,,444kJ,20g,1g,167mg,,4g,0g,4μg,71μg,2μg,0mg,0mg,1mg,2mg,0mg,55mg,140mg,297mg,129mg,32mg,3mg,2mg,28μg,1mg,0mg,,,,,
995,,螺蛳,,,,,247kJ,8g,1g,86mg,,6g,0g,3μg,83μg,0μg,0mg,0mg,0mg,2mg,0mg,156mg,98mg,75mg,253mg,178mg,1mg,10mg,17μg,2mg,1mg,,,,,
996,,石螺,,,,,377kJ,13g,1g,198mg,,8g,0g,3μg,75μg,0μg,2mg,0mg,0mg,1mg,0mg,2458mg,118mg,21mg,13mg,147mg,9mg,6mg,12μg,2mg,0mg,,,,,
997,,田螺,,,,,251kJ,11g,0g,154mg,,4g,0g,3μg,82μg,0μg,1mg,0mg,0mg,2mg,0mg,1030mg,93mg,98mg,26mg,77mg,20mg,3mg,17μg,1mg,1mg,,,,,
998,,香海螺,,,,,682kJ,23g,4g,195mg,,10g,0g,2μg,62μg,0μg,7mg,0mg,0mg,3mg,0mg,91mg,109mg,333mg,279mg,231mg,3mg,3mg,79μg,1mg,1mg,,,,,
999,,海参,,,,,326kJ,16g,0g,51mg,,2g,0g,4μg,77μg,0μg,3mg,0mg,0mg,0mg,0mg,285mg,28mg,43mg,503mg,149mg,13mg,1mg,64μg,0mg,1mg,,,,,
1000,,海参(干),,,,,1096kJ,50g,5g,62mg,,4g,0g,22μg,19μg,39μg,0mg,0mg,0mg,1mg,0mg,0mg,94mg,356mg,4968mg,1047mg,9mg,2mg,150μg,0mg,0mg,,,,,
1001,,海参(水浸),,,,,105kJ,6g,0g,50mg,,0g,0g,0μg,94μg,11μg,0mg,0mg,0mg,0mg,0mg,240mg,10mg,41mg,81mg,31mg,1mg,0mg,6μg,0mg,0mg,,,,,
1002,,海蜇皮,,,,,138kJ,4g,0g,8mg,,4g,0g,16μg,76μg,0μg,2mg,0mg,0mg,0mg,0mg,150mg,30mg,160mg,325mg,124mg,5mg,1mg,16μg,0mg,0mg,,,,,
1003,,海蜇头,,,,,310kJ,6g,0g,10mg,,12g,0g,13μg,69μg,14μg,3mg,0mg,0mg,0mg,0mg,120mg,22mg,331mg,468mg,114mg,5mg,0mg,17μg,0mg,2mg,,,,,
1004,,墨鱼[曼氏无针乌贼],,,,,347kJ,15g,1g,226mg,,3g,0g,1μg,79μg,0μg,1mg,0mg,0mg,2mg,0mg,15mg,165mg,400mg,166mg,39mg,1mg,1mg,38μg,1mg,0mg,,,,,
1005,,墨鱼(干)[曼氏无针乌贼],,,,,1201kJ,65g,2g,316mg,,2g,0g,6μg,25μg,0μg,7mg,0mg,0mg,4mg,0mg,82mg,413mg,1261mg,1744mg,359mg,24mg,10mg,104μg,4mg,0mg,,,,,
1006,,乌贼(鲜)[鱿鱼，台湾枪乌贼，枪乌贼],,,,,351kJ,17g,2g,268mg,,0g,0g,1μg,80μg,35μg,2mg,0mg,0mg,2mg,0mg,44mg,19mg,290mg,110mg,42mg,1mg,2mg,38μg,0mg,0mg,,,,,
1007,,鱿鱼(干)[台湾枪乌贼],,,,,1310kJ,60g,5g,871mg,,8g,0g,6μg,22μg,0μg,10mg,0mg,0mg,5mg,0mg,87mg,392mg,1131mg,965mg,192mg,4mg,11mg,156μg,1mg,0mg,,,,,
1008,,鱿鱼(水浸),,,,,314kJ,17g,1g,0mg,,0g,0g,1μg,81μg,16μg,1mg,0mg,0mg,0mg,0mg,43mg,60mg,16mg,135mg,61mg,0mg,1mg,14μg,0mg,0mg,,,,,
1009,,乌鱼蛋,,,,,276kJ,14g,1g,243mg,,0g,0g,1μg,85μg,0μg,11mg,0mg,0mg,2mg,0mg,11mg,99mg,201mg,127mg,21mg,0mg,1mg,38μg,0mg,0mg,,,,,
1010,,章鱼[真蛸],,,,,218kJ,11g,0g,114mg,,1g,0g,1μg,86μg,7μg,0mg,0mg,0mg,1mg,0mg,22mg,106mg,157mg,288mg,42mg,1mg,5mg,42μg,9mg,0mg,,,,,
1011,,章鱼(八爪鱼)[八角鱼],,,,,565kJ,19g,0g,0mg,,14g,0g,1μg,65μg,0μg,1mg,0mg,0mg,5mg,0mg,21mg,63mg,447mg,65mg,50mg,1mg,1mg,27μg,0mg,0mg,,,,,
1012,,母乳化奶粉,,,,,2134kJ,14g,27g,0mg,,52g,0g,4μg,3μg,303μg,0mg,0mg,1mg,0mg,5mg,251mg,354mg,643mg,169mg,69mg,8mg,2mg,71μg,0mg,0mg,,,,,
1013,,婴儿奶粉,,,,,1854kJ,20g,15g,91mg,,57g,0g,4μg,4μg,28μg,3mg,0mg,1mg,0mg,0mg,998mg,457mg,703mg,9mg,100mg,5mg,4mg,24μg,0mg,0mg,,,,,
1014,,豆奶粉,,,,,1770kJ,19g,8g,90mg,,69g,0g,2μg,3μg,0μg,5mg,0mg,0mg,1mg,0mg,149mg,257mg,528mg,15mg,184mg,4mg,2mg,7μg,1mg,1mg,,,,,
1015,,钙质糕粉,,,,,1515kJ,8g,1g,29mg,,80g,2g,1μg,8μg,0μg,0mg,1mg,0mg,2mg,0mg,116mg,202mg,169mg,6mg,93mg,2mg,2mg,2μg,0mg,1mg,,,,,
1016,,健儿粉,,,,,1544kJ,7g,1g,0mg,,83g,0g,1μg,8μg,13μg,0mg,0mg,1mg,1mg,0mg,137mg,181mg,113mg,22mg,21mg,2mg,1mg,2μg,0mg,1mg,,,,,
1017,,莲子健儿粉,,,,,1473kJ,8g,1g,0mg,,78g,0g,1μg,12μg,0μg,0mg,0mg,0mg,1mg,0mg,12mg,61mg,141mg,4mg,61mg,3mg,2mg,3μg,0mg,1mg,,,,,
1018,,乳儿糕,,,,,1527kJ,12g,3g,0mg,,74g,1g,1μg,10μg,0μg,0mg,0mg,0mg,2mg,1mg,143mg,272mg,232mg,123mg,66mg,3mg,2mg,3μg,0mg,1mg,,,,,
1019,,婴儿奶糕,,,,,1435kJ,10g,1g,0mg,,73g,1g,3μg,12μg,0μg,0mg,0mg,1mg,2mg,0mg,61mg,415mg,398mg,106mg,1mg,2mg,1mg,7μg,0mg,1mg,,,,,
1020,,婴儿营养粉[婴宝*5410*],,,,,1782kJ,17g,13g,0mg,,61g,0g,3μg,6μg,540μg,4mg,1mg,1mg,4mg,20mg,668mg,490mg,696mg,95mg,97mg,6mg,2mg,0μg,0mg,1mg,,,,,
1021,,营养乳儿糕,,,,,1523kJ,8g,2g,0mg,,79g,0g,3μg,8μg,669μg,1mg,0mg,0mg,5mg,0mg,408mg,435mg,137mg,112mg,36mg,1mg,0mg,9μg,0mg,0mg,,,,,
1022,,艾窝窝,,,,,795kJ,4g,0g,0mg,,43g,0g,0μg,52μg,0μg,0mg,0mg,0mg,1mg,0mg,19mg,34mg,53mg,2mg,13mg,0mg,0mg,2μg,1mg,0mg,,,,,
1023,,白水羊头,,,,,808kJ,22g,11g,92mg,,1g,0g,4μg,62μg,13μg,1mg,0mg,0mg,1mg,0mg,41mg,110mg,32mg,899mg,11mg,5mg,2mg,11μg,0mg,0mg,,,,,
1024,,茶汤,,,,,389kJ,2g,0g,0mg,,21g,0g,2μg,75μg,0μg,0mg,0mg,0mg,0mg,0mg,17mg,41mg,42mg,24mg,17mg,1mg,0mg,1μg,0mg,0mg,,,,,
1025,,炒肝,,,,,402kJ,3g,8g,91mg,,3g,0g,1μg,85μg,150μg,0mg,0mg,0mg,2mg,0mg,22mg,28mg,27mg,260mg,14mg,3mg,1mg,0μg,0mg,0mg,,,,,
1026,,春卷,,,,,1937kJ,6g,34g,0mg,,34g,1g,2μg,24μg,0μg,4mg,0mg,0mg,3mg,0mg,10mg,94mg,89mg,486mg,36mg,2mg,1mg,6μg,0mg,0mg,,,,,
1027,,豆腐脑(带卤),,,,,197kJ,3g,2g,0mg,,5g,0g,2μg,88μg,0μg,1mg,0mg,0mg,0mg,0mg,301mg,46mg,108mg,236mg,35mg,2mg,0mg,0μg,0mg,0mg,,,,,
1028,,粉皮,,,,,255kJ,0g,0g,0mg,,14g,1g,0μg,84μg,0μg,0mg,0mg,0mg,0mg,0mg,5mg,2mg,15mg,4mg,2mg,0mg,0mg,0μg,0mg,0mg,,,,,
1029,,灌肠,,,,,561kJ,0g,0g,0mg,,32g,0g,1μg,66μg,0μg,0mg,0mg,0mg,0mg,0mg,11mg,11mg,18mg,12mg,5mg,6mg,0mg,5μg,0mg,0mg,,,,,
1030,,煎饼,,,,,1406kJ,8g,1g,0mg,,75g,9g,1μg,7μg,0μg,0mg,0mg,0mg,0mg,0mg,9mg,320mg,117mg,86mg,86mg,7mg,2mg,4μg,0mg,1mg,,,,,
1031,,焦圈,,,,,2218kJ,7g,35g,0mg,,47g,2g,4μg,6μg,0μg,1mg,0mg,0mg,8mg,0mg,24mg,157mg,263mg,762mg,103mg,0mg,2mg,11μg,0mg,2mg,,,,,
1032,,京八件,,,,,1820kJ,7g,16g,0mg,,65g,3g,0μg,8μg,7μg,6mg,0mg,0mg,4mg,0mg,15mg,54mg,81mg,17mg,23mg,3mg,0mg,13μg,0mg,0mg,,,,,
1033,,栗羊羹,,,,,1259kJ,4g,1g,0mg,,70g,1g,1μg,24μg,0μg,1mg,0mg,0mg,0mg,0mg,80mg,41mg,16mg,6mg,22mg,1mg,1mg,1μg,0mg,0mg,,,,,
1034,,凉粉,,,,,155kJ,0g,0g,0mg,,8g,1g,0μg,90μg,0μg,0mg,0mg,0mg,0mg,0mg,9mg,1mg,5mg,3mg,3mg,1mg,0mg,1μg,0mg,0mg,,,,,
1035,,凉粉(带调料),,,,,213kJ,0g,0g,0mg,,11g,0g,0μg,88μg,0μg,0mg,0mg,0mg,0mg,0mg,9mg,3mg,0mg,0mg,8mg,1mg,0mg,0μg,0mg,0mg,,,,,
1036,,凉面,,,,,699kJ,5g,2g,0mg,,33g,0g,0μg,60μg,0μg,1mg,0mg,0mg,0mg,0mg,2mg,61mg,10mg,164mg,8mg,4mg,1mg,9μg,0mg,0mg,,,,,
1037,,龙虾片,,,,,1414kJ,1g,0g,0mg,,84g,2g,3μg,11μg,0μg,0mg,0mg,0mg,0mg,0mg,112mg,13mg,25mg,640mg,32mg,15mg,2mg,4μg,1mg,1mg,,,,,
1038,,驴打滚,,,,,812kJ,8g,0g,0mg,,40g,2g,1μg,48μg,0μg,2mg,0mg,0mg,0mg,0mg,34mg,105mg,165mg,192mg,37mg,9mg,1mg,2μg,0mg,1mg,,,,,
1039,,美味香酥卷,,,,,1540kJ,8g,4g,0mg,,76g,0g,2μg,11μg,18μg,5mg,0mg,1mg,2mg,0mg,0mg,112mg,152mg,186mg,56mg,2mg,0mg,18μg,0mg,1mg,,,,,
1040,,蜜麻花[糖耳朵],,,,,1536kJ,5g,11g,0mg,,62g,1g,2μg,19μg,0μg,8mg,0mg,0mg,9mg,0mg,99mg,83mg,135mg,362mg,98mg,4mg,1mg,7μg,0mg,1mg,,,,,
1041,,密三刀,,,,,1778kJ,4g,14g,0mg,,70g,1g,0μg,10μg,0μg,8mg,0mg,0mg,0mg,0mg,4mg,71mg,53mg,48mg,21mg,2mg,1mg,9μg,0mg,0mg,,,,,
1042,,面窝,,,,,1209kJ,5g,11g,0mg,,43g,1g,2μg,38μg,0μg,2mg,0mg,0mg,1mg,0mg,38mg,77mg,95mg,155mg,21mg,0mg,0mg,10μg,0mg,0mg,,,,,
1043,,年糕,,,,,644kJ,3g,1g,0mg,,34g,1g,0μg,61μg,0μg,1mg,0mg,0mg,2mg,0mg,31mg,52mg,81mg,56mg,43mg,2mg,1mg,2μg,0mg,0mg,,,,,
1044,,酿皮,,,,,444kJ,4g,0g,0mg,,22g,0g,1μg,72μg,0μg,0mg,0mg,0mg,0mg,0mg,4mg,25mg,138mg,515mg,3mg,3mg,1mg,0μg,0mg,0mg,,,,,
1045,,青稞炒面,,,,,1490kJ,12g,2g,0mg,,72g,5g,2μg,7μg,0μg,0mg,0mg,0mg,1mg,0mg,8mg,430mg,162mg,8mg,134mg,8mg,3mg,0μg,0mg,1mg,,,,,
1046,,热干面,,,,,636kJ,4g,2g,0mg,,28g,0g,2μg,63μg,0μg,0mg,0mg,0mg,0mg,0mg,67mg,58mg,46mg,166mg,20mg,3mg,0mg,6μg,0mg,0mg,,,,,
1047,,三刀蜜,,,,,1602kJ,4g,10g,56mg,,68g,1g,1μg,16μg,0μg,12mg,0mg,0mg,0mg,0mg,97mg,76mg,73mg,20mg,41mg,5mg,8mg,15μg,3mg,0mg,,,,,
1048,,三鲜豆皮,,,,,992kJ,6g,10g,70mg,,30g,1g,2μg,51μg,74μg,3mg,0mg,0mg,1mg,0mg,4mg,47mg,21mg,207mg,3mg,1mg,1mg,0μg,0mg,0mg,,,,,
1049,,汤泡,,,,,987kJ,8g,12g,21mg,,25g,0g,1μg,54μg,0μg,1mg,0mg,0mg,1mg,0mg,18mg,55mg,48mg,219mg,7mg,4mg,0mg,0μg,0mg,0mg,,,,,
1050,,甜胚子,,,,,544kJ,5g,0g,0mg,,27g,0g,0μg,67μg,0μg,0mg,0mg,0mg,0mg,0mg,0mg,0mg,0mg,0mg,0mg,0mg,0mg,0μg,0mg,0mg,,,,,
1051,,甜醅,,,,,782kJ,8g,0g,0mg,,39g,2g,0μg,51μg,0μg,0mg,0mg,0mg,0mg,0mg,3mg,151mg,124mg,4mg,51mg,5mg,2mg,0μg,0mg,0mg,,,,,
1052,,豌豆黄,,,,,556kJ,8g,1g,0mg,,24g,2g,2μg,64μg,5μg,3mg,0mg,0mg,2mg,0mg,141mg,102mg,137mg,152mg,52mg,5mg,3mg,1μg,0mg,0mg,,,,,
1053,,香油炒面,,,,,1703kJ,12g,5g,0mg,,79g,2g,1μg,2μg,17μg,3mg,0mg,0mg,3mg,0mg,16mg,149mg,154mg,46mg,0mg,3mg,1mg,37μg,3mg,0mg,,,,,
1054,,油茶,,,,,393kJ,2g,1g,0mg,,19g,1g,0μg,76μg,0μg,0mg,0mg,0mg,0mg,0mg,22mg,30mg,46mg,20mg,15mg,1mg,0mg,4μg,0mg,0mg,,,,,
1055,,油炸豆瓣,,,,,1695kJ,25g,10g,0mg,,54g,1g,2μg,8μg,0μg,8mg,0mg,0mg,2mg,0mg,63mg,245mg,611mg,359mg,77mg,2mg,4mg,10μg,1mg,1mg,,,,,
1056,,油炸豆花,,,,,1674kJ,33g,15g,0mg,,33g,2g,4μg,12μg,0μg,19mg,0mg,0mg,2mg,0mg,0mg,0mg,0mg,0mg,0mg,0mg,0mg,0μg,0mg,0mg,,,,,
1057,,炸糕,,,,,1172kJ,6g,12g,0mg,,36g,1g,1μg,44μg,0μg,4mg,0mg,0mg,4mg,0mg,24mg,84mg,143mg,97mg,62mg,2mg,1mg,2μg,0mg,0mg,,,,,
1058,,糌粑(稞麦熟品),,,,,1075kJ,4g,13g,73mg,,31g,2g,1μg,49μg,0μg,3mg,0mg,0mg,2mg,0mg,71mg,176mg,123mg,9mg,61mg,14mg,10mg,8μg,6mg,1mg,,,,,
1059,,蛋糕(均值),,,,,1452kJ,9g,5g,0mg,,67g,0g,1μg,19μg,86μg,3mg,0mg,0mg,1mg,0mg,39mg,130mg,77mg,68mg,24mg,2mg,1mg,14μg,1mg,1mg,,,,,
1060,,蛋糕(黄蛋糕),,,,,1339kJ,10g,6g,0mg,,57g,0g,0μg,27μg,48μg,3mg,0mg,0mg,1mg,0mg,27mg,76mg,80mg,32mg,7mg,2mg,1mg,8μg,0mg,0mg,,,,,
1061,,蛋清蛋糕,,,,,1418kJ,6g,2g,0mg,,73g,0g,0μg,18μg,55μg,2mg,0mg,0mg,0mg,0mg,30mg,80mg,36mg,49mg,18mg,2mg,0mg,6μg,0mg,0mg,,,,,
1062,,宫廷蛋糕,,,,,1397kJ,7g,3g,0mg,,68g,1g,0μg,20μg,79μg,4mg,0mg,0mg,0mg,0mg,5mg,146mg,90mg,49mg,22mg,2mg,1mg,10μg,0mg,0mg,,,,,
1063,,老年蛋糕,,,,,1602kJ,13g,10g,0mg,,61g,1g,1μg,15μg,75μg,4mg,0mg,0mg,2mg,0mg,96mg,164mg,221mg,118mg,26mg,4mg,1mg,17μg,0mg,1mg,,,,,
1064,,奶油蛋糕,,,,,1582kJ,7g,14g,161mg,,56g,1g,0μg,22μg,175μg,3mg,0mg,0mg,1mg,0mg,38mg,90mg,67mg,81mg,19mg,2mg,2mg,8μg,0mg,1mg,,,,,
1065,,西式蛋糕,,,,,1322kJ,8g,3g,0mg,,64g,0g,0μg,24μg,103μg,4mg,0mg,0mg,0mg,0mg,5mg,160mg,86mg,48mg,20mg,2mg,1mg,9μg,0mg,0mg,,,,,
1066,,月饼(百寿宴点),,,,,1795kJ,5g,22g,0mg,,52g,3g,1μg,17μg,85μg,1mg,0mg,0mg,3mg,0mg,31mg,72mg,120mg,11mg,14mg,2mg,1mg,3μg,0mg,0mg,,,,,
1067,,月饼(豆沙),,,,,1695kJ,8g,14g,0mg,,62g,3g,1μg,12μg,7μg,8mg,0mg,0mg,2mg,0mg,64mg,95mg,211mg,22mg,43mg,3mg,1mg,7μg,0mg,0mg,,,,,
1068,,月饼(奶油果馅),,,,,1845kJ,6g,17g,0mg,,67g,1g,0μg,9μg,23μg,0mg,0mg,0mg,3mg,0mg,12mg,45mg,87mg,28mg,36mg,4mg,1mg,1μg,0mg,0mg,,,,,
1069,,月饼(奶油松仁),,,,,1833kJ,6g,21g,0mg,,55g,4g,1μg,13μg,62μg,2mg,0mg,0mg,3mg,0mg,26mg,99mg,132mg,18mg,22mg,2mg,1mg,2μg,0mg,1mg,,,,,
1070,,月饼(唐王赏月),,,,,1703kJ,8g,18g,0mg,,52g,5g,1μg,15μg,17μg,10mg,0mg,0mg,3mg,0mg,29mg,105mg,114mg,57mg,60mg,2mg,1mg,8μg,0mg,1mg,,,,,
1071,,月饼(五仁),,,,,1741kJ,8g,16g,0mg,,60g,4g,1μg,11μg,7μg,9mg,0mg,0mg,4mg,0mg,54mg,110mg,198mg,18mg,27mg,3mg,1mg,7μg,0mg,0mg,,,,,
1072,,月饼(香油果馅),,,,,1879kJ,6g,20g,0mg,,62g,4g,0μg,8μg,17μg,3mg,0mg,0mg,3mg,0mg,18mg,81mg,87mg,28mg,36mg,3mg,1mg,2μg,0mg,0mg,,,,,
1073,,月饼(枣泥),,,,,1774kJ,7g,16g,0mg,,64g,1g,1μg,12μg,8μg,1mg,0mg,0mg,3mg,0mg,66mg,62mg,178mg,24mg,23mg,3mg,1mg,2μg,0mg,0mg,,,,,
1074,,板油酥饼,,,,,1502kJ,8g,15g,49mg,,48g,1g,1μg,27μg,40μg,2mg,0mg,0mg,1mg,0mg,14mg,71mg,102mg,324mg,14mg,2mg,1mg,0μg,0mg,0mg,,,,,
1075,,蛋黄酥,,,,,1615kJ,12g,4g,0mg,,76g,1g,1μg,6μg,33μg,1mg,0mg,0mg,4mg,0mg,47mg,181mg,105mg,100mg,38mg,3mg,1mg,12μg,1mg,1mg,,,,,
1076,,蛋麻脆,,,,,1891kJ,9g,17g,0mg,,65g,2g,2μg,5μg,174μg,3mg,0mg,0mg,4mg,0mg,59mg,171mg,134mg,68mg,49mg,2mg,0mg,3μg,0mg,0mg,,,,,
1077,,德庆酥,,,,,1908kJ,6g,19g,50mg,,66g,4g,1μg,4μg,0μg,0mg,0mg,0mg,5mg,0mg,38mg,106mg,98mg,60mg,40mg,1mg,0mg,1μg,0mg,0mg,,,,,
1078,,鹅油卷,,,,,1929kJ,8g,23g,0mg,,56g,2g,2μg,10μg,17μg,2mg,0mg,0mg,10mg,0mg,53mg,113mg,139mg,24mg,55mg,3mg,1mg,10μg,0mg,1mg,,,,,
1079,,凤尾酥,,,,,2138kJ,7g,25g,0mg,,64g,0g,1μg,3μg,57μg,2mg,0mg,0mg,1mg,0mg,40mg,94mg,84mg,0mg,9mg,0mg,0mg,22μg,0mg,0mg,,,,,
1080,,福来酥,,,,,1946kJ,6g,21g,0mg,,62g,2g,1μg,7μg,54μg,1mg,0mg,0mg,2mg,0mg,54mg,95mg,96mg,45mg,17mg,5mg,0mg,16μg,0mg,0mg,,,,,
1081,,核桃薄脆,,,,,2008kJ,10g,25g,0mg,,55g,6g,1μg,3μg,10μg,4mg,0mg,0mg,6mg,0mg,54mg,131mg,147mg,251mg,36mg,4mg,1mg,10μg,0mg,1mg,,,,,
1082,,黑麻香酥,,,,,1828kJ,6g,16g,0mg,,67g,3g,1μg,7μg,274μg,4mg,0mg,0mg,1mg,0mg,89mg,107mg,104mg,36mg,50mg,7mg,1mg,2μg,0mg,0mg,,,,,
1083,,黑洋酥,,,,,1745kJ,4g,12g,0mg,,72g,8g,1μg,2μg,0μg,0mg,0mg,0mg,0mg,0mg,8mg,144mg,92mg,3mg,3mg,6mg,1mg,3μg,0mg,1mg,,,,,
1084,,混糖糕点,,,,,1895kJ,8g,16g,0mg,,69g,1g,1μg,5μg,7μg,6mg,0mg,0mg,3mg,0mg,77mg,96mg,116mg,135mg,47mg,4mg,1mg,8μg,0mg,0mg,,,,,
1085,,鸡腿酥,,,,,1824kJ,6g,13g,0mg,,73g,0g,1μg,7μg,0μg,2mg,0mg,0mg,1mg,0mg,19mg,63mg,59mg,407mg,14mg,1mg,0mg,9μg,0mg,0mg,,,,,
1086,,夹心酥饼,,,,,2013kJ,5g,25g,0mg,,59g,0g,0μg,10μg,0μg,3mg,0mg,0mg,0mg,0mg,14mg,85mg,66mg,19mg,22mg,3mg,1mg,0μg,0mg,0mg,,,,,
1087,,江米条,,,,,1837kJ,6g,12g,0mg,,78g,0g,0μg,4μg,0μg,14mg,0mg,0mg,2mg,0mg,33mg,56mg,68mg,46mg,31mg,2mg,1mg,6μg,0mg,1mg,,,,,
1088,,金钱酥,,,,,1983kJ,11g,23g,107mg,,55g,8g,2μg,1μg,0μg,6mg,0mg,0mg,2mg,0mg,508mg,294mg,272mg,60mg,390mg,9mg,4mg,15μg,1mg,1mg,,,,,
1089,,京式黄酥,,,,,2050kJ,6g,22g,92mg,,67g,0g,0μg,4μg,17μg,4mg,0mg,0mg,2mg,0mg,30mg,46mg,79mg,53mg,21mg,2mg,0mg,4μg,0mg,0mg,,,,,
1090,,开口笑,,,,,2142kJ,8g,30g,0mg,,52g,3g,1μg,5μg,12μg,28mg,0mg,0mg,6mg,0mg,39mg,133mg,143mg,68mg,81mg,4mg,1mg,12μg,0mg,1mg,,,,,
1091,,廖花糖,,,,,1640kJ,7g,14g,0mg,,59g,12g,1μg,7μg,0μg,4mg,0mg,0mg,2mg,0mg,243mg,60mg,58mg,36mg,77mg,0mg,2mg,0μg,0mg,2mg,,,,,
1092,,绿豆糕,,,,,1460kJ,13g,1g,0mg,,72g,1g,1μg,12μg,47μg,4mg,0mg,0mg,6mg,0mg,24mg,121mg,416mg,12mg,87mg,7mg,1mg,5μg,0mg,1mg,,,,,
1093,,麻烘糕,,,,,1661kJ,4g,4g,0mg,,87g,0g,1μg,4μg,0μg,0mg,0mg,0mg,2mg,0mg,59mg,66mg,45mg,2mg,27mg,6mg,0mg,2μg,0mg,0mg,,,,,
1094,,麻花,,,,,2192kJ,8g,32g,0mg,,52g,2g,1μg,6μg,0μg,22mg,0mg,0mg,3mg,0mg,26mg,136mg,213mg,99mg,67mg,0mg,3mg,7μg,0mg,1mg,,,,,
1095,,麻香糕,,,,,1678kJ,4g,4g,0mg,,88g,0g,0μg,4μg,0μg,1mg,0mg,0mg,2mg,0mg,23mg,46mg,45mg,2mg,19mg,1mg,0mg,4μg,0mg,0mg,,,,,
1096,,米花糖,,,,,1607kJ,3g,3g,0mg,,86g,0g,0μg,7μg,0μg,2mg,0mg,0mg,2mg,0mg,144mg,52mg,55mg,43mg,42mg,5mg,0mg,2μg,0mg,1mg,,,,,
1097,,起酥,,,,,2088kJ,9g,32g,0mg,,45g,0g,2μg,13μg,55μg,6mg,0mg,0mg,2mg,0mg,0mg,68mg,73mg,494mg,24mg,2mg,0mg,7μg,0mg,0mg,,,,,
1098,,水晶饼,,,,,1824kJ,0g,17g,51mg,,70g,1g,1μg,11μg,0μg,1mg,0mg,0mg,0mg,0mg,49mg,106mg,47mg,32mg,49mg,4mg,1mg,15μg,0mg,1mg,,,,,
1099,,酥皮糕点,,,,,1782kJ,8g,16g,0mg,,64g,1g,1μg,11μg,12μg,1mg,0mg,0mg,3mg,0mg,24mg,91mg,105mg,56mg,35mg,3mg,1mg,10μg,0mg,1mg,,,,,
1100,,桃酥,,,,,2013kJ,7g,22g,0mg,,64g,1g,1μg,5μg,0μg,14mg,0mg,0mg,2mg,0mg,48mg,87mg,90mg,34mg,59mg,3mg,1mg,16μg,0mg,1mg,,,,,
1101,,硬皮糕点,,,,,1937kJ,8g,20g,0mg,,62g,1g,1μg,7μg,40μg,10mg,0mg,0mg,3mg,0mg,42mg,123mg,111mg,97mg,41mg,1mg,1mg,13μg,0mg,1mg,,,,,
1102,,芝麻桃酥,,,,,1954kJ,7g,18g,0mg,,70g,0g,0μg,5μg,15μg,14mg,0mg,0mg,0mg,0mg,6mg,101mg,78mg,2mg,27mg,2mg,1mg,1μg,0mg,0mg,,,,,
1103,,状元饼,,,,,1820kJ,9g,15g,0mg,,67g,1g,1μg,8μg,13μg,2mg,0mg,0mg,1mg,0mg,0mg,61mg,136mg,14mg,28mg,5mg,1mg,0μg,0mg,0mg,,,,,
1104,,茯苓夹饼,,,,,1389kJ,4g,0g,0mg,,78g,6g,1μg,10μg,0μg,5mg,0mg,0mg,1mg,0mg,65mg,131mg,105mg,103mg,52mg,6mg,1mg,1μg,0mg,0mg,,,,,
1105,,蛋片,,,,,1636kJ,8g,4g,0mg,,80g,0g,1μg,7μg,180μg,2mg,0mg,0mg,0mg,0mg,6mg,153mg,90mg,47mg,20mg,2mg,1mg,16μg,0mg,0mg,,,,,
1106,,麦片,,,,,1469kJ,12g,7g,0mg,,59g,9g,2μg,11μg,0μg,1mg,0mg,0mg,4mg,0mg,8mg,339mg,306mg,21mg,108mg,4mg,2mg,6μg,0mg,3mg,,,,,
1107,,燕麦片,,,,,1536kJ,15g,7g,0mg,,62g,5g,2μg,9μg,0μg,3mg,0mg,0mg,1mg,0mg,186mg,291mg,214mg,4mg,177mg,7mg,3mg,4μg,0mg,3mg,,,,,
1108,,玉米片(即食粥),,,,,1632kJ,7g,4g,0mg,,82g,0g,0μg,6μg,0μg,0mg,0mg,0mg,2mg,0mg,11mg,70mg,52mg,2mg,22mg,9mg,0mg,1μg,0mg,0mg,,,,,
1109,,方便面,,,,,1975kJ,10g,21g,0mg,,61g,1g,4μg,4μg,0μg,2mg,0mg,0mg,1mg,0mg,25mg,80mg,134mg,1144mg,38mg,4mg,1mg,10μg,0mg,1mg,,,,,
1110,,面包(均值),,,,,1305kJ,8g,5g,0mg,,58g,0g,1μg,27μg,0μg,2mg,0mg,0mg,2mg,0mg,49mg,107mg,88mg,230mg,31mg,2mg,1mg,3μg,0mg,0mg,,,,,
1111,,多维面包,,,,,1322kJ,9g,8g,0mg,,51g,0g,1μg,31μg,0μg,1mg,0mg,0mg,3mg,0mg,49mg,110mg,12mg,653mg,32mg,3mg,1mg,17μg,0mg,0mg,,,,,
1112,,法式牛角面包,,,,,1569kJ,8g,14g,0mg,,53g,2g,1μg,21μg,0μg,4mg,0mg,0mg,5mg,0mg,83mg,93mg,103mg,352mg,29mg,2mg,1mg,18μg,0mg,0mg,,,,,
1113,,法式配餐面包,,,,,1180kJ,10g,1g,0mg,,58g,1g,2μg,28μg,0μg,1mg,0mg,0mg,6mg,0mg,127mg,102mg,113mg,478mg,35mg,2mg,1mg,20μg,0mg,0mg,,,,,
1114,,果料面包,,,,,1163kJ,8g,2g,0mg,,56g,1g,1μg,31μg,0μg,1mg,0mg,0mg,5mg,0mg,124mg,100mg,94mg,210mg,29mg,2mg,1mg,24μg,0mg,0mg,,,,,
1115,,黄油面包,,,,,1377kJ,8g,9g,0mg,,55g,1g,0μg,27μg,0μg,5mg,0mg,0mg,2mg,0mg,35mg,94mg,92mg,14mg,22mg,2mg,0mg,3μg,0mg,0mg,,,,,
1116,,乐斯美面包,,,,,1393kJ,9g,3g,0mg,,68g,1g,0μg,19μg,0μg,0mg,0mg,0mg,1mg,0mg,22mg,99mg,103mg,55mg,26mg,2mg,2mg,3μg,0mg,0mg,,,,,
1117,,麦胚面包,,,,,1029kJ,8g,1g,0mg,,51g,0g,2μg,38μg,0μg,1mg,0mg,0mg,6mg,0mg,75mg,88mg,92mg,457mg,24mg,2mg,0mg,20μg,0mg,0mg,,,,,
1118,,麦维面包,,,,,1130kJ,8g,5g,0mg,,48g,0g,1μg,38μg,0μg,0mg,0mg,1mg,5mg,0mg,35mg,61mg,70mg,151mg,45mg,2mg,1mg,24μg,0mg,0mg,,,,,
1119,,维生素面包,,,,,1167kJ,9g,6g,0mg,,48g,0g,1μg,36μg,0μg,0mg,0mg,1mg,6mg,0mg,49mg,107mg,85mg,256mg,27mg,2mg,1mg,22μg,0mg,0mg,,,,,
1120,,咸面包,,,,,1146kJ,9g,4g,0mg,,50g,0g,2μg,34μg,0μg,1mg,0mg,0mg,4mg,0mg,89mg,108mg,89mg,526mg,28mg,3mg,1mg,34μg,0mg,0mg,,,,,
1121,,椰圈面包,,,,,1339kJ,10g,5g,0mg,,60g,0g,1μg,25μg,0μg,2mg,0mg,0mg,1mg,0mg,49mg,104mg,90mg,106mg,27mg,2mg,1mg,0μg,0mg,0mg,,,,,
1122,,桦榕面包,,,,,1372kJ,9g,8g,0mg,,56g,0g,1μg,26μg,0μg,2mg,0mg,0mg,0mg,0mg,9mg,174mg,90mg,236mg,30mg,2mg,1mg,12μg,0mg,1mg,,,,,
1123,,饼干(均值),,,,,1812kJ,9g,13g,81mg,,71g,1g,1μg,6μg,37μg,5mg,0mg,0mg,5mg,3mg,73mg,88mg,85mg,204mg,50mg,2mg,1mg,12μg,0mg,1mg,,,,,
1124,,VC饼干,,,,,2393kJ,11g,40g,0mg,,43g,0g,1μg,6μg,0μg,4mg,0mg,0mg,2mg,5mg,0mg,95mg,99mg,114mg,54mg,2mg,1mg,23μg,0mg,1mg,,,,,
1125,,饼干(强化锌)[富锌饼干],,,,,1858kJ,11g,13g,0mg,,70g,1g,1μg,3μg,13μg,8mg,0mg,0mg,2mg,0mg,144mg,123mg,117mg,231mg,74mg,2mg,2mg,24μg,0mg,1mg,,,,,
1126,,补血饼干,,,,,1891kJ,12g,15g,0mg,,68g,0g,1μg,4μg,0μg,0mg,0mg,0mg,0mg,13mg,76mg,184mg,72mg,177mg,73mg,10mg,4mg,0μg,1mg,0mg,,,,,
1127,,儿童营养饼干,,,,,1870kJ,11g,13g,0mg,,72g,0g,0μg,4μg,0μg,0mg,0mg,0mg,0mg,7mg,136mg,172mg,52mg,107mg,59mg,5mg,3mg,0μg,0mg,0mg,,,,,
1128,,钙奶饼干,,,,,1858kJ,8g,13g,81mg,,73g,1g,1μg,3μg,0μg,2mg,0mg,0mg,1mg,3mg,115mg,267mg,83mg,112mg,61mg,4mg,3mg,12μg,1mg,1mg,,,,,
1129,,钙王饼干,,,,,1883kJ,8g,14g,0mg,,73g,0g,2μg,3μg,12μg,2mg,0mg,0mg,0mg,0mg,250mg,277mg,132mg,259mg,22mg,1mg,2mg,4μg,0mg,1mg,,,,,
1130,,高蛋白饼干,,,,,1874kJ,11g,16g,0mg,,64g,2g,1μg,6μg,77μg,7mg,0mg,0mg,6mg,9mg,111mg,159mg,103mg,105mg,60mg,4mg,1mg,27μg,1mg,1mg,,,,,
1131,,军用压缩饼干,,,,,1912kJ,8g,18g,0mg,,66g,1g,1μg,5μg,0μg,1mg,0mg,0mg,5mg,0mg,149mg,119mg,106mg,320mg,57mg,4mg,0mg,23μg,0mg,1mg,,,,,
1132,,奶油饼干,,,,,1795kJ,8g,13g,81mg,,69g,1g,2μg,6μg,22μg,7mg,0mg,0mg,4mg,0mg,49mg,105mg,110mg,196mg,32mg,2mg,2mg,21μg,1mg,1mg,,,,,
1133,,牛奶饼干,,,,,1707kJ,8g,6g,0mg,,80g,0g,1μg,4μg,94μg,1mg,0mg,0mg,0mg,0mg,6mg,102mg,129mg,399mg,30mg,3mg,2mg,3μg,0mg,1mg,,,,,
1134,,曲奇饼,,,,,2284kJ,6g,32g,0mg,,59g,0g,1μg,2μg,0μg,6mg,0mg,0mg,1mg,0mg,45mg,64mg,67mg,175mg,19mg,2mg,0mg,13μg,0mg,0mg,,,,,
1135,,苏打饼干,,,,,1707kJ,8g,8g,0mg,,76g,0g,2μg,6μg,0μg,1mg,0mg,0mg,0mg,0mg,0mg,69mg,82mg,312mg,20mg,2mg,0mg,39μg,0mg,0mg,,,,,
1136,,维夫饼干,,,,,2209kJ,5g,35g,0mg,,48g,0g,1μg,10μg,0μg,1mg,0mg,0mg,1mg,0mg,58mg,63mg,0mg,282mg,24mg,2mg,1mg,10μg,0mg,0mg,,,,,
1137,,菠萝豆,,,,,1640kJ,10g,2g,0mg,,83g,0g,0μg,4μg,0μg,0mg,0mg,0mg,0mg,0mg,19mg,100mg,38mg,30mg,4mg,9mg,2mg,4μg,0mg,3mg,,,,,
1138,,空心果,,,,,1887kJ,7g,15g,27mg,,72g,0g,0μg,6μg,0μg,1mg,0mg,0mg,0mg,0mg,114mg,53mg,40mg,6mg,28mg,5mg,1mg,0μg,0mg,0mg,,,,,
1139,,马铃薯片(油炸)[油炸土豆片],,,,,2561kJ,4g,48g,0mg,,40g,2g,2μg,4μg,8μg,5mg,0mg,0mg,6mg,0mg,11mg,88mg,620mg,61mg,34mg,1mg,1mg,0μg,0mg,0mg,,,,,
1140,,酥香兰花豆,,,,,1741kJ,13g,14g,0mg,,60g,1g,3μg,9μg,0μg,8mg,0mg,0mg,2mg,0mg,59mg,157mg,508mg,110mg,40mg,2mg,2mg,9μg,1mg,1mg,,,,,
1141,,百令可乐,,,,,117kJ,0g,0g,0mg,,6g,0g,0μg,93μg,0μg,0mg,0mg,0mg,0mg,0mg,43mg,4mg,1mg,23mg,1mg,0mg,0mg,0μg,0mg,0mg,,,,,
1142,,冰川可乐,,,,,188kJ,0g,0g,0mg,,11g,0g,0μg,89μg,0μg,0mg,0mg,0mg,0mg,0mg,0mg,0mg,1mg,11mg,4mg,0mg,0mg,0μg,0mg,0mg,,,,,
1143,,橙珍(易拉罐装),,,,,105kJ,0g,0g,0mg,,6g,0g,0μg,94μg,8μg,0mg,0mg,0mg,1mg,0mg,8mg,1mg,5mg,5mg,2mg,0mg,0mg,0μg,0mg,0mg,,,,,
1144,,橙汁汽水,,,,,84kJ,0g,0g,0mg,,5g,0g,0μg,95μg,10μg,0mg,0mg,0mg,0mg,0mg,10mg,0mg,3mg,8mg,2mg,0mg,0mg,0μg,0mg,0mg,,,,,
1145,,柠檬汽水,,,,,159kJ,0g,0g,0mg,,10g,0g,0μg,90μg,0μg,0mg,0mg,0mg,0mg,0mg,9mg,0mg,0mg,3mg,4mg,0mg,0mg,0μg,0mg,0mg,,,,,
1146,,特制柠檬汽水,,,,,209kJ,0g,0g,0mg,,12g,0g,0μg,88μg,0μg,0mg,0mg,0mg,0mg,0mg,8mg,1mg,2mg,4mg,1mg,0mg,0mg,0μg,0mg,0mg,,,,,
1147,,特制汽水,,,,,176kJ,0g,0g,0mg,,10g,0g,0μg,90μg,7μg,0mg,0mg,0mg,1mg,0mg,8mg,1mg,4mg,6mg,2mg,0mg,0mg,0μg,0mg,0mg,,,,,
1148,,维尔康运动饮料,,,,,188kJ,0g,0g,0mg,,11g,0g,0μg,89μg,0μg,0mg,0mg,0mg,0mg,0mg,6mg,0mg,5mg,5mg,2mg,0mg,0mg,0μg,0mg,0mg,,,,,
1149,,VC橘汁,,,,,397kJ,0g,0g,0mg,,23g,0g,0μg,76μg,0μg,0mg,0mg,0mg,0mg,187mg,4mg,1mg,25mg,4mg,3mg,0mg,0mg,0μg,0mg,0mg,,,,,
1150,,浓缩橘汁,,,,,983kJ,1g,0g,0mg,,57g,0g,0μg,41μg,122μg,0mg,0mg,0mg,0mg,80mg,21mg,8mg,140mg,4mg,23mg,1mg,0mg,1μg,0mg,0mg,,,,,
1151,,鲜橘汁(纸盒),,,,,126kJ,0g,0g,0mg,,7g,0g,0μg,92μg,3μg,0mg,0mg,0mg,0mg,0mg,7mg,0mg,3mg,4mg,1mg,0mg,0mg,0μg,0mg,0mg,,,,,
1152,,橘子汁,,,,,498kJ,0g,0g,0mg,,30g,0g,0μg,70μg,2μg,0mg,0mg,0mg,0mg,2mg,4mg,0mg,6mg,19mg,2mg,0mg,0mg,0μg,0mg,0mg,,,,,
1153,,刺玫汁(纸盒),,,,,134kJ,0g,0g,0mg,,8g,0g,0μg,92μg,0μg,0mg,0mg,0mg,0mg,0mg,6mg,0mg,6mg,4mg,3mg,0mg,0mg,0μg,0mg,0mg,,,,,
1154,,甘蔗汁,,,,,268kJ,0g,0g,0mg,,15g,1g,0μg,83μg,2μg,0mg,0mg,0mg,0mg,2mg,14mg,14mg,95mg,3mg,4mg,0mg,1mg,0μg,0mg,1mg,,,,,
1155,,红果汁,,,,,657kJ,0g,0g,0mg,,39g,0g,0μg,61μg,0μg,0mg,0mg,0mg,0mg,0mg,5mg,1mg,10mg,19mg,4mg,0mg,0mg,0μg,0mg,0mg,,,,,
1156,,柠檬汁,,,,,109kJ,1g,0g,0mg,,5g,0g,0μg,93μg,0μg,0mg,0mg,0mg,0mg,11mg,24mg,0mg,120mg,1mg,12mg,0mg,0mg,4μg,0mg,0mg,,,,,
1157,,沙棘果汁,,,,,184kJ,1g,0g,0mg,,9g,2g,0μg,88μg,0μg,0mg,0mg,0mg,0mg,8mg,10mg,3mg,53mg,5mg,1mg,15mg,0mg,1μg,0mg,0mg,,,,,
1158,,乌梅汁,,,,,556kJ,0g,0g,0mg,,33g,0g,1μg,66μg,0μg,0mg,0mg,0mg,0mg,0mg,6mg,0mg,7mg,24mg,4mg,0mg,0mg,0μg,0mg,0mg,,,,,
1159,,原汁沙棘,,,,,201kJ,3g,0g,0mg,,9g,0g,2μg,86μg,0μg,3mg,0mg,0mg,0mg,0mg,42mg,0mg,81mg,397mg,44mg,6mg,1mg,1μg,0mg,0mg,,,,,
1160,,胡萝卜素王,,,,,544kJ,0g,0g,0mg,,32g,0g,0μg,67μg,450μg,0mg,0mg,1mg,1mg,12mg,7mg,0mg,31mg,72mg,1mg,0mg,0mg,0μg,0mg,0mg,,,,,
1161,,果味奶,,,,,84kJ,1g,1g,18mg,,2g,0g,0μg,96μg,0μg,0mg,0mg,0mg,0mg,0mg,88mg,39mg,63mg,37mg,5mg,0mg,0mg,7μg,0mg,0mg,,,,,
1162,,喜乐(乳酸饮料),,,,,222kJ,1g,0g,38mg,,12g,0g,0μg,87μg,2μg,3mg,0mg,0mg,0mg,0mg,14mg,23mg,20mg,54mg,2mg,0mg,0mg,1μg,0mg,0mg,,,,,
1163,,巧克力豆奶,,,,,163kJ,3g,0g,0mg,,6g,0g,0μg,90μg,0μg,6mg,0mg,0mg,0mg,0mg,17mg,36mg,57mg,25mg,19mg,0mg,0mg,0μg,0mg,0mg,,,,,
1164,,杏仁露,,,,,192kJ,1g,1g,52mg,,8g,0g,0μg,90μg,0μg,0mg,0mg,0mg,0mg,1mg,4mg,1mg,1mg,9mg,0mg,0mg,0mg,0μg,0mg,0mg,,,,,
1165,,茶砖[砖茶],,,,,862kJ,14g,4g,0mg,,28g,39g,7μg,8μg,317μg,0mg,0mg,0mg,2mg,0mg,277mg,157mg,844mg,15mg,217mg,15mg,4mg,9μg,2mg,46mg,,,,,
1166,,茶砖(小),,,,,1021kJ,15g,4g,0mg,,37g,32g,5μg,7μg,0μg,0mg,0mg,1mg,0mg,0mg,334mg,182mg,624mg,85mg,151mg,13mg,2mg,12μg,2mg,126mg,,,,,
1167,,红茶,,,,,1230kJ,27g,1g,0mg,,44g,15g,6μg,7μg,645μg,5mg,0mg,0mg,6mg,8mg,378mg,390mg,1934mg,14mg,183mg,28mg,4mg,56μg,3mg,50mg,,,,,
1168,,花茶,,,,,1176kJ,27g,1g,0mg,,40g,18g,6μg,7μg,885μg,13mg,0mg,0mg,0mg,26mg,454mg,338mg,1643mg,8mg,192mg,18mg,4mg,9μg,2mg,17mg,,,,,
1169,,甲级龙井,,,,,1293kJ,33g,3g,0mg,,38g,11g,9μg,6μg,888μg,6mg,0mg,0mg,9mg,0mg,402mg,542mg,2812mg,54mg,224mg,24mg,6mg,17μg,2mg,8mg,,,,,
1170,,绿茶,,,,,1238kJ,34g,2g,0mg,,35g,16g,6μg,8μg,967μg,10mg,0mg,0mg,8mg,19mg,325mg,191mg,1661mg,28mg,196mg,14mg,4mg,3μg,2mg,33mg,,,,,
1171,,石榴花茶,,,,,1339kJ,10g,3g,0mg,,63g,11g,6μg,6μg,262μg,7mg,0mg,0mg,4mg,0mg,1143mg,165mg,2455mg,37mg,206mg,24mg,2mg,15μg,1mg,3mg,,,,,
1172,,柿叶茶,,,,,1197kJ,26g,2g,0mg,,41g,18g,10μg,4μg,0μg,0mg,0mg,1mg,0mg,866mg,0mg,0mg,0mg,0mg,0mg,0mg,0mg,0μg,0mg,0mg,,,,,
1173,,铁观音茶,,,,,1272kJ,23g,1g,0mg,,50g,15g,5μg,6μg,432μg,17mg,0mg,0mg,18mg,0mg,416mg,251mg,1462mg,8mg,131mg,9mg,2mg,14μg,1mg,14mg,,,,,
1174,,珠茶,,,,,1276kJ,29g,2g,0mg,,44g,15g,6μg,5μg,0μg,17mg,0mg,0mg,7mg,44mg,203mg,352mg,739mg,13mg,202mg,40mg,3mg,6μg,1mg,63mg,,,,,
1175,,茶水,,,,,0kJ,0g,0g,0mg,,0g,0g,0μg,100μg,0μg,0mg,0mg,0mg,0mg,0mg,2mg,1mg,6mg,4mg,3mg,0mg,0mg,0μg,0mg,0mg,,,,,
1176,,宝宝福,,,,,1632kJ,0g,0g,0mg,,97g,0g,0μg,2μg,0μg,0mg,0mg,1mg,0mg,31mg,29mg,5mg,96mg,23mg,10mg,13mg,0mg,0μg,0mg,0mg,,,,,
1177,,冰淇淋粉,,,,,1657kJ,14g,4g,86mg,,77g,0g,3μg,2μg,62μg,0mg,0mg,0mg,0mg,0mg,539mg,320mg,235mg,181mg,123mg,1mg,1mg,0μg,0mg,0mg,,,,,
1178,,固体桔子饮料,,,,,1636kJ,0g,0g,0mg,,98g,0g,0μg,2μg,0μg,0mg,0mg,0mg,1mg,63mg,54mg,3mg,3mg,11mg,6mg,0mg,0mg,0μg,0mg,0mg,,,,,
1179,,可可粉,,,,,1339kJ,21g,8g,0mg,,40g,14g,9μg,8μg,22μg,6mg,0mg,0mg,1mg,0mg,74mg,623mg,360mg,23mg,5mg,1mg,1mg,4μg,1mg,0mg,,,,,
1180,,麦乳精,,,,,1795kJ,8g,10g,0mg,,77g,0g,3μg,2μg,113μg,0mg,0mg,0mg,1mg,0mg,145mg,218mg,355mg,178mg,70mg,4mg,2mg,3μg,0mg,0mg,,,,,
1181,,山楂晶,,,,,1615kJ,0g,0g,0mg,,96g,0g,0μg,4μg,0μg,0mg,0mg,1mg,1mg,0mg,37mg,3mg,32mg,58mg,8mg,2mg,0mg,0μg,0mg,0mg,,,,,
1182,,酸梅晶,,,,,1648kJ,0g,0g,0mg,,98g,0g,0μg,1μg,0μg,0mg,0mg,1mg,0mg,5mg,29mg,4mg,50mg,12mg,6mg,7mg,2mg,0μg,0mg,0mg,,,,,
1183,,鲜桔晶,,,,,1611kJ,0g,0g,0mg,,96g,0g,0μg,4μg,0μg,0mg,0mg,0mg,0mg,18mg,24mg,2mg,1mg,6mg,0mg,0mg,3mg,0μg,0mg,0mg,,,,,
1184,,猕猴桃晶,,,,,1632kJ,0g,0g,0mg,,97g,0g,0μg,2μg,0μg,0mg,0mg,0mg,0mg,0mg,28mg,4mg,96mg,2mg,11mg,2mg,0mg,2μg,0mg,0mg,,,,,
1185,,橘子晶,,,,,1632kJ,0g,0g,0mg,,96g,0g,0μg,3μg,3μg,0mg,0mg,1mg,0mg,3mg,14mg,0mg,3mg,33mg,1mg,1mg,0mg,0μg,0mg,0mg,,,,,
1186,,冰棍,,,,,197kJ,1g,0g,0mg,,10g,0g,0μg,88μg,0μg,0mg,0mg,0mg,0mg,0mg,31mg,13mg,0mg,20mg,0mg,1mg,0mg,0μg,0mg,0mg,,,,,
1187,,冰砖,,,,,640kJ,3g,7g,0mg,,20g,0g,1μg,70μg,20μg,1mg,0mg,0mg,0mg,0mg,140mg,72mg,141mg,44mg,12mg,0mg,0mg,2μg,0mg,0mg,,,,,
1188,,冰淇淋,,,,,531kJ,2g,5g,0mg,,17g,0g,1μg,74μg,48μg,0mg,0mg,0mg,0mg,0mg,126mg,67mg,125mg,54mg,12mg,0mg,0mg,2μg,0mg,0mg,,,,,
1189,,大雪糕,,,,,310kJ,2g,1g,0mg,,14g,0g,0μg,82μg,35μg,2mg,0mg,0mg,0mg,0mg,80mg,34mg,42mg,84mg,6mg,1mg,0mg,1μg,0mg,0mg,,,,,
1190,,三明治冰激淋,,,,,707kJ,7g,6g,0mg,,22g,0g,1μg,64μg,68μg,1mg,0mg,0mg,0mg,0mg,196mg,79mg,162mg,180mg,16mg,2mg,2mg,0μg,0mg,0mg,,,,,
1191,,双棒雪糕,,,,,573kJ,2g,4g,0mg,,24g,0g,0μg,70μg,45μg,1mg,0mg,0mg,0mg,0mg,100mg,21mg,94mg,51mg,9mg,1mg,0mg,2μg,0mg,0mg,,,,,
1192,,娃娃头,,,,,900kJ,10g,9g,0mg,,25g,0g,1μg,56μg,60μg,2mg,0mg,0mg,0mg,0mg,147mg,130mg,57mg,200mg,32mg,1mg,1mg,3μg,0mg,0mg,,,,,
1193,,紫雪糕,,,,,954kJ,3g,14g,0mg,,24g,0g,1μg,59μg,26μg,4mg,0mg,0mg,0mg,0mg,168mg,64mg,124mg,66mg,16mg,1mg,1mg,3μg,0mg,0mg,,,,,
1194,,红景天饮料,,,,,138kJ,0g,0g,0mg,,8g,0g,0μg,92μg,0μg,0mg,0mg,0mg,0mg,0mg,1mg,84mg,1mg,10mg,3mg,0mg,0mg,0μg,0mg,0mg,,,,,
1195,,啤酒(均值),,,,,67kJ,0g,0g,0mg,,4g,0g,0μg,96μg,0μg,0mg,0mg,0mg,0mg,0mg,0mg,0mg,0mg,0mg,0mg,0mg,0mg,0μg,0mg,0mg,,,,,
1196,,北京啤酒,,,,,1674kJ,0g,0g,0mg,,100g,0g,0μg,0μg,0μg,0mg,0mg,0mg,0mg,0mg,0mg,0mg,0mg,0mg,0mg,0mg,0mg,0μg,0mg,0mg,,,,,
1197,,北京特制啤酒(6度),,,,,71kJ,0g,0g,0mg,,4g,0g,0μg,96μg,0μg,0mg,0mg,0mg,0mg,0mg,0mg,0mg,0mg,0mg,0mg,0mg,0mg,0μg,0mg,0mg,,,,,
1198,,楚天啤酒(2.6度),,,,,1674kJ,0g,0g,0mg,,100g,0g,0μg,0μg,0μg,0mg,0mg,0mg,0mg,0mg,0mg,0mg,0mg,0mg,0mg,0mg,0mg,0μg,0mg,0mg,,,,,
1199,,酒泉啤酒,,,,,1674kJ,0g,0g,0mg,,100g,0g,0μg,0μg,0μg,0mg,0mg,0mg,0mg,0mg,0mg,0mg,0mg,0mg,0mg,0mg,0mg,0μg,0mg,0mg,,,,,
1200,,麦饭石啤酒,,,,,1674kJ,0g,0g,0mg,,100g,0g,0μg,0μg,0μg,0mg,0mg,0mg,0mg,0mg,0mg,0mg,0mg,0mg,0mg,0mg,0mg,0μg,0mg,0mg,,,,,
1201,,美雪啤酒,,,,,1674kJ,0g,0g,0mg,,100g,0g,0μg,0μg,0μg,0mg,0mg,0mg,0mg,0mg,0mg,0mg,0mg,0mg,0mg,0mg,0mg,0μg,0mg,0mg,,,,,
1202,,秦海啤酒,,,,,1674kJ,0g,0g,0mg,,100g,0g,0μg,0μg,0μg,0mg,0mg,0mg,0mg,0mg,0mg,0mg,0mg,0mg,0mg,0mg,0mg,0μg,0mg,0mg,,,,,
1203,,清爽型啤酒(6度),,,,,59kJ,0g,0g,0mg,,3g,0g,0μg,97μg,0μg,0mg,0mg,0mg,0mg,0mg,0mg,0mg,0mg,0mg,0mg,0mg,0mg,0μg,0mg,0mg,,,,,
1204,,特制啤酒(5度),,,,,63kJ,0g,0g,0mg,,3g,0g,0μg,96μg,0μg,0mg,0mg,0mg,0mg,0mg,0mg,0mg,0mg,0mg,0mg,0mg,0mg,0μg,0mg,0mg,,,,,
1205,,维生素C啤酒,,,,,1674kJ,0g,0g,0mg,,100g,0g,0μg,0μg,0μg,0mg,0mg,0mg,0mg,0mg,0mg,0mg,0mg,0mg,0mg,0mg,0mg,0μg,0mg,0mg,,,,,
1206,,武汉啤酒(3.2度),,,,,1674kJ,0g,0g,0mg,,100g,0g,0μg,0μg,0μg,0mg,0mg,0mg,0mg,0mg,0mg,0mg,0mg,0mg,0mg,0mg,0mg,0μg,0mg,0mg,,,,,
1207,,五星啤酒,,,,,1674kJ,0g,0g,0mg,,100g,0g,0μg,0μg,0μg,0mg,0mg,0mg,0mg,0mg,0mg,0mg,0mg,0mg,0mg,0mg,0mg,0μg,0mg,0mg,,,,,
1208,,行吟阁啤酒(3.2度),,,,,1674kJ,0g,0g,0mg,,100g,0g,0μg,0μg,0μg,0mg,0mg,0mg,0mg,0mg,0mg,0mg,0mg,0mg,0mg,0mg,0mg,0μg,0mg,0mg,,,,,
1209,,葡萄酒(均值),,,,,1674kJ,0g,0g,0mg,,100g,0g,0μg,0μg,0μg,0mg,0mg,0mg,0mg,0mg,0mg,0mg,0mg,0mg,0mg,0mg,0mg,0μg,0mg,0mg,,,,,
1210,,白葡萄酒(均值),,,,,1674kJ,0g,0g,0mg,,100g,0g,0μg,0μg,0μg,0mg,0mg,0mg,0mg,0mg,0mg,0mg,0mg,0mg,0mg,0mg,0mg,0μg,0mg,0mg,,,,,
1211,,红葡萄酒(均值),,,,,1674kJ,0g,0g,0mg,,100g,0g,0μg,0μg,0μg,0mg,0mg,0mg,0mg,0mg,0mg,0mg,0mg,0mg,0mg,0mg,0mg,0μg,0mg,0mg,,,,,
1212,,玫瑰香葡萄酒(15度),,,,,1674kJ,0g,0g,0mg,,100g,0g,0μg,0μg,0μg,0mg,0mg,0mg,0mg,0mg,0mg,0mg,0mg,0mg,0mg,0mg,0mg,0μg,0mg,0mg,,,,,
1213,,黄酒(均值),,,,,46kJ,2g,0g,0mg,,1g,0g,0μg,97μg,0μg,0mg,0mg,0mg,0mg,0mg,0mg,0mg,0mg,0mg,0mg,0mg,0mg,0μg,0mg,0mg,,,,,
1214,,贡米佳酿(14度),,,,,1674kJ,0g,0g,0mg,,100g,0g,0μg,0μg,0μg,0mg,0mg,0mg,0mg,0mg,0mg,0mg,0mg,0mg,0mg,0mg,0mg,0μg,0mg,0mg,,,,,
1215,,加饭黄酒,,,,,1674kJ,2g,0g,0mg,,98g,0g,0μg,0μg,0μg,0mg,0mg,0mg,0mg,0mg,0mg,0mg,0mg,0mg,0mg,0mg,0mg,0μg,0mg,0mg,,,,,
1216,,江米酒,,,,,1674kJ,2g,0g,0mg,,98g,0g,0μg,0μg,0μg,0mg,0mg,0mg,0mg,0mg,0mg,0mg,0mg,0mg,0mg,0mg,0mg,0μg,0mg,0mg,,,,,
1217,,糯香酒(6.4度),,,,,1674kJ,0g,0g,0mg,,100g,0g,0μg,0μg,0μg,0mg,0mg,0mg,0mg,0mg,0mg,0mg,0mg,0mg,0mg,0mg,0mg,0μg,0mg,0mg,,,,,
1218,,善酿酒,,,,,1674kJ,2g,0g,0mg,,98g,0g,0μg,0μg,0μg,0mg,0mg,0mg,0mg,0mg,0mg,0mg,0mg,0mg,0mg,0mg,0mg,0μg,0mg,0mg,,,,,
1219,,绍兴黄酒(15度),,,,,1674kJ,0g,0g,0mg,,100g,0g,0μg,0μg,0μg,0mg,0mg,0mg,0mg,0mg,0mg,0mg,0mg,0mg,0mg,0mg,0mg,0μg,0mg,0mg,,,,,
1220,,元红黄酒,,,,,1674kJ,1g,0g,0mg,,99g,0g,0μg,0μg,0μg,0mg,0mg,0mg,0mg,0mg,0mg,0mg,0mg,0mg,0mg,0mg,0mg,0μg,0mg,0mg,,,,,
1221,,碧绿酒,,,,,1674kJ,0g,0g,0mg,,100g,0g,0μg,0μg,0μg,0mg,0mg,0mg,0mg,0mg,0mg,0mg,0mg,0mg,0mg,0mg,0mg,0μg,0mg,0mg,,,,,
1222,,崇明老白酒,,,,,1674kJ,0g,0g,0mg,,100g,0g,0μg,0μg,0μg,0mg,0mg,0mg,0mg,0mg,0mg,0mg,0mg,0mg,0mg,0mg,0mg,0μg,0mg,0mg,,,,,
1223,,低度汉酒(37.2度),,,,,1674kJ,0g,0g,0mg,,100g,0g,0μg,0μg,0μg,0mg,0mg,0mg,0mg,0mg,0mg,0mg,0mg,0mg,0mg,0mg,0mg,0μg,0mg,0mg,,,,,
1224,,二锅头(58度),,,,,1674kJ,0g,0g,0mg,,100g,0g,0μg,0μg,0μg,0mg,0mg,0mg,0mg,0mg,0mg,0mg,0mg,0mg,0mg,0mg,0mg,0μg,0mg,0mg,,,,,
1225,,甘州大曲,,,,,1674kJ,0g,0g,0mg,,100g,0g,0μg,0μg,0μg,0mg,0mg,0mg,0mg,0mg,0mg,0mg,0mg,0mg,0mg,0mg,0mg,0μg,0mg,0mg,,,,,
1226,,汉口白酒(49.6度),,,,,1674kJ,0g,0g,0mg,,100g,0g,0μg,0μg,0μg,0mg,0mg,0mg,0mg,0mg,0mg,0mg,0mg,0mg,0mg,0mg,0mg,0μg,0mg,0mg,,,,,
1227,,汉口小麦酒(40.7度),,,,,1674kJ,0g,0g,0mg,,100g,0g,0μg,0μg,0μg,0mg,0mg,0mg,0mg,0mg,0mg,0mg,0mg,0mg,0mg,0mg,0mg,0μg,0mg,0mg,,,,,
1228,,黄鹤楼酒(39度),,,,,1674kJ,0g,0g,0mg,,100g,0g,0μg,0μg,0μg,0mg,0mg,0mg,0mg,0mg,0mg,0mg,0mg,0mg,0mg,0mg,0mg,0μg,0mg,0mg,,,,,
1229,,精制小麦酒,,,,,1674kJ,0g,0g,0mg,,100g,0g,0μg,0μg,0μg,0mg,0mg,0mg,0mg,0mg,0mg,0mg,0mg,0mg,0mg,0mg,0mg,0μg,0mg,0mg,,,,,
1230,,景泰大曲,,,,,1674kJ,0g,0g,0mg,,100g,0g,0μg,0μg,0μg,0mg,0mg,0mg,0mg,0mg,0mg,0mg,0mg,0mg,0mg,0mg,0mg,0μg,0mg,0mg,,,,,
1231,,景泰二曲,,,,,1674kJ,0g,0g,0mg,,100g,0g,0μg,0μg,0μg,0mg,0mg,0mg,0mg,0mg,0mg,0mg,0mg,0mg,0mg,0mg,0mg,0μg,0mg,0mg,,,,,
1232,,酒泉酒,,,,,1674kJ,0g,0g,0mg,,100g,0g,0μg,0μg,0μg,0mg,0mg,0mg,0mg,0mg,0mg,0mg,0mg,0mg,0mg,0mg,0mg,0μg,0mg,0mg,,,,,
1233,,凉洲曲酒,,,,,1674kJ,0g,0g,0mg,,100g,0g,0μg,0μg,0μg,0mg,0mg,0mg,0mg,0mg,0mg,0mg,0mg,0mg,0mg,0mg,0mg,0μg,0mg,0mg,,,,,
1234,,宁河大曲,,,,,1674kJ,0g,0g,0mg,,100g,0g,0μg,0μg,0μg,0mg,0mg,0mg,0mg,0mg,0mg,0mg,0mg,0mg,0mg,0mg,0mg,0μg,0mg,0mg,,,,,
1235,,宁河二曲,,,,,1674kJ,0g,0g,0mg,,100g,0g,0μg,0μg,0μg,0mg,0mg,0mg,0mg,0mg,0mg,0mg,0mg,0mg,0mg,0mg,0mg,0μg,0mg,0mg,,,,,
1236,,曲酒(55度),,,,,1674kJ,0g,0g,0mg,,100g,0g,0μg,0μg,0μg,0mg,0mg,0mg,0mg,0mg,0mg,0mg,0mg,0mg,0mg,0mg,0mg,0μg,0mg,0mg,,,,,
1237,,三粮小麦(55度),,,,,1674kJ,0g,0g,0mg,,100g,0g,0μg,0μg,0μg,0mg,0mg,0mg,0mg,0mg,0mg,0mg,0mg,0mg,0mg,0mg,0mg,0μg,0mg,0mg,,,,,
1238,,丝路春酒,,,,,1674kJ,0g,0g,0mg,,100g,0g,0μg,0μg,0μg,0mg,0mg,0mg,0mg,0mg,0mg,0mg,0mg,0mg,0mg,0mg,0mg,0μg,0mg,0mg,,,,,
1239,,特制汉酒(59.9度),,,,,1674kJ,0g,0g,0mg,,100g,0g,0μg,0μg,0μg,0mg,0mg,0mg,0mg,0mg,0mg,0mg,0mg,0mg,0mg,0mg,0mg,0μg,0mg,0mg,,,,,
1240,,特制三粮酒(56.2度),,,,,1674kJ,0g,0g,0mg,,100g,0g,0μg,0μg,0μg,0mg,0mg,0mg,0mg,0mg,0mg,0mg,0mg,0mg,0mg,0mg,0mg,0μg,0mg,0mg,,,,,
1241,,乌林春酒(青稞酒),,,,,1674kJ,0g,0g,0mg,,100g,0g,0μg,0μg,0μg,0mg,0mg,0mg,0mg,0mg,0mg,0mg,0mg,0mg,0mg,0mg,0mg,0μg,0mg,0mg,,,,,
1242,,五酿春(44.4度),,,,,1674kJ,0g,0g,0mg,,100g,0g,0μg,0μg,0μg,0mg,0mg,0mg,0mg,0mg,0mg,0mg,0mg,0mg,0mg,0mg,0mg,0μg,0mg,0mg,,,,,
1243,,小麦酒(48度),,,,,1674kJ,0g,0g,0mg,,100g,0g,0μg,0μg,0μg,0mg,0mg,0mg,0mg,0mg,0mg,0mg,0mg,0mg,0mg,0mg,0mg,0μg,0mg,0mg,,,,,
1244,,小麦酒(50度),,,,,1674kJ,0g,0g,0mg,,100g,0g,0μg,0μg,0μg,0mg,0mg,0mg,0mg,0mg,0mg,0mg,0mg,0mg,0mg,0mg,0mg,0μg,0mg,0mg,,,,,
1245,,燕岭春(57度),,,,,1674kJ,0g,0g,0mg,,100g,0g,0μg,0μg,0μg,0mg,0mg,0mg,0mg,0mg,0mg,0mg,0mg,0mg,0mg,0mg,0mg,0μg,0mg,0mg,,,,,
1246,,醉流霞(57度),,,,,1674kJ,0g,0g,0mg,,100g,0g,0μg,0μg,0μg,0mg,0mg,0mg,0mg,0mg,0mg,0mg,0mg,0mg,0mg,0mg,0mg,0μg,0mg,0mg,,,,,
1247,,蜜酒,,,,,1674kJ,0g,0g,0mg,,100g,0g,0μg,0μg,0μg,0mg,0mg,0mg,0mg,0mg,0mg,0mg,0mg,0mg,0mg,0mg,0mg,0μg,0mg,0mg,,,,,
1248,,双喜沙棘酒,,,,,1674kJ,0g,0g,0mg,,100g,0g,0μg,0μg,0μg,0mg,0mg,0mg,0mg,0mg,0mg,0mg,0mg,0mg,0mg,0mg,0mg,0μg,0mg,0mg,,,,,
1249,,香雪酒,,,,,1674kJ,2g,0g,0mg,,98g,0g,0μg,0μg,0μg,0mg,0mg,0mg,0mg,0mg,0mg,0mg,0mg,0mg,0mg,0mg,0mg,0μg,0mg,0mg,,,,,
1250,,中华沙棘酒,,,,,1674kJ,0g,0g,0mg,,100g,0g,0μg,0μg,0μg,0mg,0mg,0mg,0mg,0mg,0mg,0mg,0mg,0mg,0mg,0mg,0mg,0μg,0mg,0mg,,,,,
1251,,白砂糖,,,,,1674kJ,0g,0g,0mg,,100g,0g,0μg,0μg,0μg,0mg,0mg,0mg,0mg,0mg,20mg,8mg,5mg,0mg,3mg,1mg,0mg,0μg,0mg,0mg,,,,,
1252,,绵白糖,,,,,1657kJ,0g,0g,0mg,,99g,0g,0μg,1μg,0μg,0mg,0mg,0mg,0mg,0mg,6mg,3mg,2mg,2mg,2mg,0mg,0mg,0μg,0mg,0mg,,,,,
1253,,冰糖,,,,,1661kJ,0g,0g,0mg,,99g,0g,0μg,1μg,0μg,0mg,0mg,0mg,0mg,0mg,23mg,0mg,1mg,3mg,2mg,1mg,0mg,0μg,0mg,0mg,,,,,
1254,,红糖,,,,,1628kJ,1g,0g,0mg,,97g,0g,1μg,2μg,0μg,0mg,0mg,0mg,0mg,0mg,157mg,11mg,240mg,18mg,54mg,2mg,0mg,4μg,0mg,0mg,,,,,
1255,,麦芽糖,,,,,1385kJ,0g,0g,0mg,,82g,0g,5μg,13μg,0μg,0mg,0mg,0mg,2mg,0mg,0mg,0mg,0mg,0mg,0mg,0mg,0mg,0μg,0mg,0mg,,,,,
1256,,蜂蜜,,,,,1343kJ,0g,2g,0mg,,76g,0g,0μg,22μg,0μg,0mg,0mg,0mg,0mg,3mg,4mg,3mg,28mg,0mg,2mg,1mg,0mg,0μg,0mg,0mg,,,,,
1257,,花生牛轧糖,,,,,1807kJ,5g,12g,0mg,,75g,0g,1μg,6μg,0μg,11mg,0mg,0mg,0mg,0mg,29mg,123mg,73mg,168mg,17mg,4mg,2mg,0μg,0mg,0mg,,,,,
1258,,胶姆糖,,,,,1540kJ,0g,0g,0mg,,92g,0g,0μg,8μg,0μg,0mg,0mg,0mg,0mg,0mg,22mg,5mg,4mg,0mg,7mg,0mg,0mg,0μg,0mg,0mg,,,,,
1259,,马蹄软糖,,,,,1502kJ,0g,0g,0mg,,90g,0g,0μg,10μg,0μg,0mg,0mg,0mg,0mg,0mg,26mg,4mg,2mg,0mg,4mg,1mg,1mg,0μg,0mg,0mg,,,,,
1260,,棉花糖,,,,,1343kJ,5g,0g,0mg,,75g,0g,0μg,20μg,0μg,0mg,0mg,0mg,0mg,0mg,19mg,4mg,2mg,95mg,3mg,0mg,0mg,0μg,0mg,0mg,,,,,
1261,,奶糖,,,,,1703kJ,2g,7g,0mg,,84g,0g,1μg,6μg,0μg,0mg,0mg,0mg,1mg,0mg,50mg,26mg,75mg,222mg,20mg,3mg,0mg,1μg,0mg,0mg,,,,,
1262,,泡泡糖,,,,,1506kJ,0g,0g,0mg,,90g,0g,0μg,10μg,0μg,0mg,0mg,0mg,0mg,0mg,6mg,4mg,0mg,21mg,3mg,0mg,0mg,0μg,0mg,0mg,,,,,
1263,,巧克力,,,,,2452kJ,4g,40g,0mg,,52g,2g,1μg,1μg,0μg,2mg,0mg,0mg,1mg,0mg,111mg,114mg,254mg,112mg,56mg,2mg,1mg,1μg,0mg,1mg,,,,,
1264,,巧克力(酒芯),,,,,1674kJ,1g,12g,0mg,,72g,0g,1μg,14μg,0μg,3mg,0mg,0mg,0mg,0mg,128mg,55mg,76mg,36mg,88mg,2mg,0mg,1μg,1mg,0mg,,,,,
1265,,巧克力(维夫)[朱古力威化],,,,,2393kJ,8g,38g,0mg,,48g,1g,2μg,2μg,0μg,12mg,0mg,0mg,0mg,0mg,61mg,128mg,292mg,111mg,69mg,6mg,1mg,0μg,0mg,1mg,,,,,
1266,,山楂球,,,,,1544kJ,0g,0g,0mg,,92g,1g,0μg,7μg,0μg,0mg,0mg,0mg,1mg,0mg,58mg,10mg,88mg,160mg,20mg,2mg,0mg,0μg,0mg,0mg,,,,,
1267,,什锦糖果,,,,,1669kJ,0g,0g,0mg,,99g,0g,0μg,0μg,0μg,0mg,0mg,0mg,0mg,0mg,8mg,3mg,14mg,180mg,3mg,2mg,4mg,0μg,0mg,0mg,,,,,
1268,,水晶糖,,,,,1653kJ,0g,0g,0mg,,98g,0g,0μg,1μg,0μg,0mg,0mg,0mg,0mg,0mg,0mg,5mg,9mg,108mg,13mg,3mg,1mg,0μg,0mg,0mg,,,,,
1269,,酥糖,,,,,1824kJ,6g,14g,0mg,,72g,4g,1μg,3μg,0μg,5mg,0mg,0mg,4mg,0mg,186mg,135mg,148mg,45mg,62mg,6mg,2mg,1μg,0mg,0mg,,,,,
1270,,酸三色糖,,,,,1661kJ,0g,0g,0mg,,98g,0g,0μg,1μg,0μg,0mg,0mg,0mg,0mg,0mg,10mg,2mg,11mg,155mg,9mg,2mg,0mg,0μg,0mg,0mg,,,,,
1271,,鲜桃果汁糖,,,,,1661kJ,0g,0g,0mg,,99g,0g,1μg,0μg,32μg,0mg,0mg,0mg,2mg,0mg,14mg,3mg,20mg,172mg,11mg,2mg,0mg,1μg,0mg,0mg,,,,,
1272,,芝麻南糖,,,,,2251kJ,5g,36g,0mg,,50g,5g,1μg,4μg,0μg,4mg,0mg,0mg,2mg,0mg,0mg,167mg,148mg,34mg,127mg,10mg,10mg,1μg,1mg,1mg,,,,,
1273,,海棠脯,,,,,1197kJ,1g,0g,0mg,,70g,2g,1μg,26μg,10μg,1mg,0mg,0mg,0mg,0mg,19mg,10mg,144mg,200mg,12mg,3mg,0mg,0μg,0mg,0mg,,,,,
1274,,李广杏脯,,,,,1188kJ,3g,0g,0mg,,68g,5g,1μg,24μg,80μg,0mg,0mg,0mg,2mg,8mg,397mg,26mg,409mg,146mg,49mg,12mg,3mg,7μg,6mg,0mg,,,,,
1275,,南瓜果脯,,,,,1406kJ,1g,0g,0mg,,83g,1g,0μg,15μg,0μg,0mg,0mg,0mg,0mg,7mg,176mg,15mg,5mg,16mg,15mg,0mg,0mg,8μg,10mg,0mg,,,,,
1276,,苹果脯,,,,,1410kJ,1g,0g,0mg,,83g,2g,0μg,14μg,12μg,0mg,0mg,0mg,0mg,0mg,9mg,12mg,67mg,13mg,5mg,2mg,0mg,0μg,0mg,0mg,,,,,
1277,,青梅果脯,,,,,1289kJ,1g,1g,0mg,,74g,3g,1μg,20μg,2μg,1mg,0mg,0mg,0mg,4mg,106mg,12mg,23mg,223mg,11mg,4mg,0mg,0μg,0mg,0mg,,,,,
1278,,桃脯,,,,,1297kJ,1g,0g,0mg,,75g,2g,1μg,19μg,8μg,6mg,0mg,0mg,1mg,6mg,96mg,32mg,286mg,243mg,29mg,10mg,0mg,1μg,0mg,0mg,,,,,
1279,,西瓜脯,,,,,1284kJ,1g,0g,0mg,,76g,2g,3μg,19μg,3μg,0mg,0mg,0mg,0mg,13mg,253mg,21mg,1040mg,529mg,57mg,11mg,2mg,4μg,0mg,0mg,,,,,
1280,,杏脯,,,,,1377kJ,1g,1g,0mg,,80g,2g,1μg,15μg,157μg,1mg,0mg,0mg,1mg,6mg,68mg,22mg,266mg,213mg,12mg,5mg,1mg,2μg,0mg,0mg,,,,,
1281,,金糕,,,,,741kJ,0g,0g,0mg,,43g,1g,0μg,55μg,3μg,0mg,0mg,0mg,0mg,4mg,49mg,9mg,93mg,34mg,7mg,2mg,0mg,0μg,0mg,0mg,,,,,
1282,,金糕条[山楂条],,,,,1255kJ,1g,1g,0mg,,73g,2g,2μg,23μg,10μg,5mg,0mg,0mg,0mg,10mg,42mg,18mg,302mg,192mg,13mg,6mg,0mg,2μg,0mg,0mg,,,,,
1283,,山楂果丹皮,,,,,1343kJ,1g,1g,0mg,,77g,3g,2μg,17μg,25μg,2mg,0mg,0mg,1mg,3mg,52mg,41mg,312mg,116mg,66mg,12mg,1mg,1μg,1mg,0mg,,,,,
1284,,牛油,,,,,3494kJ,0g,92g,153mg,,2g,0g,0μg,6μg,54μg,0mg,0mg,0mg,0mg,0mg,9mg,9mg,3mg,9mg,1mg,3mg,1mg,0μg,0mg,0mg,,,,,
1285,,牛油(炼),,,,,3757kJ,0g,100g,135mg,,0g,0g,0μg,0μg,89μg,5mg,0mg,0mg,0mg,0mg,0mg,0mg,0mg,0mg,0mg,0mg,0mg,0μg,0mg,0mg,,,,,
1286,,鸭油(炼),,,,,3753kJ,0g,100g,83mg,,0g,0g,0μg,0μg,71μg,0mg,0mg,0mg,0mg,0mg,0mg,0mg,0mg,0mg,0mg,0mg,0mg,0μg,0mg,0mg,,,,,
1287,,羊油,,,,,3448kJ,0g,88g,110mg,,8g,0g,0μg,4μg,33μg,1mg,0mg,0mg,0mg,0mg,0mg,18mg,12mg,13mg,1mg,1mg,0mg,0μg,0mg,0mg,,,,,
1288,,羊油(炼),,,,,3745kJ,0g,99g,107mg,,1g,0g,0μg,0μg,0μg,0mg,0mg,0mg,0mg,0mg,0mg,0mg,0mg,0mg,0mg,0mg,0mg,0μg,0mg,0mg,,,,,
1289,,猪油(板油),,,,,3460kJ,0g,89g,110mg,,7g,0g,0μg,4μg,89μg,22mg,0mg,0mg,0mg,0mg,0mg,10mg,14mg,138mg,1mg,2mg,1mg,0μg,0mg,1mg,,,,,
1290,,猪油(炼),,,,,3753kJ,0g,100g,93mg,,0g,0g,0μg,0μg,27μg,5mg,0mg,0mg,0mg,0mg,0mg,0mg,0mg,0mg,0mg,0mg,0mg,0μg,0mg,0mg,,,,,
1291,,菜籽油[青油],,,,,3761kJ,0g,100g,0mg,,0g,0g,0μg,0μg,0μg,61mg,0mg,0mg,0mg,0mg,9mg,9mg,2mg,7mg,3mg,4mg,1mg,0μg,0mg,0mg,,,,,
1292,,茶油,,,,,3761kJ,0g,100g,0mg,,0g,0g,0μg,0μg,0μg,28mg,0mg,0mg,0mg,0mg,5mg,8mg,2mg,1mg,2mg,1mg,0mg,0μg,0mg,1mg,,,,,
1293,,大麻油,,,,,3761kJ,0g,100g,0mg,,0g,0g,0μg,0μg,0μg,9mg,0mg,0mg,0mg,0mg,15mg,6mg,3mg,2mg,4mg,3mg,0mg,0μg,0mg,0mg,,,,,
1294,,豆油,,,,,3761kJ,0g,100g,0mg,,0g,0g,0μg,0μg,0μg,93mg,0mg,0mg,0mg,0mg,13mg,7mg,3mg,5mg,3mg,2mg,1mg,0μg,0mg,0mg,,,,,
1295,,红花油,,,,,3761kJ,0g,100g,0mg,,0g,0g,0μg,0μg,0μg,0mg,0mg,0mg,0mg,0mg,0mg,0mg,0mg,0mg,0mg,0mg,0mg,0μg,0mg,0mg,,,,,
1296,,胡麻油,,,,,3766kJ,0g,100g,0mg,,0g,0g,0μg,0μg,0μg,390mg,0mg,0mg,0mg,0mg,3mg,5mg,0mg,1mg,1mg,0mg,0mg,0μg,0mg,0mg,,,,,
1297,,花生油,,,,,3761kJ,0g,100g,0mg,,0g,0g,0μg,0μg,0μg,42mg,0mg,0mg,0mg,0mg,12mg,15mg,1mg,4mg,2mg,3mg,0mg,0μg,0mg,0mg,,,,,
1299,,葵花籽油,,,,,3761kJ,0g,100g,0mg,,0g,0g,0μg,0μg,0μg,55mg,0mg,0mg,0mg,0mg,2mg,4mg,1mg,3mg,4mg,1mg,0mg,0μg,0mg,0mg,,,,,
1300,,辣椒油,,,,,3766kJ,0g,100g,0mg,,0g,0g,0μg,0μg,38μg,87mg,0mg,0mg,0mg,0mg,0mg,0mg,0mg,0mg,0mg,0mg,0mg,0μg,0mg,0mg,,,,,
1301,,麻子籽,,,,,1427kJ,22g,28g,0mg,,0g,38g,6μg,6μg,0μg,108mg,0mg,0mg,3mg,0mg,407mg,631mg,447mg,13mg,421mg,18mg,6mg,0μg,1mg,5mg,,,,,
1302,,麦芽油,,,,,3761kJ,0g,100g,0mg,,0g,0g,0μg,0μg,0μg,0mg,0mg,0mg,0mg,0mg,0mg,0mg,0mg,0mg,0mg,0mg,0mg,0μg,0mg,0mg,,,,,
1303,,棉籽油,,,,,3761kJ,0g,100g,0mg,,0g,0g,0μg,0μg,0μg,86mg,0mg,0mg,0mg,0mg,17mg,16mg,1mg,4mg,1mg,2mg,1mg,0μg,0mg,0mg,,,,,
1304,,色拉油,,,,,3757kJ,0g,100g,64mg,,0g,0g,0μg,0μg,0μg,24mg,0mg,0mg,0mg,0mg,18mg,1mg,3mg,5mg,1mg,2mg,0mg,0μg,0mg,0mg,,,,,
1305,,椰子油,,,,,3761kJ,0g,100g,0mg,,0g,0g,0μg,0μg,0μg,0mg,0mg,0mg,0mg,0mg,0mg,0mg,0mg,0mg,0mg,0mg,0mg,0μg,0mg,0mg,,,,,
1306,,玉米油,,,,,3745kJ,0g,99g,0mg,,0g,0g,0μg,0μg,0μg,51mg,0mg,0mg,0mg,0mg,1mg,18mg,2mg,1mg,3mg,1mg,0mg,0μg,0mg,0mg,,,,,
1307,,芝麻油[香油],,,,,3757kJ,0g,100g,0mg,,0g,0g,0μg,0μg,0μg,69mg,0mg,0mg,0mg,0mg,9mg,4mg,0mg,1mg,3mg,2mg,0mg,0μg,0mg,1mg,,,,,
1308,,棕榈油,,,,,3766kJ,0g,100g,0mg,,0g,0g,0μg,0μg,18μg,15mg,0mg,0mg,0mg,0mg,0mg,8mg,0mg,1mg,0mg,3mg,0mg,0μg,0mg,0mg,,,,,
1309,,橄榄油,,,,,3761kJ,0g,100g,0mg,,0g,0g,0μg,0μg,0μg,0mg,0mg,0mg,0mg,0mg,0mg,0mg,0mg,0mg,0mg,0mg,0mg,0μg,0mg,0mg,,,,,
1310,,酱油(均值),,,,,264kJ,6g,0g,0mg,,10g,0g,17μg,67μg,0μg,0mg,0mg,0mg,2mg,0mg,66mg,204mg,337mg,5757mg,156mg,9mg,1mg,1μg,0mg,1mg,,,,,
1311,,酱油(高级),,,,,297kJ,8g,0g,0mg,,9g,0g,15μg,68μg,0μg,0mg,0mg,0mg,2mg,0mg,30mg,38mg,430mg,4056mg,130mg,3mg,1mg,5μg,0mg,1mg,,,,,
1312,,酱油(一级),,,,,276kJ,8g,1g,0mg,,7g,0g,19μg,65μg,0μg,0mg,0mg,0mg,2mg,0mg,27mg,173mg,848mg,4861mg,130mg,7mg,2mg,4μg,0mg,1mg,,,,,
1313,,酱油(三级),,,,,167kJ,7g,0g,0mg,,2g,0g,16μg,74μg,0μg,0mg,0mg,0mg,0mg,0mg,14mg,19mg,200mg,1903mg,0mg,2mg,0mg,9μg,0mg,1mg,,,,,
1314,,酱油(冬菇),,,,,163kJ,4g,0g,0mg,,6g,0g,15μg,75μg,0μg,0mg,0mg,0mg,1mg,0mg,18mg,16mg,220mg,2057mg,50mg,1mg,0mg,2μg,0mg,0mg,,,,,
1315,,酱油(多味),,,,,360kJ,8g,0g,0mg,,13g,0g,21μg,58μg,0μg,0mg,0mg,0mg,2mg,0mg,79mg,227mg,602mg,4050mg,66mg,4mg,2mg,4μg,0mg,0mg,,,,,
1316,,酱油(三鲜),,,,,172kJ,3g,0g,0mg,,7g,0g,16μg,74μg,0μg,0mg,0mg,0mg,1mg,0mg,58mg,57mg,118mg,2462mg,30mg,2mg,3mg,1μg,0mg,0mg,,,,,
1317,,酱油(晒制),,,,,293kJ,9g,1g,0mg,,7g,0g,19μg,65μg,0μg,0mg,0mg,0mg,2mg,0mg,47mg,171mg,457mg,3836mg,53mg,7mg,0mg,2μg,0mg,0mg,,,,,
1318,,酱油(特母),,,,,230kJ,7g,0g,0mg,,7g,0g,15μg,71μg,0μg,0mg,0mg,0mg,0mg,0mg,33mg,20mg,509mg,4580mg,93mg,4mg,1mg,6μg,0mg,2mg,,,,,
1319,,酱油(味精),,,,,213kJ,7g,0g,0mg,,6g,0g,16μg,72μg,0μg,0mg,0mg,0mg,4mg,0mg,589mg,24mg,572mg,5843mg,106mg,4mg,1mg,4μg,0mg,1mg,,,,,
1320,,醋(均值),,,,,130kJ,2g,0g,0mg,,5g,0g,2μg,91μg,0μg,0mg,0mg,0mg,1mg,0mg,17mg,96mg,351mg,262mg,13mg,6mg,1mg,2μg,0mg,3mg,,,,,
1321,,白醋,,,,,25kJ,0g,1g,0mg,,0g,0g,1μg,99μg,0μg,0mg,0mg,0mg,0mg,0mg,26mg,0mg,12mg,226mg,5mg,2mg,0mg,0μg,0mg,0mg,,,,,
1322,,陈醋,,,,,477kJ,10g,0g,0mg,,18g,0g,6μg,66μg,0μg,1mg,0mg,0mg,7mg,0mg,125mg,124mg,715mg,836mg,132mg,14mg,4mg,1μg,1mg,8mg,,,,,
1323,,甘醋,,,,,155kJ,3g,0g,0mg,,6g,0g,2μg,88μg,0μg,0mg,0mg,0mg,1mg,0mg,42mg,269mg,187mg,460mg,98mg,10mg,2mg,2μg,0mg,4mg,,,,,
1324,,黑醋,,,,,381kJ,4g,0g,0mg,,18g,0g,4μg,73μg,0μg,0mg,0mg,0mg,6mg,0mg,45mg,262mg,286mg,350mg,94mg,0mg,1mg,2μg,0mg,0mg,,,,,
1325,,五香醋,,,,,59kJ,0g,0g,0mg,,3g,0g,1μg,96μg,0μg,0mg,0mg,0mg,1mg,0mg,105mg,32mg,116mg,185mg,0mg,5mg,0mg,1μg,0mg,0mg,,,,,
1326,,香醋,,,,,285kJ,4g,0g,0mg,,13g,0g,3μg,80μg,0μg,0mg,0mg,0mg,2mg,0mg,37mg,0mg,117mg,184mg,92mg,3mg,8mg,5μg,0mg,1mg,,,,,
1327,,熏醋,,,,,180kJ,3g,0g,0mg,,7g,0g,3μg,87μg,0μg,0mg,0mg,0mg,0mg,0mg,41mg,320mg,276mg,444mg,82mg,5mg,2mg,3μg,0mg,2mg,,,,,
1328,,豆瓣酱,,,,,745kJ,14g,7g,0mg,,16g,2g,16μg,47μg,0μg,1mg,0mg,0mg,2mg,0mg,53mg,154mg,772mg,6012mg,125mg,16mg,1mg,10μg,1mg,1mg,,,,,
1329,,豆瓣酱(辣油),,,,,770kJ,8g,6g,0mg,,25g,2g,11μg,48μg,0μg,18mg,0mg,0mg,1mg,0mg,66mg,104mg,549mg,2202mg,84mg,10mg,1mg,0μg,0mg,1mg,,,,,
1330,,豆瓣辣酱,,,,,247kJ,4g,2g,0mg,,6g,7g,17μg,64μg,417μg,14mg,0mg,0mg,2mg,0mg,207mg,37mg,234mg,1269mg,33mg,5mg,0mg,30μg,0mg,0mg,,,,,
1331,,花生酱,,,,,2485kJ,7g,53g,0mg,,22g,3g,14μg,0μg,0μg,2mg,0mg,0mg,2mg,0mg,67mg,90mg,99mg,2340mg,21mg,7mg,3mg,2μg,0mg,0mg,,,,,
1332,,黄酱[大酱],,,,,548kJ,12g,1g,0mg,,18g,3g,15μg,51μg,13μg,14mg,0mg,0mg,2mg,0mg,70mg,160mg,508mg,3606mg,48mg,7mg,1mg,12μg,0mg,1mg,,,,,
1333,,酱油膏,,,,,414kJ,13g,1g,0mg,,10g,0g,21μg,55μg,0μg,0mg,0mg,0mg,2mg,0mg,46mg,374mg,460mg,7700mg,158mg,9mg,1mg,3μg,0mg,1mg,,,,,
1334,,辣椒酱[辣椒糊],,,,,130kJ,1g,3g,0mg,,1g,3g,22μg,71μg,132μg,3mg,0mg,0mg,1mg,0mg,117mg,30mg,222mg,8028mg,91mg,4mg,0mg,1μg,0mg,0mg,,,,,
1335,,麻辣酱,,,,,565kJ,6g,5g,0mg,,16g,5g,15μg,52μg,37μg,1mg,0mg,0mg,2mg,0mg,186mg,105mg,366mg,3222mg,37mg,13mg,1mg,3μg,0mg,0mg,,,,,
1336,,牛肉辣瓣酱,,,,,531kJ,10g,6g,0mg,,8g,1g,16μg,59μg,99μg,3mg,0mg,0mg,3mg,0mg,65mg,104mg,243mg,3038mg,23mg,8mg,2mg,3μg,0mg,0mg,,,,,
1337,,蒜蓉辣酱,,,,,368kJ,5g,1g,0mg,,16g,4g,16μg,59μg,162μg,16mg,0mg,0mg,1mg,0mg,71mg,54mg,308mg,3236mg,26mg,11mg,2mg,7μg,0mg,1mg,,,,,
1338,,甜面酱,,,,,569kJ,6g,1g,0mg,,27g,1g,12μg,54μg,5μg,2mg,0mg,0mg,2mg,0mg,29mg,76mg,189mg,2097mg,26mg,4mg,1mg,6μg,0mg,1mg,,,,,
1339,,五香豆豉,,,,,1084kJ,24g,3g,0mg,,34g,6g,10μg,23μg,0μg,41mg,0mg,0mg,1mg,0mg,29mg,43mg,715mg,264mg,202mg,4mg,2mg,5μg,1mg,3mg,,,,,
1340,,香油辣酱,,,,,226kJ,2g,4g,0mg,,3g,6g,13μg,71μg,350μg,3mg,0mg,0mg,2mg,0mg,10mg,36mg,201mg,1492mg,27mg,13mg,1mg,2μg,0mg,0mg,,,,,
1341,,芝麻酱,,,,,2586kJ,19g,53g,0mg,,17g,6g,5μg,0μg,17μg,35mg,0mg,0mg,6mg,0mg,1170mg,626mg,342mg,38mg,238mg,50mg,4mg,5μg,1mg,2mg,,,,,
1342,,郫县辣酱,,,,,372kJ,4g,1g,0mg,,16g,9g,19μg,51μg,173μg,8mg,0mg,0mg,2mg,0mg,106mg,125mg,585mg,5658mg,121mg,12mg,1mg,1μg,0mg,1mg,,,,,
1343,,草莓酱,,,,,1125kJ,1g,0g,0mg,,66g,0g,0μg,32μg,0μg,0mg,0mg,0mg,0mg,1mg,44mg,8mg,52mg,9mg,4mg,2mg,0mg,1μg,0mg,0mg,,,,,
1344,,番茄酱,,,,,339kJ,5g,0g,0mg,,15g,2g,2μg,76μg,0μg,4mg,0mg,0mg,6mg,0mg,28mg,117mg,989mg,37mg,37mg,1mg,1mg,0μg,0mg,0mg,,,,,
1345,,柠檬酱,,,,,1184kJ,1g,5g,0mg,,63g,0g,0μg,30μg,0μg,0mg,0mg,0mg,0mg,0mg,9mg,15mg,11mg,65mg,2mg,0mg,1mg,0μg,0mg,0mg,,,,,
1346,,苹果酱,,,,,1159kJ,0g,0g,0mg,,69g,0g,0μg,30μg,0μg,0mg,0mg,0mg,0mg,1mg,2mg,3mg,26mg,11mg,3mg,1mg,0mg,0μg,0mg,0mg,,,,,
1347,,桃酱,,,,,1142kJ,0g,0g,0mg,,68g,0g,0μg,31μg,0μg,0mg,0mg,0mg,0mg,3mg,5mg,11mg,62mg,14mg,6mg,1mg,0mg,0μg,0mg,0mg,,,,,
1348,,杏酱,,,,,1197kJ,0g,0g,0mg,,70g,0g,0μg,28μg,5μg,0mg,0mg,0mg,0mg,1mg,6mg,4mg,113mg,5mg,5mg,0mg,0mg,0μg,0mg,0mg,,,,,
1349,,腐乳(白)[酱豆腐],,,,,556kJ,11g,8g,0mg,,4g,1g,8μg,68μg,22μg,8mg,0mg,0mg,1mg,0mg,61mg,74mg,84mg,2460mg,75mg,4mg,1mg,2μg,0mg,1mg,,,,,
1350,,腐乳(臭)[臭豆腐],,,,,544kJ,12g,8g,0mg,,3g,1g,10μg,66μg,20μg,9mg,0mg,0mg,1mg,0mg,75mg,126mg,96mg,2012mg,90mg,7mg,1mg,0μg,0mg,1mg,,,,,
1351,,腐乳(红)[酱豆腐],,,,,632kJ,12g,8g,0mg,,8g,1g,10μg,61μg,15μg,7mg,0mg,0mg,0mg,0mg,87mg,171mg,81mg,3091mg,78mg,12mg,2mg,7μg,0mg,1mg,,,,,
1352,,桂林腐乳,,,,,854kJ,7g,11g,0mg,,18g,1g,2μg,60μg,22μg,13mg,0mg,0mg,0mg,0mg,302mg,75mg,283mg,3000mg,81mg,10mg,3mg,1μg,1mg,1mg,,,,,
1353,,糟豆腐乳[糟乳],,,,,653kJ,12g,7g,0mg,,11g,1g,12μg,58μg,0μg,9mg,0mg,0mg,0mg,0mg,62mg,320mg,282mg,7410mg,111mg,22mg,3mg,0μg,0mg,2mg,,,,,
1354,,八宝菜,,,,,301kJ,5g,1g,0mg,,10g,3g,8μg,72μg,0μg,1mg,0mg,0mg,0mg,0mg,110mg,77mg,109mg,2843mg,38mg,5mg,1mg,2μg,0mg,0mg,,,,,
1355,,冬菜,,,,,192kJ,4g,0g,0mg,,7g,3g,18μg,68μg,12μg,0mg,0mg,0mg,1mg,0mg,135mg,81mg,443mg,7229mg,0mg,11mg,1mg,2μg,0mg,1mg,,,,,
1356,,狗芽菜,,,,,96kJ,1g,0g,0mg,,4g,2g,11μg,81μg,0μg,0mg,0mg,0mg,0mg,0mg,125mg,15mg,341mg,2777mg,29mg,4mg,0mg,0μg,0mg,0mg,,,,,
1357,,桂花大头菜[佛手疙瘩],,,,,213kJ,3g,0g,0mg,,9g,2g,21μg,65μg,0μg,0mg,0mg,0mg,1mg,0mg,257mg,44mg,170mg,6061mg,77mg,8mg,1mg,2μg,0mg,1mg,,,,,
1358,,合锦菜,,,,,314kJ,6g,0g,0mg,,13g,4g,9μg,68μg,3μg,1mg,0mg,0mg,2mg,0mg,102mg,85mg,129mg,3077mg,40mg,3mg,1mg,2μg,0mg,0mg,,,,,
1359,,姜(糟),,,,,113kJ,2g,1g,0mg,,3g,1g,25μg,68μg,0μg,0mg,0mg,0mg,1mg,0mg,39mg,2mg,387mg,9686mg,125mg,4mg,0mg,2μg,0mg,3mg,,,,,
1360,,酱包瓜,,,,,448kJ,5g,0g,0mg,,22g,3g,11μg,59μg,0μg,2mg,0mg,0mg,1mg,0mg,15mg,60mg,136mg,2523mg,55mg,4mg,0mg,3μg,0mg,1mg,,,,,
1361,,酱大头菜,,,,,151kJ,2g,0g,0mg,,6g,2g,14μg,75μg,0μg,0mg,0mg,0mg,1mg,5mg,77mg,41mg,268mg,4624mg,57mg,7mg,1mg,1μg,0mg,1mg,,,,,
1362,,酱甘露[地蚕，甘露子],,,,,155kJ,2g,0g,0mg,,6g,2g,14μg,76μg,0μg,1mg,0mg,0mg,1mg,5mg,54mg,52mg,260mg,2839mg,59mg,6mg,1mg,2μg,0mg,1mg,,,,,
1363,,酱黄瓜,,,,,100kJ,3g,0g,0mg,,2g,1g,17μg,76μg,30μg,0mg,0mg,0mg,1mg,0mg,52mg,73mg,299mg,3770mg,17mg,4mg,1mg,2μg,0mg,1mg,,,,,
1364,,酱萝卜,,,,,126kJ,4g,0g,0mg,,3g,1g,16μg,76μg,0μg,0mg,0mg,0mg,1mg,0mg,102mg,60mg,373mg,6881mg,38mg,4mg,1mg,2μg,0mg,1mg,,,,,
1365,,酱蘑菇,,,,,506kJ,5g,0g,0mg,,24g,1g,10μg,59μg,0μg,2mg,0mg,0mg,2mg,0mg,30mg,18mg,250mg,400mg,52mg,2mg,1mg,0μg,0mg,1mg,,,,,
1366,,酱苤蓝丝,,,,,163kJ,6g,0g,0mg,,4g,2g,15μg,73μg,0μg,0mg,0mg,0mg,1mg,0mg,38mg,120mg,147mg,4981mg,52mg,3mg,1mg,2μg,0mg,1mg,,,,,
1367,,酱莴笋,,,,,96kJ,2g,0g,0mg,,3g,1g,10μg,83μg,0μg,0mg,0mg,0mg,1mg,0mg,28mg,32mg,302mg,4665mg,41mg,3mg,0mg,1μg,0mg,0mg,,,,,
1368,,芥菜干,,,,,590kJ,13g,1g,0mg,,20g,27g,14μg,25μg,150μg,0mg,0mg,0mg,1mg,0mg,1542mg,100mg,883mg,3333mg,263mg,39mg,2mg,2μg,0mg,9mg,,,,,
1369,,金钱萝卜,,,,,172kJ,2g,0g,0mg,,8g,2g,14μg,74μg,43μg,1mg,0mg,0mg,0mg,0mg,158mg,33mg,365mg,3232mg,29mg,9mg,1mg,0μg,0mg,0mg,,,,,
1370,,辣萝卜条,,,,,155kJ,1g,0g,0mg,,7g,2g,12μg,78μg,17μg,0mg,0mg,0mg,0mg,0mg,118mg,34mg,150mg,2651mg,23mg,3mg,0mg,1μg,0mg,0mg,,,,,
1371,,萝卜干,,,,,251kJ,3g,0g,0mg,,11g,3g,14μg,68μg,0μg,0mg,0mg,0mg,1mg,17mg,53mg,65mg,508mg,4203mg,44mg,3mg,1mg,0μg,0mg,1mg,,,,,
1372,,乳黄瓜[嫩黄瓜],,,,,134kJ,2g,0g,0mg,,6g,2g,9μg,81μg,0μg,0mg,0mg,0mg,0mg,7mg,44mg,21mg,220mg,3087mg,33mg,3mg,1mg,2μg,0mg,0mg,,,,,
1373,,什锦菜,,,,,146kJ,3g,0g,0mg,,5g,2g,12μg,79μg,0μg,0mg,0mg,0mg,0mg,0mg,21mg,62mg,399mg,4093mg,23mg,4mg,1mg,0μg,0mg,1mg,,,,,
1374,,酸芥菜,,,,,71kJ,1g,0g,0mg,,3g,2g,4μg,90μg,0μg,1mg,0mg,0mg,1mg,0mg,51mg,22mg,126mg,1164mg,25mg,1mg,1mg,2μg,0mg,0mg,,,,,
1375,,蒜头(酱),,,,,435kJ,4g,0g,0mg,,21g,3g,4μg,67μg,0μg,0mg,0mg,0mg,0mg,0mg,6mg,73mg,450mg,3503mg,24mg,4mg,1mg,0μg,0mg,0mg,,,,,
1376,,蒜头(甜)[糖蒜],,,,,477kJ,2g,0g,0mg,,26g,2g,4μg,66μg,0μg,1mg,0mg,0mg,0mg,0mg,38mg,44mg,174mg,692mg,13mg,1mg,0mg,1μg,0mg,0mg,,,,,
1377,,甜辣黄瓜,,,,,414kJ,3g,0g,0mg,,22g,1g,12μg,63μg,0μg,0mg,0mg,0mg,0mg,0mg,96mg,53mg,157mg,0mg,27mg,4mg,0mg,1μg,0mg,0mg,,,,,
1378,,甜酸皎头,,,,,406kJ,0g,0g,0mg,,23g,0g,2μg,74μg,0μg,0mg,0mg,0mg,0mg,0mg,68mg,6mg,55mg,809mg,7mg,4mg,0mg,1μg,0mg,0mg,,,,,
1379,,五香大头菜,,,,,201kJ,5g,0g,0mg,,7g,4g,12μg,72μg,10μg,0mg,0mg,0mg,0mg,0mg,0mg,0mg,0mg,0mg,0mg,0mg,0mg,0μg,0mg,0mg,,,,,
1380,,咸沙葱[蒙古韭],,,,,105kJ,2g,1g,0mg,,2g,2g,5μg,88μg,0μg,0mg,0mg,0mg,0mg,0mg,457mg,10mg,604mg,1712mg,98mg,0mg,1mg,4μg,0mg,1mg,,,,,
1381,,洋姜(腌)[菊芋，鬼子姜],,,,,142kJ,3g,0g,0mg,,6g,1g,17μg,74μg,0μg,0mg,0mg,0mg,1mg,0mg,244mg,69mg,340mg,5443mg,60mg,7mg,1mg,2μg,0mg,1mg,,,,,
1382,,榨菜,,,,,121kJ,2g,0g,0mg,,4g,2g,16μg,75μg,82μg,0mg,0mg,0mg,0mg,2mg,155mg,41mg,363mg,4253mg,54mg,4mg,1mg,2μg,0mg,0mg,,,,,
1383,,蕨菜(腌),,,,,92kJ,2g,0g,0mg,,2g,2g,3μg,90μg,53μg,0mg,0mg,0mg,2mg,0mg,115mg,33mg,13mg,991mg,9mg,4mg,2mg,9μg,6mg,0mg,,,,,
1384,,腌芥菜头[水芥，水疙瘩],,,,,163kJ,3g,0g,0mg,,7g,3g,17μg,70μg,0μg,0mg,0mg,0mg,1mg,0mg,87mg,41mg,284mg,7251mg,17mg,3mg,0mg,2μg,0mg,0mg,,,,,
1385,,腌芥菜头(煮)[煮芥，煮疙瘩],,,,,109kJ,2g,0g,0mg,,4g,2g,21μg,71μg,2μg,0mg,0mg,0mg,1mg,0mg,174mg,45mg,297mg,6834mg,46mg,6mg,1mg,2μg,0mg,0mg,,,,,
1386,,腌韭菜花,,,,,63kJ,1g,0g,0mg,,2g,1g,17μg,79μg,28μg,0mg,0mg,0mg,1mg,0mg,76mg,31mg,94mg,5184mg,22mg,5mg,0mg,3μg,0mg,0mg,,,,,
1387,,腌龙须菜,,,,,280kJ,1g,0g,0mg,,15g,2g,14μg,68μg,0μg,1mg,0mg,0mg,0mg,0mg,8mg,70mg,1237mg,1103mg,192mg,6mg,1mg,2μg,0mg,0mg,,,,,
1388,,腌雪里红,,,,,105kJ,2g,0g,0mg,,3g,2g,15μg,77μg,8μg,0mg,0mg,0mg,1mg,4mg,294mg,36mg,369mg,3304mg,40mg,6mg,1mg,1μg,1mg,0mg,,,,,
1389,,八角[大料，大茴香],,,,,816kJ,4g,6g,0mg,,32g,43g,3μg,12μg,7μg,1mg,0mg,0mg,1mg,0mg,41mg,64mg,202mg,15mg,68mg,6mg,1mg,3μg,1mg,7mg,,,,,
1390,,胡椒粉,,,,,1494kJ,10g,2g,0mg,,75g,2g,1μg,10μg,10μg,0mg,0mg,0mg,2mg,0mg,2mg,172mg,154mg,5mg,128mg,9mg,1mg,8μg,0mg,1mg,,,,,
1391,,花椒,,,,,1079kJ,7g,9g,0mg,,38g,29g,7μg,11μg,23μg,2mg,0mg,0mg,2mg,0mg,639mg,69mg,204mg,47mg,111mg,8mg,2mg,2μg,1mg,3mg,,,,,
1392,,黄毛籽,,,,,979kJ,21g,16g,0mg,,2g,48g,5μg,8μg,0μg,0mg,0mg,0mg,0mg,0mg,868mg,539mg,604mg,43mg,323mg,16mg,3mg,20μg,1mg,3mg,,,,,
1393,,芥茉,,,,,1992kJ,24g,30g,0mg,,28g,7g,4μg,7μg,32μg,10mg,0mg,0mg,5mg,0mg,656mg,530mg,366mg,8mg,321mg,17mg,4mg,69μg,1mg,3mg,,,,,
1394,,苦豆子,,,,,887kJ,5g,2g,0mg,,43g,29g,7μg,14μg,0μg,55mg,0mg,1mg,2mg,0mg,332mg,97mg,26mg,28mg,44mg,4mg,1mg,14μg,0mg,1mg,,,,,
1395,,辣椒粉,,,,,849kJ,15g,10g,0mg,,14g,44g,8μg,9μg,3123μg,15mg,0mg,1mg,8mg,0mg,146mg,374mg,1358mg,100mg,223mg,21mg,2mg,8μg,1mg,1mg,,,,,
1396,,全料蒸肉粉,,,,,1431kJ,9g,1g,0mg,,74g,0g,8μg,8μg,0μg,0mg,0mg,0mg,1mg,0mg,52mg,125mg,140mg,1679mg,31mg,6mg,2mg,61μg,0mg,0mg,,,,,
1397,,五香粉,,,,,1456kJ,1g,8g,0mg,,68g,5g,5μg,12μg,0μg,10mg,0mg,0mg,2mg,0mg,181mg,66mg,1138mg,27mg,88mg,34mg,3mg,6μg,1mg,0mg,,,,,
1398,,茴香籽[小茴香籽],,,,,1050kJ,14g,12g,0mg,,22g,34g,9μg,9μg,53μg,1mg,0mg,0mg,7mg,0mg,751mg,336mg,1104mg,80mg,336mg,1mg,3mg,2μg,2mg,3mg,,,,,
1399,,湖盐[青盐],,,,,46kJ,0g,0g,0mg,,3g,0g,96μg,1μg,0μg,0mg,0mg,0mg,0mg,0mg,552mg,0mg,192mg,92768mg,463mg,25mg,1mg,0μg,0mg,1mg,,,,,
1400,,精盐,,,,,0kJ,0g,0g,0mg,,0g,0g,100μg,0μg,0μg,0mg,0mg,0mg,0mg,0mg,22mg,0mg,14mg,39311mg,2mg,1mg,0mg,1μg,0mg,0mg,,,,,
1401,,土盐,,,,,0kJ,0g,0g,0mg,,0g,0g,100μg,0μg,0μg,0mg,0mg,0mg,0mg,0mg,49mg,11mg,30mg,39000mg,248mg,3mg,0mg,4μg,0mg,0mg,,,,,
1402,,味精,,,,,1121kJ,40g,0g,0mg,,26g,0g,33μg,0μg,0μg,0mg,0mg,0mg,0mg,0mg,100mg,4mg,4mg,8160mg,7mg,1mg,0mg,1μg,0mg,1mg,,,,,
1403,,酵母(鲜),,,,,444kJ,3g,0g,0mg,,24g,0g,2μg,72μg,0μg,251mg,0mg,1mg,4mg,0mg,9mg,409mg,448mg,14mg,54mg,7mg,3mg,3μg,20mg,1mg,,,,,
1404,,酵母(干),,,,,1490kJ,48g,2g,0mg,,38g,8g,1μg,4μg,0μg,0mg,7mg,3mg,45mg,0mg,106mg,1893mg,0mg,0mg,0mg,18mg,0mg,0μg,0mg,0mg,,,,,
1405,,白芷,,,,,1356kJ,9g,2g,0mg,,69g,5g,4μg,12μg,0μg,2mg,0mg,1mg,1mg,1mg,3mg,118mg,100mg,27mg,19mg,4mg,1mg,3μg,1mg,1mg,,,,,
1406,,薄荷(干),,,,,870kJ,7g,4g,0mg,,36g,31g,12μg,10μg,0μg,5mg,0mg,0mg,0mg,0mg,0mg,22mg,135mg,18mg,0mg,4mg,2mg,0μg,2mg,5mg,,,,,
1407,,薄荷(鲜),,,,,100kJ,4g,0g,0mg,,2g,5g,0μg,83μg,213μg,0mg,0mg,0mg,0mg,6mg,341mg,99mg,677mg,4mg,133mg,4mg,1mg,0μg,1mg,1mg,,,,,
1408,,北五味子叶(鲜)[五味子，秤砣子],,,,,293kJ,4g,0g,0mg,,13g,2g,2μg,79μg,847μg,0mg,0mg,0mg,2mg,23mg,363mg,22mg,0mg,0mg,0mg,7mg,0mg,0μg,0mg,0mg,,,,,
1409,,车前(鲜),,,,,0kJ,0g,0g,0mg,,0g,0g,0μg,84μg,1028μg,0mg,0mg,0mg,0mg,36mg,370mg,49mg,455mg,2mg,30mg,7mg,1mg,0μg,1mg,0mg,,,,,
1410,,车前子(鲜)[车轮菜],,,,,280kJ,4g,1g,0mg,,10g,3g,2μg,79μg,975μg,0mg,0mg,0mg,0mg,23mg,309mg,175mg,0mg,0mg,0mg,25mg,0mg,0μg,0mg,0mg,,,,,
1411,,陈皮,,,,,1163kJ,8g,1g,0mg,,58g,21g,3μg,8μg,68μg,7mg,0mg,0mg,2mg,7mg,82mg,85mg,186mg,21mg,113mg,9mg,1mg,4μg,1mg,1mg,,,,,
1412,,丁香,,,,,1502kJ,0g,17g,0mg,,51g,17g,6μg,9μg,0μg,4mg,0mg,0mg,0mg,0mg,137mg,10mg,47mg,122mg,0mg,0mg,1mg,13μg,1mg,0mg,,,,,
1413,,防风(根，鲜),,,,,0kJ,0g,0g,0mg,,0g,4g,0μg,84μg,12μg,0mg,0mg,0mg,0mg,13mg,64mg,106mg,616mg,4mg,69mg,4mg,1mg,0μg,1mg,0mg,,,,,
1414,,防风(叶，鲜),,,,,0kJ,0g,0g,0mg,,0g,4g,0μg,87μg,363μg,0mg,0mg,0mg,0mg,4mg,160mg,96mg,888mg,1mg,80mg,5mg,0mg,0μg,1mg,1mg,,,,,
1415,,甘草,,,,,849kJ,5g,4g,0mg,,36g,39g,6μg,10μg,0μg,2mg,0mg,0mg,1mg,1mg,832mg,38mg,28mg,155mg,337mg,21mg,6mg,5μg,1mg,2mg,,,,,
1416,,高良姜,,,,,707kJ,11g,6g,0mg,,19g,43g,9μg,13μg,0μg,4mg,0mg,0mg,0mg,0mg,75mg,8mg,87mg,8mg,0mg,0mg,5mg,13μg,1mg,36mg,,,,,
1417,,红花,,,,,920kJ,5g,5g,0mg,,39g,24g,15μg,12μg,123μg,3mg,0mg,0mg,4mg,0mg,312mg,101mg,54mg,36mg,178mg,29mg,5mg,12μg,2mg,3mg,,,,,
1418,,虎杖(鲜),,,,,0kJ,0g,0g,0mg,,0g,2g,0μg,94μg,0μg,0mg,0mg,0mg,0mg,1mg,17mg,32mg,204mg,0mg,13mg,0mg,0mg,0μg,0mg,1mg,,,,,
1419,,菊花[怀菊花],,,,,1013kJ,6g,3g,0mg,,47g,16g,8μg,19μg,0μg,2mg,0mg,1mg,9mg,1mg,234mg,88mg,132mg,20mg,256mg,78mg,2mg,11μg,1mg,3mg,,,,,
1420,,决明(鲜),,,,,0kJ,0g,0g,0mg,,0g,0g,0μg,82μg,725μg,0mg,0mg,0mg,0mg,264mg,317mg,54mg,320mg,0mg,44mg,3mg,1mg,0μg,0mg,1mg,,,,,
1421,,莱菔子,,,,,1473kJ,19g,30g,0mg,,2g,36g,5μg,9μg,0μg,13mg,0mg,0mg,0mg,0mg,48mg,8mg,8mg,4mg,0mg,6mg,2mg,5μg,1mg,2mg,,,,,
1422,,罗汉果,,,,,707kJ,13g,1g,0mg,,27g,39g,3μg,17μg,0μg,0mg,0mg,0mg,10mg,5mg,40mg,180mg,134mg,11mg,12mg,3mg,1mg,2μg,0mg,2mg,,,,,
1423,,木榧[园榧],,,,,2255kJ,12g,42g,0mg,,28g,11g,4μg,3μg,0μg,44mg,0mg,0mg,1mg,0mg,11mg,180mg,280mg,5mg,212mg,4mg,4mg,4μg,2mg,1mg,,,,,
1424,,肉豆蔻,,,,,1946kJ,8g,35g,0mg,,29g,14g,2μg,11μg,0μg,6mg,0mg,0mg,0mg,0mg,42mg,26mg,61mg,26mg,0mg,1mg,2mg,0μg,1mg,1mg,,,,,
1425,,肉桂,,,,,833kJ,12g,3g,0mg,,32g,40g,3μg,12μg,0μg,8mg,0mg,0mg,0mg,0mg,88mg,1mg,167mg,1mg,0mg,0mg,0mg,1μg,1mg,11mg,,,,,
1426,,砂仁,,,,,870kJ,8g,2g,0mg,,40g,29g,8μg,13μg,30μg,0mg,0mg,0mg,3mg,0mg,80mg,67mg,46mg,22mg,232mg,1mg,6mg,4μg,1mg,23mg,,,,,
1427,,桃仁,,,,,1795kJ,0g,38g,0mg,,22g,29g,3μg,8μg,0μg,0mg,0mg,0mg,0mg,0mg,0mg,63mg,0mg,0mg,0mg,0mg,0mg,0μg,0mg,0mg,,,,,
1428,,乌梅,,,,,916kJ,7g,2g,0mg,,43g,34g,3μg,12μg,0μg,7mg,0mg,1mg,2mg,4mg,33mg,16mg,161mg,19mg,137mg,0mg,8mg,2μg,1mg,0mg,,,,,
1429,,郁李仁,,,,,2025kJ,25g,43g,0mg,,0g,24g,4μg,5μg,0μg,29mg,0mg,1mg,0mg,0mg,111mg,32mg,53mg,5mg,0mg,0mg,3mg,1μg,0mg,1mg,,,,,
1430,,枣仁,,,,,1536kJ,1g,24g,0mg,,37g,24g,4μg,11μg,0μg,18mg,0mg,0mg,0mg,0mg,81mg,52mg,31mg,12mg,0mg,1mg,5mg,1μg,1mg,2mg,,,,,
1431,,紫苏,,,,,728kJ,0g,12g,0mg,,16g,61g,5μg,6μg,0μg,8mg,0mg,0mg,0mg,0mg,78mg,68mg,65mg,363mg,0mg,3mg,3mg,1μg,2mg,2mg,,,,,
1432,,紫苏(鲜)[赤苏，白苏],,,,,213kJ,4g,1g,0mg,,6g,4g,1μg,84μg,1232μg,0mg,0mg,0mg,1mg,24mg,311mg,73mg,435mg,3mg,283mg,8mg,1mg,0μg,0mg,1mg,,,,,
1433,,茯苓,,,,,67kJ,1g,0g,0mg,,2g,81g,1μg,14μg,0μg,0mg,0mg,0mg,0mg,0mg,2mg,32mg,58mg,1mg,8mg,9mg,0mg,5μg,0mg,1mg,,,,,
1434,,藿香,,,,,791kJ,10g,5g,0mg,,26g,38g,9μg,13μg,0μg,0mg,0mg,1mg,4mg,1mg,436mg,183mg,47mg,46mg,264mg,7mg,2mg,1μg,2mg,39mg,,,,,
1435,,藿香(鲜),,,,,0kJ,0g,0g,0mg,,0g,6g,0μg,80μg,607μg,0mg,0mg,0mg,0mg,10mg,275mg,75mg,508mg,0mg,198mg,8mg,1mg,0μg,1mg,1mg,,,,,
1436,,藿香叶(鲜)[兜娄婆香],,,,,372kJ,9g,2g,0mg,,10g,4g,4μg,72μg,1063μg,0mg,0mg,0mg,1mg,23mg,580mg,104mg,0mg,0mg,0mg,28mg,0mg,0μg,0mg,0mg,,,,,
1437,,枸杞子,,,,,1079kJ,14g,2g,0mg,,47g,17g,4μg,17μg,1625μg,2mg,0mg,0mg,4mg,48mg,60mg,209mg,434mg,252mg,96mg,5mg,1mg,13μg,1mg,1mg,,,,,
1438,,甲鱼[鳖],,,,,494kJ,18g,4g,101mg,,2g,0g,1μg,75μg,139μg,2mg,0mg,0mg,3mg,0mg,70mg,114mg,196mg,97mg,15mg,3mg,2mg,15μg,0mg,0mg,,,,,
1439,,田鸡[青蛙],,,,,389kJ,20g,1g,40mg,,0g,0g,1μg,79μg,7μg,1mg,0mg,0mg,9mg,0mg,127mg,200mg,280mg,12mg,20mg,2mg,1mg,16μg,0mg,0mg,,,,,
1440,,田鸡腿[青蛙腿],,,,,331kJ,12g,1g,84mg,,5g,0g,0μg,82μg,0μg,1mg,0mg,0mg,7mg,0mg,121mg,7mg,92mg,215mg,13mg,2mg,1mg,7μg,0mg,0mg,,,,,
1441,,中国鲎[水鳖子],,,,,264kJ,10g,2g,160mg,,2g,0g,2μg,84μg,4μg,2mg,0mg,0mg,2mg,0mg,38mg,114mg,125mg,396mg,70mg,2mg,6mg,114μg,0mg,0mg,,,,,
1442,,蛇(均值),,,,,356kJ,15g,0g,0mg,,5g,0g,1μg,78μg,18μg,0mg,0mg,0mg,5mg,0mg,29mg,82mg,248mg,91mg,25mg,3mg,3mg,13μg,0mg,0mg,,,,,
1443,,饭铲头蛇,,,,,368kJ,15g,0g,80mg,,6g,0g,1μg,77μg,0μg,1mg,0mg,0mg,6mg,0mg,13mg,116mg,202mg,105mg,18mg,8mg,4mg,12μg,0mg,0mg,,,,,
1444,,过树榕蛇,,,,,314kJ,14g,0g,57mg,,4g,0g,1μg,81μg,0μg,0mg,0mg,0mg,7mg,0mg,16mg,100mg,284mg,91mg,17mg,1mg,1mg,7μg,0mg,0mg,,,,,
1445,,锦蛇,,,,,393kJ,20g,1g,90mg,,2g,0g,1μg,76μg,4μg,0mg,0mg,0mg,1mg,0mg,18mg,10mg,357mg,68mg,52mg,2mg,4mg,11μg,0mg,0mg,,,,,
1446,,三索线蛇,,,,,318kJ,12g,0g,50mg,,7g,0g,1μg,80μg,0μg,1mg,0mg,0mg,4mg,0mg,41mg,94mg,210mg,104mg,20mg,2mg,5mg,3μg,0mg,0mg,,,,,
1447,,水蛇,,,,,377kJ,14g,1g,80mg,,6g,0g,1μg,78μg,32μg,1mg,0mg,0mg,9mg,0mg,57mg,92mg,189mg,86mg,16mg,2mg,3mg,32μg,0mg,0mg,,,,,
1448,,蚕蛹,,,,,962kJ,22g,13g,155mg,,7g,0g,1μg,58μg,0μg,10mg,0mg,2mg,2mg,0mg,81mg,207mg,272mg,140mg,103mg,3mg,6mg,11μg,1mg,1mg,,,,,
1449,,冬虫夏草[虫草],,,,,1222kJ,21g,5g,0mg,,42g,20g,6μg,6μg,0μg,0mg,0mg,1mg,3mg,2mg,197mg,95mg,595mg,264mg,84mg,66mg,5mg,1μg,2mg,1mg,,,,,
1450,,蝎子,,,,,741kJ,26g,5g,207mg,,8g,0g,13μg,48μg,0μg,8mg,0mg,1mg,2mg,0mg,120mg,241mg,150mg,116mg,36mg,31mg,27mg,6μg,14mg,2mg,,,,,
